made_on,asset,aclass,close,p_up,direction,horizon_td,resolved,resolve_date,realized_ret,correct,edge_ok,drivers,p_rel
2026-08-05,USDTRY,fx,47.571998596191406,0.8872591308850377,up,5,1,2026-08-13,0.0041283588298273,1.0,,,
2026-08-04,SPY,stock,771.3300170898438,0.5995453194969724,up,5,1,2026-08-11,-0.0009987996393373,0.0,,,
2026-08-04,TSLA,stock,327.3500061035156,0.590759943447039,up,5,1,2026-08-11,0.0165417957044774,1.0,,,
2026-08-04,META,stock,587.9400024414062,0.5461844567119758,up,5,1,2026-08-11,0.0188369977628801,1.0,,,
2026-07-27,NATGAS,commodity,2.63,0.5455411251282128,up,5,1,2026-08-03,0.0662006371559813,1.0,,,
2026-08-04,QQQ,stock,723.8499755859375,0.5424862919247601,up,5,1,2026-08-11,-0.0074880242059803,0.0,,,
2026-08-04,NVDA,stock,211.94000244140625,0.5416972479811224,up,5,1,2026-08-11,0.0258956232627215,1.0,,,
2026-08-04,AAPL,stock,309.3800048828125,0.5320640090003281,up,5,1,2026-08-11,-0.0145536474856836,0.0,,,
2026-08-05,XRP,crypto,1.0632,0.5131065040470564,up,5,1,2026-08-10,-0.0316273435093877,0.0,,,
2026-07-31,EURUSD,fx,0.8681,0.5125812803117239,up,5,1,2026-08-07,-0.0034618082114336,0.0,,,
2026-07-31,USDCHF,fx,0.8081,0.5072923944006505,up,5,1,2026-08-07,-0.0003713101100895,0.0,,,
2026-08-05,XAUUSD,commodity,4251.2998046875,0.5068514629068558,up,5,1,2026-08-12,0.0480585354498284,1.0,,,
2026-07-31,USDJPY,fx,159.16,0.4901624431657369,down,5,1,2026-08-07,-0.0102305912835496,1.0,,,
2026-08-05,BTC,crypto,64285.54,0.4853709397385946,down,5,1,2026-08-10,0.0098934142276595,0.0,,,
2026-07-31,AUDUSD,fx,1.4233,0.4840312667545842,down,5,1,2026-08-07,-0.0054246496052713,1.0,,,
2026-08-04,AVGO,stock,418.1600036621094,0.4810205175330839,down,5,1,2026-08-11,-0.0049866259695263,1.0,,,
2026-07-31,GBPUSD,fx,0.7424,0.4796120811761851,down,5,1,2026-08-07,-0.0020225180493794,1.0,,,
2026-08-05,SOL,crypto,74.02,0.4774350348970153,down,5,1,2026-08-10,0.0321707924140624,0.0,,,
2026-08-04,MSFT,stock,492.80999755859375,0.4767105423472769,down,5,1,2026-08-11,0.0220755087549514,0.0,,,
2026-08-04,GOOGL,stock,377.6499938964844,0.475133658452085,down,5,1,2026-08-11,-0.0939077671550763,1.0,,,
2026-08-05,ETH,crypto,1875.63,0.4668927731438139,down,5,1,2026-08-10,0.0198117222381219,0.0,,,
2026-08-04,AMZN,stock,277.4200134277344,0.4612542321801646,down,5,1,2026-08-11,-0.0187384710816665,1.0,,,
2026-07-27,WTI,commodity,84.25,0.4602442142463001,down,5,1,2026-08-03,-0.0275572458617721,1.0,,,
2026-07-27,BRENT,commodity,91.82,0.4484947333581395,down,5,1,2026-08-03,-0.0323179963012169,1.0,,,
2026-07-31,USDCNY,fx,6.7509,0.372181833011587,down,5,1,2026-08-07,-0.0005185838332882,1.0,,,
2026-08-06,USDTRY,fx,47.58729934692383,0.8892837585642895,up,5,1,2026-08-14,0.0060692939464834,1.0,,,
2026-08-03,QQQ,stock,700.0700073242188,0.6453967180231518,up,5,1,2026-08-10,0.0292784686169025,1.0,,,
2026-08-03,TSLA,stock,322.0799865722656,0.6249453573211324,up,5,1,2026-08-10,0.0269558664362588,1.0,,,
2026-08-03,AAPL,stock,303.4200134277344,0.6202975583495308,up,5,1,2026-08-10,0.0158255858238475,1.0,,,
2026-08-05,SPY,stock,769.7899780273438,0.5835797367580277,up,5,1,2026-08-12,0.0035013292280911,1.0,,,
2026-08-05,META,stock,588.77001953125,0.5587452342579445,up,5,1,2026-08-12,-0.0169923137277305,0.0,,,
2026-08-05,GOOGL,stock,362.4299926757813,0.5545296196158487,up,5,1,2026-08-12,-0.0535277539089096,0.0,,,
2026-08-05,AVGO,stock,418.2799987792969,0.5374462035923271,up,5,1,2026-08-12,-0.0053456458058606,0.0,,,
2026-08-05,MSFT,stock,487.4599914550781,0.5292786447468261,up,5,1,2026-08-12,0.0101440853971401,1.0,,,
2026-08-03,NATGAS,commodity,2.81,0.5184956590652503,up,5,1,2026-08-10,-0.0325526030377483,0.0,,,
2026-08-05,NVDA,stock,219.22000122070312,0.5110434359902664,up,5,1,2026-08-12,0.0219719431769522,1.0,,,
2026-08-05,AMZN,stock,272.6499938964844,0.5024289319185464,up,5,1,2026-08-12,-0.0198921055048015,0.0,,,
2026-08-06,XAUUSD,commodity,4314.2001953125,0.5016850111360432,up,5,1,2026-08-13,0.031374136721254,1.0,,,
2026-08-03,WTI,commodity,81.96,0.4962687698507196,down,5,1,2026-08-10,0.0217242431915824,0.0,,,
2026-08-03,BRENT,commodity,88.9,0.4959278574224093,down,5,1,2026-08-10,0.0422877364434557,0.0,,,
2026-08-06,XRP,crypto,1.049,0.4944923975419425,down,5,1,2026-08-11,-0.0354148094156029,1.0,,,
2026-08-06,BTC,crypto,64810.55,0.4939269797395687,down,5,1,2026-08-11,-0.0120420254973271,1.0,,,
2026-08-06,ETH,crypto,1909.61,0.4680345660407811,down,5,1,2026-08-11,-0.0177518516673258,1.0,,,
2026-08-06,SOL,crypto,74.06,0.4620028730122919,down,5,1,2026-08-11,0.027435466942482,0.0,,,
2026-08-05,TSLA,stock,321.54998779296875,0.6324663345294554,up,5,1,2026-08-12,0.0183656041602967,1.0,,,
2026-08-05,QQQ,stock,717.2999877929688,0.6233067497483541,up,5,1,2026-08-12,0.0088828126252507,1.0,,,
2026-08-05,AAPL,stock,311.0,0.5976926463868398,up,5,1,2026-08-12,-0.028538422684332,0.0,,,
2026-08-06,QQQ,stock,714.6500244140625,0.5945901519711256,up,5,1,2026-08-13,0.0240832012919248,1.0,,,
2026-08-06,SPY,stock,768.5599975585938,0.5892462901140434,up,5,1,2026-08-13,0.0120536459888734,1.0,,,
2026-08-06,TSLA,stock,319.5299987792969,0.5707720730729771,up,5,1,2026-08-13,0.0619767761924692,1.0,,,
2026-08-06,NVDA,stock,218.9900054931641,0.544557096473793,up,5,1,2026-08-13,0.0284067692259213,1.0,,,
2026-08-06,MSFT,stock,499.8599853515625,0.5345856499209,up,5,1,2026-08-13,-0.0059794718317994,0.0,,,
2026-08-05,XU100,stock,13703.099609375,0.5312604037575945,up,5,1,2026-08-12,0.0292687692246014,1.0,,,
2026-08-05,SISE,stock,42.43999862670898,0.5307258733324276,up,5,1,2026-08-12,-0.0354953230078591,0.0,,,
2026-08-05,KCHOL,stock,206.0,0.525734574692363,up,5,1,2026-08-12,-0.0009713305608767,0.0,,,
2026-08-05,GARAN,stock,129.6999969482422,0.5253047847115782,up,5,1,2026-08-12,0.0099732554081121,1.0,,,
2026-08-06,AVGO,stock,420.5650024414063,0.5246998180414609,up,5,1,2026-08-13,-0.0065483158551016,0.0,,,
2026-08-05,AKBNK,stock,67.55000305175781,0.5103451657526898,up,5,1,2026-08-12,0.0183356797122731,1.0,,,
2026-08-06,AAPL,stock,312.4100036621094,0.5092086795173901,up,5,1,2026-08-13,-0.0231525349404708,0.0,,,
2026-08-06,GOOGL,stock,357.75,0.5084178778288339,up,5,1,2026-08-13,-0.0323557641494814,0.0,,,
2026-08-05,TUPRS,stock,303.75,0.5060599571054437,up,5,1,2026-08-12,0.1452932259931972,1.0,,,
2026-08-05,ASELS,stock,346.75,0.4932800439231701,down,5,1,2026-08-12,0.0941953159317599,0.0,,,
2026-08-05,EREGL,stock,41.97999954223633,0.4886049684967447,down,5,1,2026-08-12,-0.1214223129867984,1.0,,,
2026-08-05,BIMAS,stock,382.25,0.4797557908502137,down,5,1,2026-08-12,0.0045677077785551,0.0,,,
2026-08-05,THYAO,stock,314.0,0.4779761923928198,down,5,1,2026-08-12,-0.0168610979660664,1.0,,,
2026-08-06,META,stock,589.9000244140625,0.4707311160929044,down,5,1,2026-08-13,0.0085578624696834,0.0,,,
2026-08-06,AMZN,stock,272.260009765625,0.469565869474191,down,5,1,2026-08-13,-0.0265372378006231,1.0,,,
2026-08-07,USDTRY,fx,47.68149948120117,0.8713307093962173,up,5,1,2026-08-14,0.0040917280248883,1.0,,,
2026-08-07,XRP,crypto,1.0219,0.5161147156464275,up,5,1,2026-08-12,-0.002449420712222,0.0,,,
2026-08-06,XU100,stock,13798.7998046875,0.5122788114233134,up,5,1,2026-08-13,0.02387427778949,1.0,,,
2026-08-07,XAUUSD,commodity,4326.7001953125,0.5030447917942289,up,5,1,2026-08-14,0.0124489885614121,1.0,,,
2026-08-07,ETH,crypto,1896.29,0.5017133376184122,up,5,1,2026-08-12,-0.0056108471695819,0.0,,,
2026-08-07,SOL,crypto,72.61,0.4818357409110466,down,5,1,2026-08-12,0.0478650309925414,0.0,,,
2026-08-07,BTC,crypto,64163.0,0.439634279477294,down,5,1,2026-08-12,-0.0076342285619408,1.0,,,
2026-08-07,TUPRS,stock,329.5,0.5511236750676387,up,5,1,2026-08-14,0.0933770115690313,1.0,,,
2026-08-07,GARAN,stock,128.3000030517578,0.5393534391079405,up,5,1,2026-08-14,0.0208260277934517,1.0,,,
2026-08-07,SISE,stock,41.959999084472656,0.5280676656645279,up,5,1,2026-08-14,-0.0134358440207996,0.0,,,
2026-08-07,ASELS,stock,367.75,0.5189609688556774,up,5,1,2026-08-14,0.0523124893118548,1.0,,,
2026-08-07,XU100,stock,13944.740234375,0.5178074407479305,up,5,1,2026-08-14,0.0161869484616215,1.0,,,
2026-08-07,AKBNK,stock,67.25,0.5057363296615024,up,5,1,2026-08-14,0.0227867708142935,1.0,,,
2026-08-07,KCHOL,stock,198.6000061035156,0.4991573255830433,down,5,1,2026-08-14,0.0423917133129882,0.0,,,
2026-08-07,BIMAS,stock,387.5,0.4982697300410067,down,5,1,2026-08-14,-0.0334567118106946,1.0,,,
2026-08-07,EREGL,stock,39.79999923706055,0.4832024705388921,down,5,1,2026-08-14,-0.0627310625191311,1.0,,,
2026-08-07,THYAO,stock,311.5,0.4797339504008394,down,5,1,2026-08-14,-0.0202682252366937,1.0,,,
2026-08-07,QQQ,stock,723.030029296875,0.6162468524442203,up,5,1,2026-08-14,0.0110584688241346,1.0,,,
2026-08-07,SPY,stock,773.260009765625,0.6119706399351645,up,5,1,2026-08-14,0.0039752466095421,1.0,,,
2026-08-07,NVDA,stock,223.9600067138672,0.5810130711655499,up,5,1,2026-08-14,0.0053437824016348,1.0,,,
2026-08-06,TUPRS,stock,321.5,0.5690454384654438,up,5,1,2026-08-13,0.07344123138005,1.0,,,
2026-08-07,TSLA,stock,328.5799865722656,0.560900268452402,up,5,1,2026-08-14,0.0408195685657232,1.0,,,
2026-08-06,ASELS,stock,363.0,0.5513811113093546,up,5,1,2026-08-13,0.0863798644962706,1.0,,,
2026-08-06,GARAN,stock,127.8000030517578,0.5369802988860015,up,5,1,2026-08-13,0.013986265190598,1.0,,,
2026-08-07,AVGO,stock,427.760009765625,0.5326248621860952,up,5,1,2026-08-14,-0.0847781720668061,0.0,,,
2026-08-06,AKBNK,stock,67.0999984741211,0.5320443093629894,up,5,1,2026-08-13,0.0286469028143832,1.0,,,
2026-08-06,SISE,stock,41.880001068115234,0.529204848646054,up,5,1,2026-08-13,-0.0057471824175704,0.0,,,
2026-08-07,GOOGL,stock,354.29998779296875,0.5191498453020975,up,5,1,2026-08-14,-0.0239942791196803,0.0,,,
2026-08-06,EREGL,stock,41.560001373291016,0.5181599872780533,up,5,1,2026-08-13,-0.0832560671984423,0.0,,,
2026-08-07,AMZN,stock,274.4800109863281,0.5171893679977663,up,5,1,2026-08-14,-0.0440561144144018,0.0,,,
2026-08-08,XRP,crypto,1.0359,0.5167865703256643,up,5,1,2026-08-13,-0.025617357053781,0.0,,,
2026-08-07,MSFT,stock,499.989990234375,0.510614278515489,up,5,1,2026-08-14,-0.0092225739556678,0.0,,,
2026-08-07,AAPL,stock,313.3299865722656,0.5093146764733816,up,5,1,2026-08-14,-0.0239006117140795,0.0,,,
2026-08-06,BIMAS,stock,382.25,0.5068921501687664,up,5,1,2026-08-13,-0.0151567975692234,0.0,,,
2026-08-06,KCHOL,stock,195.8999938964844,0.4984754739367545,down,5,1,2026-08-13,0.0326416134633875,0.0,,,
2026-08-06,THYAO,stock,311.25,0.4904706424658871,down,5,1,2026-08-13,-0.0104966648053428,1.0,,,
2026-08-08,SOL,crypto,74.62,0.4874682892118686,down,5,1,2026-08-13,0.0200338375251092,0.0,,,
2026-08-08,ETH,crypto,1916.52,0.4788764085893082,down,5,1,2026-08-13,-0.0112447106637736,1.0,,,
2026-08-07,META,stock,592.0999755859375,0.4721064470091748,down,5,1,2026-08-14,-0.0038072724071634,1.0,,,
2026-08-08,BTC,crypto,64969.16,0.4566809156819006,down,5,1,2026-08-13,-0.0184067146510116,1.0,,,
2026-08-08,USDTRY,fx,47.69049835205078,0.866313446318791,up,5,1,2026-08-14,0.003903017059809,1.0,,,
2026-08-09,XRP,crypto,1.0376,0.5510277384945432,up,5,1,2026-08-14,-0.0283471233596093,0.0,,,
2026-08-09,SOL,crypto,75.97,0.5036712319581146,up,5,1,2026-08-14,-0.0023721676911924,0.0,,,
2026-08-09,ETH,crypto,1912.38,0.495924954789869,down,5,1,2026-08-14,-0.0159337992206335,1.0,,,
2026-08-09,BTC,crypto,64758.54,0.4732694002842864,down,5,1,2026-08-14,-0.0229497792614894,1.0,,,
2026-08-10,USDTRY,fx,47.70830154418945,0.8590933003873801,up,5,1,2026-08-18,0.0041875363975147,1.0,,,
2026-08-10,XAUUSD,commodity,4394.39990234375,0.5412707336114599,up,5,1,2026-08-17,0.0128651636455186,1.0,,,
2026-08-10,XRP,crypto,1.0301,0.5278239065863706,up,5,1,2026-08-15,-0.0255642670042571,0.0,,,
2026-08-10,SOL,crypto,76.44,0.5046559025628999,up,5,1,2026-08-15,-0.0138314791484617,0.0,,,
2026-08-10,ETH,crypto,1913.16,0.4683219686960215,down,5,1,2026-08-15,-0.0166497905076225,1.0,,,
2026-08-10,BTC,crypto,64924.7,0.4652847318034007,down,5,1,2026-08-15,-0.0299519918590417,1.0,,,
2026-08-10,EREGL,stock,37.43999862670898,0.6166896035789996,up,5,1,2026-08-17,0.0132663133808689,1.0,,,
2026-08-10,TUPRS,stock,336.0,0.5939117238197484,up,5,1,2026-08-17,0.0930077476908253,1.0,,,
2026-08-07,JEPI,stock,57.58000183105469,0.5702915953239454,up,5,1,2026-08-14,0.0076124695987994,1.0,,,
2026-08-07,SCHD,stock,33.900001525878906,0.5560221973640307,up,5,1,2026-08-14,0.0181238200784711,1.0,,,
2026-08-10,SISE,stock,41.540000915527344,0.5526847888051034,up,5,1,2026-08-17,-0.0723688469391535,0.0,,,
2026-08-10,XU100,stock,13891.669921875,0.5456230424390501,up,5,1,2026-08-17,0.0171594036732928,1.0,,,
2026-08-10,GARAN,stock,127.9000015258789,0.544757210547288,up,5,1,2026-08-17,0.0085636838466257,1.0,,,
2026-08-10,ASELS,stock,358.75,0.5322529953712994,up,5,1,2026-08-17,0.0809535765446155,1.0,,,
2026-08-10,THYAO,stock,305.75,0.5302299269964278,up,5,1,2026-08-17,-0.0156575098184059,0.0,,,
2026-08-10,AKBNK,stock,67.55000305175781,0.5283514830497705,up,5,1,2026-08-17,0.006639595592138,1.0,,,
2026-08-10,BIMAS,stock,388.25,0.5266487650803187,up,5,1,2026-08-17,-0.0162288534222212,0.0,,,
2026-08-10,KCHOL,stock,204.3000030517578,0.5072087839991226,up,5,1,2026-08-17,0.0063430465061632,1.0,,,
2026-08-07,O,stock,62.5099983215332,0.5039129558387371,up,5,1,2026-08-14,0.0036727124227219,1.0,,,
2026-08-11,USDTRY,fx,47.72489929199219,0.8568758394225369,up,5,1,2026-08-19,0.0042152947984781,1.0,,,
2026-08-10,SPY,stock,773.030029296875,0.6327250642349356,up,5,1,2026-08-17,-0.0004658683966968,0.0,,,
2026-08-10,NVDA,stock,217.5500030517578,0.6129440302789333,up,5,1,2026-08-17,0.033716098053727,1.0,,,
2026-08-10,QQQ,stock,720.8699951171875,0.6117930059918483,up,5,1,2026-08-17,0.0124076202794002,1.0,,,
2026-08-10,JEPI,stock,57.63999938964844,0.578933671608082,up,5,1,2026-08-17,0.0024259133690539,1.0,,,
2026-08-10,TSLA,stock,330.8800048828125,0.5769930220100059,up,5,1,2026-08-17,0.0251288491760212,1.0,,,
2026-08-10,AVGO,stock,422.3999938964844,0.5751114120270769,up,5,1,2026-08-17,-0.073594559237954,0.0,,,
2026-08-10,AMZN,stock,278.0899963378906,0.5731196850198561,up,5,1,2026-08-17,-0.0622373564973709,0.0,,,
2026-08-10,GOOGL,stock,357.5199890136719,0.5563811264422133,up,5,1,2026-08-17,-0.0385496165225285,0.0,,,
2026-08-10,SCHD,stock,34.189998626708984,0.5553964366917504,up,5,1,2026-08-17,0.0029206296896154,1.0,,,
2026-08-11,XAUUSD,commodity,4479.2001953125,0.5473905580650016,up,5,1,2026-08-18,-0.0073047214916366,0.0,,,
2026-08-07,USDCHF,fx,0.8078,0.5403921537777953,up,5,1,2026-08-14,0.0046931048223472,1.0,,,
2026-08-10,AAPL,stock,308.260009765625,0.524394183706763,up,5,1,2026-08-17,-0.0086992921382562,0.0,,,
2026-08-10,O,stock,61.88999938964844,0.5243403023431891,up,5,1,2026-08-17,0.0082066939391761,1.0,,,
2026-08-10,META,stock,594.9199829101562,0.5212369897044029,up,5,1,2026-08-17,-0.0445992568301416,0.0,,,
2026-08-10,MSFT,stock,506.05999755859375,0.5174879027869185,up,5,1,2026-08-17,-0.0521402169463773,0.0,,,
2026-08-11,XRP,crypto,1.0125,0.5056908539021566,up,5,1,2026-08-16,-0.011522924755721,0.0,,,
2026-08-07,EURUSD,fx,0.8651,0.5018205275896619,up,5,1,2026-08-14,-0.0018512095995952,0.0,,,
2026-08-11,ETH,crypto,1876.01,0.4949703975850861,down,5,1,2026-08-16,0.0027786371690698,0.0,,,
2026-08-07,USDJPY,fx,157.54,0.4944276599875584,down,5,1,2026-08-14,0.010544691232735,0.0,,,
2026-08-11,SOL,crypto,76.12,0.4907909209611371,down,5,1,2026-08-16,-0.0076487251436379,1.0,,,
2026-08-07,GBPUSD,fx,0.7409,0.4838369643078211,down,5,1,2026-08-14,-0.0043284255323546,1.0,,,
2026-08-11,BTC,crypto,64034.78,0.4807188375765283,down,5,1,2026-08-16,-0.0153490753465712,1.0,,,
2026-08-07,AUDUSD,fx,1.4156,0.4545593851923332,down,5,1,2026-08-14,-0.0038219311863681,1.0,,,
2026-08-07,USDCNY,fx,6.7474,0.439890511818352,down,5,1,2026-08-14,-0.0009192948766568,1.0,,,
2026-08-12,USDTRY,fx,47.746700286865234,0.8563037559073673,up,5,1,2026-08-20,0.0040444570857024,1.0,,,
2026-08-11,SPY,stock,770.5599975585938,0.6492093197334964,up,5,1,2026-08-18,-0.0040441734066137,0.0,,,
2026-08-11,NVDA,stock,217.5,0.6046919325744498,up,5,1,2026-08-18,0.0102462037424669,1.0,,,
2026-08-11,QQQ,stock,718.4500122070312,0.5977953690984038,up,5,1,2026-08-18,-0.0013092322366824,0.0,,,
2026-08-11,SCHD,stock,34.27000045776367,0.593779537821625,up,5,1,2026-08-18,0.006978739228717,1.0,,,
2026-08-11,JEPI,stock,57.790000915527344,0.5762578579292552,up,5,1,2026-08-18,0.0006919376608384,1.0,,,
2026-08-11,AAPL,stock,304.9100036621094,0.5717206683827509,up,5,1,2026-08-18,0.0166523999476409,1.0,,,
2026-08-11,XU100,stock,13704.5,0.56912930339091,up,5,1,2026-08-18,0.0304343978077656,1.0,,,
2026-08-12,XAUUSD,commodity,4460.60009765625,0.5652449829677102,up,5,1,2026-08-19,-0.0145655015751747,0.0,,,
2026-08-11,GOOGL,stock,343.79998779296875,0.5636009124485616,up,5,1,2026-08-18,0.0011628617998261,1.0,,,
2026-08-11,AVGO,stock,416.0799865722656,0.5625044328398827,up,5,1,2026-08-18,-0.0907062644723835,0.0,,,
2026-08-12,XRP,crypto,1.0194,0.5554048886257843,up,5,1,2026-08-17,-0.0174158369824249,0.0,,,
2026-08-11,TSLA,stock,332.8099975585937,0.5479309422933935,up,5,1,2026-08-18,0.0121253355211013,1.0,,,
2026-08-12,ETH,crypto,1885.68,0.5455665943550451,up,5,1,2026-08-17,0.0080284382890818,1.0,,,
2026-08-11,MSFT,stock,503.80999755859375,0.541493990779625,up,5,1,2026-08-18,-0.0450230134706923,0.0,,,
2026-08-12,SOL,crypto,76.17,0.5391011399045728,up,5,1,2026-08-17,-0.0092324580879197,0.0,,,
2026-08-11,AMZN,stock,272.2699890136719,0.5274048525380338,up,5,1,2026-08-18,-0.0482301277922662,0.0,,,
2026-08-12,BTC,crypto,63675.03,0.5204229216134956,up,5,1,2026-08-17,-0.0038626508221001,0.0,,,
2026-08-11,O,stock,61.88999938964844,0.5171784117379559,up,5,1,2026-08-18,0.0051571379208119,1.0,,,
2026-08-11,META,stock,599.1199951171875,0.4818151768347641,down,5,1,2026-08-18,-0.0971194900834041,1.0,,,
2026-08-13,USDTRY,fx,47.768798828125,0.8539405340870512,up,5,1,2026-08-21,0.005399178253547,1.0,,,
2026-08-11,EREGL,stock,36.86000061035156,0.6473451858503183,up,5,1,2026-08-18,0.0225331458907661,1.0,,,
2026-08-11,SISE,stock,40.84000015258789,0.5968650844852224,up,5,1,2026-08-18,-0.0689229462665122,0.0,,,
2026-08-11,THYAO,stock,301.0,0.5928242576161276,up,5,1,2026-08-18,-0.0016625107736134,0.0,,,
2026-08-11,NATGAS,commodity,2.79,0.5876171077384323,up,5,1,2026-08-18,0.0106952891167479,1.0,,,
2026-08-12,SPY,stock,772.489990234375,0.5831962568343169,up,5,1,2026-08-19,-0.0044500643680797,0.0,,,
2026-08-11,TUPRS,stock,336.5,0.5821787055730372,up,5,1,2026-08-18,0.1056576483297494,1.0,,,
2026-08-11,GARAN,stock,126.5,0.57738337695079,up,5,1,2026-08-18,0.0218930012123852,1.0,,,
2026-08-11,BIMAS,stock,377.25,0.566660959047681,up,5,1,2026-08-18,0.0709789694585808,1.0,,,
2026-08-11,ASELS,stock,356.25,0.5636435144556362,up,5,1,2026-08-18,0.067822596338761,1.0,,,
2026-08-12,SCHD,stock,34.2599983215332,0.5602667635746659,up,5,1,2026-08-19,0.0239377500396489,1.0,,,
2026-08-11,AKBNK,stock,66.1500015258789,0.5597094536416575,up,5,1,2026-08-18,0.02242246354437,1.0,,,
2026-08-12,NVDA,stock,224.08999633789065,0.5521740768037046,up,5,1,2026-08-19,-0.0295730771999234,0.0,,,
2026-08-12,AAPL,stock,302.25,0.5517093275525049,up,5,1,2026-08-19,0.047110820550078,1.0,,,
2026-08-12,JEPI,stock,57.84000015258789,0.5450390810311639,up,5,1,2026-08-19,0.0020725211680211,1.0,,,
2026-08-13,XRP,crypto,1.0097,0.5395170924145759,up,5,1,2026-08-18,-0.0204109136810985,0.0,,,
2026-08-11,KCHOL,stock,199.8999938964844,0.5330268806940611,up,5,1,2026-08-18,0.0392399545325177,1.0,,,
2026-08-12,QQQ,stock,723.7000122070312,0.5317920153577363,up,5,1,2026-08-19,-0.010585042311098,0.0,,,
2026-08-12,META,stock,578.8499755859375,0.5201204896805826,up,5,1,2026-08-19,-0.0583693615301423,0.0,,,
2026-08-12,GOOGL,stock,343.5400085449219,0.5113411972874266,up,5,1,2026-08-19,0.0034289187666976,1.0,,,
2026-08-13,ETH,crypto,1895.09,0.5076543775627049,up,5,1,2026-08-18,-0.0022663108733633,0.0,,,
2026-08-12,XU100,stock,14110.099609375,0.4971875683827715,down,5,1,2026-08-19,0.0244262327182329,0.0,,,
2026-08-13,XAUUSD,commodity,4451.7001953125,0.4946315144276227,down,5,1,2026-08-20,0.0189357850952205,0.0,,,
2026-08-12,AVGO,stock,416.0499877929688,0.4934449739191081,down,5,1,2026-08-19,-0.1378360853384734,1.0,,,
2026-08-13,SOL,crypto,76.13,0.4923675756791399,down,5,1,2026-08-18,-0.0102984802456167,1.0,,,
2026-08-12,O,stock,62.59000015258789,0.4779358760566591,down,5,1,2026-08-19,0.0057352492356193,0.0,,,
2026-08-11,WTI,commodity,84.77,0.4743759526185266,down,5,1,2026-08-18,0.0199714667106386,0.0,,,
2026-08-13,BTC,crypto,63784.23,0.4709077117269361,down,5,1,2026-08-18,0.0045451697894133,0.0,,,
2026-08-12,MSFT,stock,492.4299926757813,0.4639171123079864,down,5,1,2026-08-19,-0.0166271111436514,1.0,,,
2026-08-12,TSLA,stock,327.510009765625,0.4542590883017562,down,5,1,2026-08-19,0.0696094126955067,0.0,,,
2026-08-12,AMZN,stock,267.2799987792969,0.4517507900732327,down,5,1,2026-08-19,-0.0054021832106446,1.0,,,
2026-08-11,BRENT,commodity,93.26,0.4421541419268136,down,5,1,2026-08-18,0.0215335819799221,0.0,,,
2026-08-14,USDTRY,fx,47.87699890136719,0.8618221948658372,up,5,1,2026-08-21,0.0031366613010637,1.0,,,
2026-08-12,EREGL,stock,37.18000030517578,0.6636835670732428,up,5,1,2026-08-19,0.0154793063250164,1.0,,,
2026-08-13,SPY,stock,777.8800048828125,0.5858938697791036,up,5,1,2026-08-20,-0.0198386615045394,0.0,,,
2026-08-12,TUPRS,stock,351.25,0.5783636459842424,up,5,1,2026-08-19,0.118652566559753,1.0,,,
2026-08-12,SISE,stock,40.959999084472656,0.5703323537770008,up,5,1,2026-08-19,-0.0531453110277586,0.0,,,
2026-08-13,NVDA,stock,225.3000030517578,0.5596733444886623,up,5,1,2026-08-20,-0.0382269625558754,0.0,,,
2026-08-13,JEPI,stock,57.91999816894531,0.548673536874852,up,5,1,2026-08-20,-0.0034589614095745,0.0,,,
2026-08-13,SCHD,stock,34.43000030517578,0.5478302093974611,up,5,1,2026-08-20,0.0115508507350109,1.0,,,
2026-08-12,GARAN,stock,131.0,0.5435178953773095,up,5,1,2026-08-19,0.0076045993852192,1.0,,,
2026-08-12,BIMAS,stock,384.0,0.541213598286281,up,5,1,2026-08-19,0.0812439090191705,1.0,,,
2026-08-12,KCHOL,stock,205.8000030517578,0.5346137050379337,up,5,1,2026-08-19,0.0418710204092523,1.0,,,
2026-08-13,QQQ,stock,732.0700073242188,0.5326785377430869,up,5,1,2026-08-20,-0.029302186038445,0.0,,,
2026-08-12,THYAO,stock,308.75,0.5316349529311454,up,5,1,2026-08-19,-0.0245914031373222,0.0,,,
2026-08-13,AAPL,stock,305.260009765625,0.5282178207120105,up,5,1,2026-08-20,0.0195931337563366,1.0,,,
2026-08-14,XRP,crypto,1.0086,0.5266210657244282,up,5,1,2026-08-19,-0.0095637309940713,0.0,,,
2026-08-12,ASELS,stock,381.0,0.5189223499039161,up,5,1,2026-08-19,0.0561371868199819,1.0,,,
2026-08-12,AKBNK,stock,68.80000305175781,0.5163076755344475,up,5,1,2026-08-19,0.0215680529308715,1.0,,,
2026-08-14,SOL,crypto,75.79,0.5097530569750819,up,5,1,2026-08-19,0.0149295596469055,1.0,,,
2026-08-13,XU100,stock,14132.2001953125,0.5028034855181491,up,5,1,2026-08-20,0.0185292259879488,1.0,,,
2026-08-13,MSFT,stock,496.8800048828125,0.5027429946691098,up,5,1,2026-08-20,-0.0321694989608486,0.0,,,
2026-08-14,ETH,crypto,1882.15,0.5018141980519791,up,5,1,2026-08-19,0.0145523667068252,1.0,,,
2026-08-14,XAUUSD,commodity,4380.89990234375,0.5003148126529122,up,5,1,2026-08-21,0.0472139685097033,1.0,,,
2026-08-13,O,stock,62.95000076293945,0.4989683599257168,down,5,1,2026-08-20,0.0034887033143401,0.0,,,
2026-08-14,BTC,crypto,63289.27,0.4977672548636443,down,5,1,2026-08-19,0.0152528278637883,0.0,,,
2026-08-13,AVGO,stock,417.8200073242188,0.4958947040023961,down,5,1,2026-08-20,-0.137814456830794,1.0,,,
2026-08-13,GOOGL,stock,346.3599853515625,0.4868569118286327,down,5,1,2026-08-20,-0.0165643480879332,1.0,,,
2026-08-13,AMZN,stock,265.1300048828125,0.4771043485191219,down,5,1,2026-08-20,-0.0191157280019718,1.0,,,
2026-08-13,META,stock,594.969970703125,0.4687059812464164,down,5,1,2026-08-20,-0.0862033316032443,1.0,,,
2026-08-13,TSLA,stock,339.9599914550781,0.4175744821958343,down,5,1,2026-08-20,0.0150932333023065,0.0,,,
2026-08-15,USDTRY,fx,47.87910079956055,0.8595547949524175,up,5,1,2026-08-21,0.0030927602190383,1.0,,,
2026-08-14,SPY,stock,776.3400268554688,0.6148829854351991,up,5,1,2026-08-21,-0.0137740737406258,0.0,,,
2026-08-13,EREGL,stock,38.2400016784668,0.5995823205743908,up,5,1,2026-08-20,-0.0036678899928204,0.0,,,
2026-08-14,NVDA,stock,225.1600036621093,0.5859328607598009,up,5,1,2026-08-21,-0.0474764173918914,0.0,,,
2026-08-14,AMZN,stock,262.6499938964844,0.5751946605371768,up,5,1,2026-08-21,-0.0154238363922893,0.0,,,
2026-08-15,XRP,crypto,1.0041,0.5742399786040081,up,5,1,2026-08-20,0.0855662540272818,1.0,,,
2026-08-14,JEPI,stock,58.02000045776367,0.5729483188139267,up,5,1,2026-08-21,-0.0017250701190672,0.0,,,
2026-08-14,AVGO,stock,392.989990234375,0.5718345197308243,up,5,1,2026-08-21,-0.064479091059577,0.0,,,
2026-08-14,SCHD,stock,34.52000045776367,0.5669226734040447,up,5,1,2026-08-21,0.0169471280882694,1.0,,,
2026-08-14,QQQ,stock,731.0700073242188,0.5576022756200332,up,5,1,2026-08-21,-0.0244108801163866,0.0,,,
2026-08-14,GOOGL,stock,345.8999938964844,0.5551249822000189,up,5,1,2026-08-21,-0.0031271353093979,0.0,,,
2026-08-13,TUPRS,stock,346.0,0.5486853690803624,up,5,1,2026-08-20,0.1330797010318571,1.0,,,
2026-08-15,SOL,crypto,75.39,0.5479114015636112,up,5,1,2026-08-20,0.1131297001307421,1.0,,,
2026-08-14,AAPL,stock,305.92999267578125,0.5433844849822395,up,5,1,2026-08-21,0.0111170480346546,1.0,,,
2026-08-15,ETH,crypto,1881.57,0.5409255961566954,up,5,1,2026-08-20,0.1781390027153367,1.0,,,
2026-08-13,SISE,stock,41.63999938964844,0.5382089762310257,up,5,1,2026-08-20,-0.0401817749750131,0.0,,,
2026-08-13,GARAN,stock,129.60000610351562,0.5315461319412359,up,5,1,2026-08-20,-0.0023175216332411,0.0,,,
2026-08-14,O,stock,62.7400016784668,0.5279349109735515,up,5,1,2026-08-21,-0.0022339757842797,0.0,,,
2026-08-13,THYAO,stock,308.0,0.5278164850588609,up,5,1,2026-08-20,-0.0221592981687096,0.0,,,
2026-08-14,META,stock,589.8499755859375,0.5239901117489656,up,5,1,2026-08-21,-0.0701317379865158,0.0,,,
2026-08-13,BIMAS,stock,376.5,0.5222193689940985,up,5,1,2026-08-20,0.0876751672562862,1.0,,,
2026-08-14,XU100,stock,14172.2998046875,0.5108330130935121,up,5,1,2026-08-21,0.0238794635769432,1.0,,,
2026-08-14,MSFT,stock,495.3999938964844,0.5097387625511121,up,5,1,2026-08-21,-0.0248521002921612,0.0,,,
2026-08-15,BTC,crypto,63008.91,0.5075880859056174,up,5,1,2026-08-20,0.0926685242466457,1.0,,,
2026-08-13,KCHOL,stock,202.3999938964844,0.50509099731048,up,5,1,2026-08-20,0.0742491555314884,1.0,,,
2026-08-13,AKBNK,stock,69.05000305175781,0.5050037963321474,up,5,1,2026-08-20,0.0021698944714285,1.0,,,
2026-08-13,ASELS,stock,395.75,0.5017032717535481,up,5,1,2026-08-20,0.016291087111371,1.0,,,
2026-08-14,TSLA,stock,342.2699890136719,0.4519662481194549,down,5,1,2026-08-21,0.0584171773946628,0.0,,,
2026-08-16,USDTRY,fx,47.86050033569336,0.8595547949524175,up,5,1,2026-08-21,0.0035352536841656,1.0,,,
2026-08-14,EREGL,stock,37.380001068115234,0.649663255069692,up,5,1,2026-08-21,0.02012775356742,1.0,,,
2026-08-16,XRP,crypto,1.0009,0.5920499769947956,up,5,1,2026-08-21,0.276050090629901,1.0,,,
2026-08-14,TUPRS,stock,361.75,0.5849973716288733,up,5,1,2026-08-21,0.1172453805875538,1.0,,,
2026-08-14,BIMAS,stock,374.75,0.5820766943318261,up,5,1,2026-08-21,0.1056273246241903,1.0,,,
2026-08-14,KCHOL,stock,207.1999969482422,0.5691202430382336,up,5,1,2026-08-21,0.0707930392757947,1.0,,,
2026-08-14,ASELS,stock,387.5,0.5686878696042132,up,5,1,2026-08-21,0.0398408682119164,1.0,,,
2026-08-14,SISE,stock,41.400001525878906,0.5626918966903155,up,5,1,2026-08-21,-0.0369045555498502,0.0,,,
2026-08-14,THYAO,stock,305.25,0.5523845159986018,up,5,1,2026-08-21,-0.0140208482419382,0.0,,,
2026-08-14,GARAN,stock,131.0,0.5399503396493291,up,5,1,2026-08-21,-0.0084324465108622,0.0,,,
2026-08-14,AKBNK,stock,68.80000305175781,0.5368862256618956,up,5,1,2026-08-21,0.0129964846860486,1.0,,,
2026-08-16,SOL,crypto,75.54,0.5298413737195656,up,5,1,2026-08-21,0.166891141916813,1.0,,,
2026-08-16,ETH,crypto,1881.23,0.5223793073391961,up,5,1,2026-08-21,0.2204960349134182,1.0,,,
2026-08-16,BTC,crypto,63059.41,0.5156005329720715,up,5,1,2026-08-21,0.169441347708027,1.0,,,
2026-08-17,USDTRY,fx,47.89360046386719,0.8643943114016299,up,5,1,2026-08-25,0.0041796970281119,1.0,,,
2026-08-17,XRP,crypto,1.0018,0.5870715219596145,up,5,1,2026-08-22,0.4448726469779089,1.0,,,
2026-08-17,SOL,crypto,75.47,0.551573509661319,up,5,1,2026-08-22,0.248601802596074,1.0,,,
2026-08-17,ETH,crypto,1900.88,0.5393684020868561,up,5,1,2026-08-22,0.2803971212306528,1.0,,,
2026-08-17,BTC,crypto,63429.55,0.5206976689664443,up,5,1,2026-08-22,0.2119868114632458,1.0,,,
2026-08-17,XAUUSD,commodity,4451.2998046875,0.5357705602149496,up,5,1,2026-08-24,0.0520445427462113,1.0,,,
2026-08-18,USDTRY,fx,47.90850067138672,0.8582267941315778,up,5,1,2026-08-25,0.0037875693338906,1.0,,,
2026-08-18,XRP,crypto,0.9893,0.6077358128688206,up,5,1,2026-08-23,0.3967680769269894,1.0,,,
2026-08-18,SOL,crypto,75.35,0.549350866062125,up,5,1,2026-08-23,0.2142119449152272,1.0,,,
2026-08-14,USDCHF,fx,0.8116,0.5445065266442997,up,5,1,2026-08-21,-0.0133963799506488,0.0,,,
2026-08-18,ETH,crypto,1890.8,0.5222944358659548,up,5,1,2026-08-23,0.2422034014612437,1.0,,,
2026-08-18,BTC,crypto,64074.8,0.5220143039656379,up,5,1,2026-08-23,0.1816516724283579,1.0,,,
2026-08-14,USDJPY,fx,159.21,0.5018398436740643,up,5,1,2026-08-21,-0.0018860812833683,0.0,,,
2026-08-14,EURUSD,fx,0.8635,0.4756181975131824,down,5,1,2026-08-21,-0.0088403506991693,1.0,,,
2026-08-14,GBPUSD,fx,0.7377,0.4727097647341804,down,5,1,2026-08-21,-0.0065279709584521,1.0,,,
2026-08-14,AUDUSD,fx,1.4102,0.4381840282519513,down,5,1,2026-08-21,-0.0122000585727608,1.0,,,
2026-08-14,USDCNY,fx,6.7412,0.3935251784688501,down,5,1,2026-08-21,-0.003000997631899,1.0,,,
2026-08-18,XAUUSD,commodity,4446.60009765625,0.5208729524386002,up,5,1,2026-08-25,0.0550397170440635,1.0,,,
2026-08-19,USDTRY,fx,47.92649841308594,0.8499482189419386,up,5,1,2026-08-26,0.0040978849172251,1.0,,,
2026-08-17,SISE,stock,38.63999938964844,0.6078751236697895,up,5,1,2026-08-25,0.0245410861796692,1.0,,,
2026-08-17,EREGL,stock,37.93999862670898,0.567933147669175,up,5,1,2026-08-25,0.002632333434202,1.0,,,
2026-08-18,SCHD,stock,34.5099983215332,0.556184467630779,up,5,1,2026-08-25,0.0160941388544878,1.0,,,
2026-08-18,SPY,stock,767.4500122070312,0.551212638674247,up,5,1,2026-08-25,-0.0024004640939734,0.0,,,
2026-08-18,META,stock,543.6699829101562,0.5435184815073655,up,5,1,2026-08-25,0.038748812128267,1.0,,,
2026-08-17,TUPRS,stock,368.75,0.5380108110182197,up,5,1,2026-08-25,0.0267574491695493,1.0,,,
2026-08-18,JEPI,stock,57.83000183105469,0.5373242303449028,up,5,1,2026-08-25,0.0057537467594395,1.0,,,
2026-08-18,MSFT,stock,481.6300048828125,0.5335077357047182,up,5,1,2026-08-25,0.0159221904490156,1.0,,,
2026-08-18,AMZN,stock,259.45001220703125,0.523998912367917,up,5,1,2026-08-25,0.006913399974475,1.0,,,
2026-08-18,QQQ,stock,717.510009765625,0.5238031724159964,up,5,1,2026-08-25,-0.0095083989446609,0.0,,,
2026-08-18,AVGO,stock,380.0,0.520892135537758,up,5,1,2026-08-25,-0.0518197554962559,0.0,,,
2026-08-17,THYAO,stock,301.0,0.5201488940171786,up,5,1,2026-08-25,-0.0016625107736134,0.0,,,
2026-08-19,XRP,crypto,0.999,0.518592038663771,up,5,1,2026-08-24,0.3872148288496105,1.0,,,
2026-08-17,GARAN,stock,129.0,0.5181659708938906,up,5,1,2026-08-25,0.0275247194196185,1.0,,,
2026-08-17,BIMAS,stock,382.0,0.5159965097298493,up,5,1,2026-08-25,0.0749957604511745,1.0,,,
2026-08-18,O,stock,62.209999084472656,0.5140654167151466,up,5,1,2026-08-25,0.0072873488631476,1.0,,,
2026-08-17,KCHOL,stock,205.6000061035156,0.513159432981339,up,5,1,2026-08-25,0.0391084495974659,1.0,,,
2026-08-19,SOL,crypto,76.93,0.5104075809749484,up,5,1,2026-08-24,0.1997603631280056,1.0,,,
2026-08-18,NVDA,stock,219.7400054931641,0.5101678769134383,up,5,1,2026-08-25,-0.0368974923341435,0.0,,,
2026-08-17,AKBNK,stock,68.0,0.5089274186116436,up,5,1,2026-08-25,0.0543768133816616,1.0,,,
2026-08-17,ASELS,stock,389.0,0.5037665216577278,up,5,1,2026-08-25,0.0403077234880928,1.0,,,
2026-08-18,XU100,stock,14128.0,0.5004093489445379,up,5,1,2026-08-25,0.0178410523340012,1.0,,,
2026-08-19,ETH,crypto,1909.74,0.4887092294554435,down,5,1,2026-08-24,0.2439647902691144,0.0,,,
2026-08-18,GOOGL,stock,344.20001220703125,0.4833995188206846,down,5,1,2026-08-25,0.0071757907955645,0.0,,,
2026-08-18,AAPL,stock,310.0299987792969,0.4750070458069197,down,5,1,2026-08-25,-0.0013556694300479,1.0,,,
2026-08-19,BTC,crypto,64262.01,0.4748611066141264,down,5,1,2026-08-24,0.1808831520384202,0.0,,,
2026-08-18,TSLA,stock,336.8699951171875,0.4019816759067267,down,5,1,2026-08-25,0.0498257536219483,0.0,,,
2026-08-19,XAUUSD,commodity,4396.10009765625,0.4924361796075899,down,5,1,2026-08-26,0.0663339543369249,0.0,,,
2026-08-20,USDTRY,fx,47.94020080566406,0.8578725543742125,up,5,1,2026-08-28,0.0059604449469605,1.0,,,
2026-08-19,AVGO,stock,362.4800109863281,0.5663865786488036,up,5,1,2026-08-26,-0.033209232780826,0.0,,,
2026-08-18,EREGL,stock,37.70000076293945,0.562984537394388,up,5,1,2026-08-25,0.0142220173850741,1.0,,,
2026-08-18,NATGAS,commodity,2.82,0.5496766660695553,up,5,1,2026-08-25,-0.0434851119397386,0.0,,,
2026-08-18,SISE,stock,38.119998931884766,0.5483360661214108,up,5,1,2026-08-25,0.040612156144574,1.0,,,
2026-08-18,TUPRS,stock,374.0,0.5386378541045779,up,5,1,2026-08-25,-0.0006686727096356,0.0,,,
2026-08-19,SCHD,stock,35.09000015258789,0.5377855689848344,up,5,1,2026-08-26,0.0017084677235722,1.0,,,
2026-08-19,SPY,stock,769.0599975585938,0.533053381592156,up,5,1,2026-08-26,-0.0054761953034062,0.0,,,
2026-08-19,JEPI,stock,57.959999084472656,0.5209773326906405,up,5,1,2026-08-26,0.0026707333208543,1.0,,,
2026-08-18,KCHOL,stock,207.8999938964844,0.5172420100701024,up,5,1,2026-08-25,0.0451416850227113,1.0,,,
2026-08-19,QQQ,stock,716.0800170898438,0.5126689831212673,up,5,1,2026-08-26,-0.0094287820069785,0.0,,,
2026-08-18,THYAO,stock,300.5,0.5108105955003415,up,5,1,2026-08-25,0.0066335234956338,1.0,,,
2026-08-18,GARAN,stock,129.3000030517578,0.5083966667763018,up,5,1,2026-08-25,0.0252018144013305,1.0,,,
2026-08-18,AKBNK,stock,67.6500015258789,0.5047253730965737,up,5,1,2026-08-25,0.0623187418437684,1.0,,,
2026-08-19,AMZN,stock,265.8399963378906,0.5044962298903103,up,5,1,2026-08-26,-0.0271675546958528,0.0,,,
2026-08-19,NVDA,stock,217.5599975585937,0.5043319352013814,up,5,1,2026-08-26,-0.0353676412419617,0.0,,,
2026-08-19,META,stock,546.030029296875,0.5041499669264877,up,5,1,2026-08-26,0.0558700044935895,1.0,,,
2026-08-18,ASELS,stock,381.25,0.4961440513934217,down,5,1,2026-08-25,0.0573405466152448,0.0,,,
2026-08-19,O,stock,62.95000076293945,0.4944699993360156,down,5,1,2026-08-26,-0.0069342544264439,1.0,,,
2026-08-18,BIMAS,stock,405.0,0.4925770190644929,down,5,1,2026-08-25,0.0303974771843709,0.0,,,
2026-08-19,MSFT,stock,484.30999755859375,0.4827424114747002,down,5,1,2026-08-26,0.0201544222024161,0.0,,,
2026-08-19,GOOGL,stock,344.7200012207031,0.4751495344219733,down,5,1,2026-08-26,-0.0125523080242895,1.0,,,
2026-08-20,BTC,crypto,69126.95,0.4739738553638117,down,5,1,2026-08-25,0.1523265523835474,0.0,,,
2026-08-19,AAPL,stock,316.8299865722656,0.4738574814079648,down,5,1,2026-08-26,-0.0108849995982214,1.0,,,
2026-08-19,XU100,stock,14459.0,0.4643760036334898,down,5,1,2026-08-26,0.0104521309551317,0.0,,,
2026-08-18,WTI,commodity,86.48,0.4596769784944708,down,5,1,2026-08-25,-0.0302875598577923,1.0,,,
2026-08-20,XRP,crypto,1.0938,0.455761409318503,down,5,1,2026-08-25,0.3228490509666751,0.0,,,
2026-08-20,SOL,crypto,84.42,0.4548437537789791,down,5,1,2026-08-25,0.1823807827112334,0.0,,,
2026-08-18,BRENT,commodity,95.29,0.439745751528536,down,5,1,2026-08-25,-0.0768644984148499,1.0,,,
2026-08-20,ETH,crypto,2248.46,0.4195480606850868,down,5,1,2026-08-25,0.1059451894409702,0.0,,,
2026-08-19,TSLA,stock,351.1199951171875,0.406972130050413,down,5,1,2026-08-26,-0.0179750236868171,1.0,,,
2026-08-20,XAUUSD,commodity,4536.7998046875,0.5035055239019719,up,5,1,2026-08-27,0.0202917537679585,1.0,,,
2026-08-21,USDTRY,fx,48.02740859985352,0.8557246519603273,up,5,1,2026-08-28,0.0041430021923823,1.0,,,
2026-08-20,AVGO,stock,364.0299987792969,0.63814827087189,up,5,1,2026-08-27,0.0089426411214104,1.0,,,
2026-08-21,BTC,crypto,74702.88,0.6254184399593136,up,5,1,2026-08-26,0.0562471309948855,1.0,,,
2026-08-21,XRP,crypto,1.3191,0.5985890426859168,up,5,1,2026-08-26,0.0865816988624816,1.0,,,
2026-08-21,SOL,crypto,89.26,0.5958612070176035,up,5,1,2026-08-26,0.0833636836159466,1.0,,,
2026-08-19,BIMAS,stock,416.5,0.5858429862151738,up,5,1,2026-08-26,0.0041928782600359,1.0,,,
2026-08-20,SPY,stock,762.5999755859375,0.5800627516200708,up,5,1,2026-08-27,0.0085003677336779,1.0,,,
2026-08-21,ETH,crypto,2345.32,0.5695952583511064,up,5,1,2026-08-26,0.0497618407287552,1.0,,,
2026-08-20,SCHD,stock,34.83000183105469,0.5570874625306016,up,5,1,2026-08-27,-0.0014366631208132,0.0,,,
2026-08-19,SISE,stock,38.84000015258789,0.5557076135489368,up,5,1,2026-08-26,0.0354109201511327,1.0,,,
2026-08-20,JEPI,stock,57.720001220703125,0.55536645965158,up,5,1,2026-08-27,0.0020768254342397,1.0,,,
2026-08-19,KCHOL,stock,214.6000061035156,0.5536608199753552,up,5,1,2026-08-26,-0.0018657148715435,0.0,,,
2026-08-19,EREGL,stock,37.7599983215332,0.5536313832793083,up,5,1,2026-08-26,0.0245893229235561,1.0,,,
2026-08-20,MSFT,stock,481.1499938964844,0.5502219086484296,up,5,1,2026-08-27,0.0459606032973065,1.0,,,
2026-08-20,META,stock,545.8300170898438,0.5494983274882693,up,5,1,2026-08-27,0.0662911454420845,1.0,,,
2026-08-20,QQQ,stock,710.9299926757812,0.5488673567508291,up,5,1,2026-08-27,0.0102297996661496,1.0,,,
2026-08-20,NVDA,stock,216.8500061035156,0.5413218347303165,up,5,1,2026-08-27,0.0408626537740057,1.0,,,
2026-08-20,AMZN,stock,260.1099853515625,0.5357030206596497,up,5,1,2026-08-27,-0.0104736463834346,0.0,,,
2026-08-20,GOOGL,stock,340.6700134277344,0.5352290518701119,up,5,1,2026-08-27,-0.0016158240377002,0.0,,,
2026-08-19,ASELS,stock,403.0,0.5276431974124146,up,5,1,2026-08-26,-0.011856613156525,0.0,,,
2026-08-19,GARAN,stock,132.0,0.5262785659972057,up,5,1,2026-08-26,0.009800327492199,1.0,,,
2026-08-20,XU100,stock,14396.5,0.5257435970974946,up,5,1,2026-08-27,0.0106333900112843,1.0,,,
2026-08-20,O,stock,63.16999816894531,0.5198969445432727,up,5,1,2026-08-27,-0.0225752033147781,0.0,,,
2026-08-19,TUPRS,stock,395.5,0.5181167448682833,up,5,1,2026-08-26,-0.039979534487277,0.0,,,
2026-08-19,THYAO,stock,301.25,0.517999622716901,up,5,1,2026-08-26,0.0237813585405776,1.0,,,
2026-08-20,TSLA,stock,345.1300048828125,0.5101605052439994,up,5,1,2026-08-27,0.0206556015038604,1.0,,,
2026-08-20,AAPL,stock,311.29998779296875,0.5080615695101222,up,5,1,2026-08-27,-0.0036042877159784,0.0,,,
2026-08-19,AKBNK,stock,70.30000305175781,0.504166651987047,up,5,1,2026-08-26,0.0397403060986081,1.0,,,
2026-08-21,XAUUSD,commodity,4592.7001953125,0.5635506140418113,up,5,1,2026-08-28,0.0086285502266434,1.0,,,
2026-08-21,SPY,stock,765.719970703125,0.7456766117884872,up,5,1,2026-08-28,0.0119432467573608,1.0,,,
2026-08-21,QQQ,stock,713.4400024414062,0.735658157909834,up,5,1,2026-08-28,0.0137500994397697,1.0,,,
2026-08-21,NVDA,stock,214.72000122070312,0.7093791513870299,up,5,1,2026-08-28,0.0423558097253507,1.0,,,
2026-08-21,TSLA,stock,362.8599853515625,0.6905357934304192,up,5,1,2026-08-28,-0.0294204364673108,0.0,,,
2026-08-21,AVGO,stock,368.4500122070313,0.688836394648089,up,5,1,2026-08-28,0.0136531532830516,1.0,,,
2026-08-22,BTC,crypto,78407.27,0.64018398775925,up,5,1,2026-08-27,0.0154428579246246,1.0,,,
2026-08-21,AMZN,stock,258.6300048828125,0.6190303521195188,up,5,1,2026-08-28,0.0308758768137503,1.0,,,
2026-08-21,MSFT,stock,483.239990234375,0.6171711955132448,up,5,1,2026-08-28,0.0638282903717238,1.0,,,
2026-08-21,GOOGL,stock,344.82000732421875,0.6162635001508417,up,5,1,2026-08-28,0.0091224754418859,1.0,,,
2026-08-21,SCHD,stock,35.11000061035156,0.6146009678501477,up,5,1,2026-08-28,-0.0057785842083619,0.0,,,
2026-08-21,JEPI,stock,57.91999816894531,0.5932594726178904,up,5,1,2026-08-28,0.0004315630557614,1.0,,,
2026-08-22,SOL,crypto,96.77,0.5911874640805552,up,5,1,2026-08-27,0.0887407890335362,1.0,,,
2026-08-22,ETH,crypto,2516.11,0.5908770064514262,up,5,1,2026-08-27,-0.0066993642941281,0.0,,,
2026-08-21,META,stock,549.9000244140625,0.5842045949870613,up,5,1,2026-08-28,0.0621487803046074,1.0,,,
2026-08-21,AAPL,stock,309.3500061035156,0.5661257042199888,up,5,1,2026-08-28,0.038648637602675,1.0,,,
2026-08-21,O,stock,62.59999847412109,0.5593694963731417,up,5,1,2026-08-28,-0.0078566404555391,0.0,,,
2026-08-21,XU100,stock,14514.7998046875,0.5547705531945897,up,5,1,2026-08-28,0.0086952258101636,1.0,,,
2026-08-20,KCHOL,stock,218.0,0.5371788414447823,up,5,1,2026-08-27,-0.017584919022676,0.0,,,
2026-08-20,BIMAS,stock,411.0,0.5244060980145279,up,5,1,2026-08-27,0.0084797600791149,1.0,,,
2026-08-20,GARAN,stock,129.3000030517578,0.5231835111681056,up,5,1,2026-08-27,0.0244473360463167,1.0,,,
2026-08-20,AKBNK,stock,69.19999694824219,0.5185180749046077,up,5,1,2026-08-27,0.0493405240389849,1.0,,,
2026-08-22,XRP,crypto,1.5631,0.5106455160606779,up,5,1,2026-08-27,-0.0751074724868054,0.0,,,
2026-08-20,ASELS,stock,402.25,0.509968990108233,up,5,1,2026-08-27,0.0024829311328255,1.0,,,
2026-08-20,SISE,stock,40.0,0.5029594733919612,up,5,1,2026-08-27,-0.0010005232446784,0.0,,,
2026-08-20,THYAO,stock,301.25,0.4963665514253282,down,5,1,2026-08-27,0.0148272897624169,0.0,,,
2026-08-20,EREGL,stock,38.09999847412109,0.4923048923610892,down,5,1,2026-08-27,0.0176903762535198,0.0,,,
2026-08-20,TUPRS,stock,395.25,0.4856217237570356,down,5,1,2026-08-27,-0.0275746871438827,1.0,,,
2026-08-23,USDTRY,fx,48.03549957275391,0.8524208059316639,up,5,1,2026-08-28,0.0040409125997556,1.0,,,
2026-08-21,KCHOL,stock,222.3999938964844,0.6431178879291226,up,5,1,2026-08-28,-0.0385015199107104,0.0,,,
2026-08-21,BIMAS,stock,416.5,0.6415608481944275,up,5,1,2026-08-28,-0.0024038473113945,0.0,,,
2026-08-23,BTC,crypto,76838.27,0.6376266251747248,up,5,1,2026-08-28,0.0461880828412597,1.0,,,
2026-08-21,GARAN,stock,129.89999389648438,0.6143878144918009,up,5,1,2026-08-28,0.0295812938121928,1.0,,,
2026-08-21,EREGL,stock,38.13999938964844,0.6104403680739285,up,5,1,2026-08-28,0.0263922295964374,1.0,,,
2026-08-21,AKBNK,stock,69.69999694824219,0.6047066028880083,up,5,1,2026-08-28,0.048995105294294,1.0,,,
2026-08-21,SISE,stock,39.900001525878906,0.5999789741736795,up,5,1,2026-08-28,0.0059969660242262,1.0,,,
2026-08-23,ETH,crypto,2408.98,0.5862213076031408,up,5,1,2026-08-28,0.0422022070610842,1.0,,,
2026-08-21,TUPRS,stock,406.75,0.5849829348827831,up,5,1,2026-08-28,-0.0267845348446665,0.0,,,
2026-08-23,SOL,crypto,93.35,0.5804323387645481,up,5,1,2026-08-28,0.1606639696302387,1.0,,,
2026-08-21,ASELS,stock,403.25,0.5729710970780217,up,5,1,2026-08-28,0.0018581609558318,1.0,,,
2026-08-21,THYAO,stock,301.0,0.5694991085903394,up,5,1,2026-08-28,0.0213648224976968,1.0,,,
2026-08-23,XRP,crypto,1.4711,0.5051352225491186,up,5,1,2026-08-28,-0.0150677462042876,0.0,,,
2026-08-24,USDTRY,fx,48.072601318359375,0.847547155604704,up,5,1,2026-08-31,0.0037145026518489,1.0,,,
2026-08-24,BTC,crypto,77003.57,0.6493087278342702,up,5,1,2026-08-29,0.0106267364775011,1.0,,,
2026-08-24,ETH,crypto,2437.4,0.625284592465884,up,5,1,2026-08-29,0.0027614254038568,1.0,,,
2026-08-24,SOL,crypto,93.94,0.5890049821021389,up,5,1,2026-08-29,0.1032718978614101,1.0,,,
2026-08-24,XRP,crypto,1.4714,0.5460147473516355,up,5,1,2026-08-29,-0.0599367383048832,0.0,,,
2026-08-24,XAUUSD,commodity,4689.10009765625,0.6192078903165549,up,5,1,2026-08-30,-0.0388770603694655,0.0,,,
2026-08-25,USDTRY,fx,48.094200134277344,0.8604343373980052,up,5,1,2026-09-01,0.0038744270813979,1.0,,,
2026-08-24,SPY,stock,763.469970703125,0.7858340452839548,up,5,1,2026-08-31,0.0046781795939779,1.0,,,
2026-08-24,QQQ,stock,706.3200073242188,0.7647977306784144,up,5,1,2026-08-31,0.0146726671940196,1.0,,,
2026-08-24,NVDA,stock,208.47999572753903,0.7383195954371163,up,5,1,2026-08-31,0.0573236321780086,1.0,,,
2026-08-24,AVGO,stock,358.760009765625,0.7193496553854983,up,5,1,2026-08-31,0.0317678242508661,1.0,,,
2026-08-24,TSLA,stock,348.95001220703125,0.7047941337109283,up,5,1,2026-08-31,0.0530184121030569,1.0,,,
2026-08-25,BTC,crypto,80501.13,0.6517824712767234,up,5,1,2026-08-30,-0.030632698999553,0.0,,,
2026-08-24,MSFT,stock,487.30999755859375,0.6321398072787905,up,5,1,2026-08-31,0.0401823831523375,1.0,,,
2026-08-24,SCHD,stock,35.209999084472656,0.6272957089199439,up,5,1,2026-08-31,-0.0091298694599614,0.0,,,
2026-08-24,AMZN,stock,262.07000732421875,0.6271261321740713,up,5,1,2026-08-31,-0.0088150897608469,0.0,,,
2026-08-24,GOOGL,stock,348.0599975585937,0.6162516239638751,up,5,1,2026-08-31,-0.0253428305560334,0.0,,,
2026-08-25,ETH,crypto,2499.75,0.6121059740698102,up,5,1,2026-08-30,-0.0174409418243719,0.0,,,
2026-08-24,JEPI,stock,58.09000015258789,0.6101662533156381,up,5,1,2026-08-31,-0.010208586827886,0.0,,,
2026-08-24,META,stock,559.02001953125,0.5911337494221335,up,5,1,2026-08-31,0.0235479816786377,1.0,,,
2026-08-24,AAPL,stock,310.3399963378906,0.5910558145597491,up,5,1,2026-08-31,0.0207600361776093,1.0,,,
2026-08-24,O,stock,63.16999816894531,0.5843114097562534,up,5,1,2026-08-31,-0.0303759704122195,0.0,,,
2026-08-24,XU100,stock,14501.5,0.5796167874480859,up,5,1,2026-08-31,0.004645231922309,1.0,,,
2026-08-25,SOL,crypto,101.31,0.560466583071801,up,5,1,2026-08-30,0.0344410040788006,1.0,,,
2026-08-21,GBPUSD,fx,0.7329,0.5327447589427609,up,5,1,2026-08-28,0.006527970958452,1.0,,,
2026-08-21,EURUSD,fx,0.8559,0.5228711092153007,up,5,1,2026-08-28,0.0073337154254701,1.0,,,
2026-08-21,USDCHF,fx,0.8008,0.5203764552547351,up,5,1,2026-08-28,0.0095694510161506,1.0,,,
2026-08-25,XRP,crypto,1.5106,0.5115664540973571,up,5,1,2026-08-30,-0.0824121218138227,0.0,,,
2026-08-21,USDJPY,fx,158.91,0.4990183208026221,down,5,1,2026-08-28,0.0066482934289593,0.0,,,
2026-08-21,AUDUSD,fx,1.3931,0.4867367025127833,down,5,1,2026-08-28,0.0017212942641975,0.0,,,
2026-08-21,USDCNY,fx,6.721,0.4113106939280143,down,5,1,2026-08-28,0.0007436603302491,0.0,,,
2026-08-25,XAUUSD,commodity,4698.2001953125,0.597667564066365,up,5,1,2026-09-01,-0.0601578602977362,0.0,,,
2026-08-24,EWJ,stock,94.83999633789062,0.8048868805577902,up,5,1,2026-08-31,0.0109061583364953,1.0,0.0,btc_r21:+|gold_spy_mom:+|corr_spy63:+,
2026-08-24,EWQ,stock,46.93999862670898,0.7277319962278501,up,5,1,2026-08-31,-0.0232768704277944,0.0,0.0,btc_r21:+|gold_spy_mom:+|corr_spy63:+,
2026-08-24,EWY,stock,173.63999938964844,0.7251249476961289,up,5,1,2026-08-31,0.0407390677706998,1.0,0.0,btc_r21:+|gold_spy_mom:+|corr_spy63:+,
2026-08-24,INDA,stock,49.34999847412109,0.7077223486046604,up,5,1,2026-08-31,0.0070672134935194,1.0,1.0,btc_r21:+|gold_spy_mom:+|corr_spy63:+,
2026-08-24,EWZ,stock,35.16999816894531,0.7029210563752855,up,5,1,2026-08-31,0.0241584964568958,1.0,0.0,btc_r21:+|gold_spy_mom:+|is_stock:+,
2026-08-24,EWG,stock,44.130001068115234,0.6986248023568049,up,5,1,2026-08-31,0.0022634340453253,1.0,0.0,btc_r21:+|gold_spy_mom:+|corr_spy63:+,
2026-08-24,MCHI,stock,54.93000030517578,0.6932791840081447,up,5,1,2026-08-31,-0.0038303572877845,0.0,0.0,btc_r21:+|gold_spy_mom:+|is_stock:+,
2026-08-25,SISE,stock,39.59999847412109,0.6723758787733355,up,5,1,2026-09-01,0.0090498511411195,1.0,1.0,gold_spy_mom:+|btc_r21:+|volu_trend:+,
2026-08-24,EWU,stock,49.09999847412109,0.6692105085693877,up,5,1,2026-08-31,-0.0149792389708031,0.0,0.0,btc_r21:+|gold_spy_mom:+|is_stock:+,
2026-08-25,DAX,stock,26303.359375,0.6466887914511552,up,5,1,2026-09-02,-0.0157966443344974,0.0,0.0,gold_spy_mom:+|btc_r21:+|vix_pct:+,
2026-08-25,BIMAS,stock,411.75,0.6349846075263409,up,5,1,2026-09-01,-0.0233425831852571,0.0,1.0,btc_r21:+|gold_spy_mom:+|volu_trend:+,
2026-08-25,KCHOL,stock,213.8000030517578,0.6326449667310668,up,5,1,2026-09-01,0.0162378884415328,1.0,1.0,btc_r21:+|gold_spy_mom:+|vix_pct:+,
2026-08-25,HSI,stock,25511.099609375,0.6137229474601477,up,5,1,2026-09-02,-0.0094561430241876,0.0,0.0,gold_spy_mom:+|btc_r21:+|corr_spy63:-,
2026-08-25,GARAN,stock,132.60000610351562,0.6115067153181544,up,5,1,2026-09-01,0.0022597960122824,1.0,0.0,gold_spy_mom:+|btc_r21:+|vix_pct:+,
2026-08-25,EREGL,stock,38.040000915527344,0.6091229850548335,up,5,1,2026-09-01,0.0115003521566804,1.0,0.0,gold_spy_mom:+|btc_r21:+|vix_pct:+,
2026-08-25,XU100,stock,14382.3203125,0.6033017412719417,up,5,1,2026-09-02,-0.026364687486906,0.0,1.0,gold_spy_mom:+|btc_r21:+|vix_pct:+,
2026-08-25,FTSE,stock,10873.4404296875,0.6027599463206331,up,5,1,2026-09-02,-0.0103835085003996,0.0,0.0,gold_spy_mom:+|btc_r21:+|vix_pct:+,
2026-08-25,N225,stock,65856.4296875,0.5965048659825016,up,5,1,2026-09-01,0.0054351499447648,1.0,0.0,gold_spy_mom:+|btc_r21:+|corr_spy63:-,
2026-08-25,AKBNK,stock,71.80000305175781,0.5950970233035404,up,5,1,2026-09-01,0.0152041413879674,1.0,1.0,btc_r21:+|gold_spy_mom:+|vix_pct:+,
2026-08-25,ASELS,stock,405.0,0.5915714450384871,up,5,1,2026-09-01,-0.0281708769666963,0.0,0.0,btc_r21:+|gold_spy_mom:+|corr_spy63:-,
2026-08-25,TUPRS,stock,378.75,0.582298415964764,up,5,1,2026-09-01,0.0811084000937985,1.0,0.0,btc_r21:+|gold_spy_mom:+|corr_spy63:-,
2026-08-25,THYAO,stock,300.5,0.5452179849585614,up,5,1,2026-09-01,0.0074596284579393,1.0,1.0,squeeze:-|gold_spy_mom:+|btc_r21:+,
2026-08-25,SPY,stock,765.6099853515625,0.8109784262608192,up,5,1,2026-09-01,-0.006433804521048,0.0,0.0,corr_spy63:+|btc_r21:+|gold_spy_mom:+,
2026-08-25,QQQ,stock,710.719970703125,0.7964189183699394,up,5,1,2026-09-01,-0.0064366968029716,0.0,0.0,btc_r21:+|corr_spy63:+|gold_spy_mom:+,
2026-08-25,EWJ,stock,95.4800033569336,0.7852103500126516,up,5,1,2026-09-01,-0.0027268200429376,0.0,0.0,btc_r21:+|gold_spy_mom:+|corr_spy63:+,
2026-08-25,TSLA,stock,354.0799865722656,0.7824943562852287,up,5,1,2026-09-01,0.0009595056310447,1.0,1.0,btc_r21:+|gold_spy_mom:+|corr_spy63:+,
2026-08-25,AVGO,stock,360.80999755859375,0.7791261913515563,up,5,1,2026-09-01,0.0210892144052159,1.0,0.0,btc_r21:+|gold_spy_mom:+|corr_spy63:+,
2026-08-25,NVDA,stock,211.7799072265625,0.766049523419261,up,5,1,2026-09-01,0.0251559322609896,1.0,0.0,btc_r21:+|gold_spy_mom:+|corr_spy63:+,
2026-08-25,EWQ,stock,46.81499862670898,0.7377598984796201,up,5,1,2026-09-01,-0.0298108908656067,0.0,0.0,btc_r21:+|gold_spy_mom:+|is_stock:+,
2026-08-25,EWG,stock,44.43999862670898,0.7343918533118352,up,5,1,2026-09-01,-0.0227592898571243,0.0,0.0,btc_r21:+|gold_spy_mom:+|try_r5:+,
2026-08-24,HSI,stock,25517.330078125,0.7295703200078774,up,5,1,2026-08-31,0.0019442432272564,1.0,0.0,btc_r21:+|gold_spy_mom:+|volu_trend:+,
2026-08-25,INDA,stock,50.23500061035156,0.7219895775078891,up,5,1,2026-09-01,-0.0131244435258435,0.0,1.0,btc_r21:+|gold_spy_mom:+|corr_spy63:+,
2026-08-25,JEPI,stock,58.163700103759766,0.7217270069782684,up,5,1,2026-09-01,-0.0202101827577286,0.0,0.0,btc_r21:+|gold_spy_mom:+|is_stock:+,
2026-08-25,AMZN,stock,261.2499084472656,0.7147682229083854,up,5,1,2026-09-01,-0.0257444877909738,0.0,0.0,btc_r21:+|gold_spy_mom:+|is_stock:+,
2026-08-25,MSFT,stock,489.3599853515625,0.7125821163662851,up,5,1,2026-09-01,0.0223293847236446,1.0,0.0,btc_r21:+|gold_spy_mom:+|kurt63:+,
2026-08-25,MCHI,stock,55.04999923706055,0.6971244976848339,up,5,1,2026-09-01,-0.0116938916162365,0.0,0.0,btc_r21:+|gold_spy_mom:+|is_stock:+,
2026-08-25,EWY,stock,178.94000244140625,0.6941987457049054,up,5,1,2026-09-01,-0.0177035651528283,0.0,0.0,btc_r21:+|gold_spy_mom:+|vol21:-,
2026-08-25,GOOGL,stock,346.6788024902344,0.6902024383229284,up,5,1,2026-09-01,-0.0374823297309779,0.0,0.0,btc_r21:+|gold_spy_mom:+|vix_pct:+,
2026-08-25,META,stock,565.1500244140625,0.6785440440621633,up,5,1,2026-09-01,0.0246774980035618,1.0,0.0,btc_r21:+|gold_spy_mom:+|is_stock:+,
2026-08-25,EWZ,stock,35.45000076293945,0.6686971350931313,up,5,1,2026-09-01,0.0311049493166129,1.0,0.0,btc_r21:+|gold_spy_mom:+|is_stock:+,
2026-08-24,N225,stock,65528.08984375,0.6609422411349646,up,5,1,2026-08-31,0.0118909126736574,1.0,0.0,btc_r21:+|gold_spy_mom:+|is_stock:+,
2026-08-25,EWU,stock,49.28499984741211,0.6579605194864278,up,5,1,2026-09-01,-0.0224682698665574,0.0,0.0,gold_spy_mom:+|btc_r21:+|is_stock:+,
2026-08-25,AAPL,stock,309.6099853515625,0.655988709501723,up,5,1,2026-09-01,0.0485886900466275,1.0,0.0,btc_r21:+|gold_spy_mom:+|is_stock:+,
2026-08-25,SCHD,stock,35.06990051269531,0.6457577490942956,up,5,1,2026-09-01,-0.0080132118476155,0.0,0.0,btc_r21:+|gold_spy_mom:+|corr_spy63:-,
2026-08-25,O,stock,62.665000915527344,0.5991568054221184,up,5,1,2026-09-01,-0.0210449256672928,0.0,0.0,btc_r21:+|corr_spy63:-|gold_spy_mom:+,
2026-08-26,USDTRY,fx,48.109500885009766,0.8770298964008676,up,5,1,2026-09-02,0.004208592213229,1.0,1.0,vol21:+|hi52_dist:+|rsi14:+,
2026-08-24,SISE,stock,39.7400016784668,0.7377631835572661,up,5,1,2026-08-31,-0.0030242650484619,0.0,1.0,btc_r21:+|gold_spy_mom:+|volu_trend:+,
2026-08-24,BIMAS,stock,412.25,0.7142595014320665,up,5,1,2026-08-31,-0.0165090878842407,0.0,1.0,btc_r21:+|gold_spy_mom:+|volu_trend:+,
2026-08-24,EREGL,stock,38.18000030517578,0.6938478398268519,up,5,1,2026-08-31,0.0155927920461778,1.0,0.0,btc_r21:+|gold_spy_mom:+|volu_trend:+,
2026-08-24,KCHOL,stock,218.8000030517578,0.6903968849479339,up,5,1,2026-08-31,-0.0179853092487212,0.0,1.0,btc_r21:+|gold_spy_mom:+|is_stock:+,
2026-08-24,GARAN,stock,131.60000610351562,0.6711034570369022,up,5,1,2026-08-31,-0.0053334389819763,0.0,0.0,btc_r21:+|gold_spy_mom:+|is_stock:+,
2026-08-24,AKBNK,stock,72.0999984741211,0.6653389463398907,up,5,1,2026-08-31,-0.0034734318395067,0.0,1.0,btc_r21:+|gold_spy_mom:+|vix_pct:+,
2026-08-24,TUPRS,stock,400.5,0.6583091416398291,up,5,1,2026-08-31,-0.0006244146315898,0.0,0.0,btc_r21:+|gold_spy_mom:+|is_stock:+,
2026-08-24,ASELS,stock,399.75,0.6532205227112463,up,5,1,2026-08-31,-0.0343545235021083,0.0,0.0,btc_r21:+|gold_spy_mom:+|is_stock:+,
2026-08-24,THYAO,stock,300.5,0.6127953164120492,up,5,1,2026-08-31,0.0058067355196397,1.0,1.0,btc_r21:+|gold_spy_mom:+|squeeze:-,
2026-08-26,HSI,stock,25690.1796875,0.58437804228226,up,5,1,2026-09-02,-0.0162823767541624,0.0,0.0,gold_spy_mom:+|vix_pct:+|corr_spy63:-,
2026-08-26,BTC,crypto,79025.12,0.5703035014795206,up,5,1,2026-08-31,-0.0058314501594806,0.0,0.0,gold_spy_mom:+|vix_pct:+|btc_r21:+,
2026-08-26,N225,stock,66367.578125,0.5628742210101888,up,5,1,2026-09-02,-0.0312503386744586,0.0,0.0,gold_spy_mom:+|vix_pct:+|corr_spy63:-,
2026-08-26,ETH,crypto,2464.98,0.5620077708957177,up,5,1,2026-08-31,-0.0071125126554541,0.0,0.0,btc_r21:+|vol21:-|gold_spy_mom:+,
2026-08-26,SOL,crypto,97.02,0.5561205346441096,up,5,1,2026-08-31,0.0618486047607714,1.0,1.0,gold_spy_mom:+|btc_r21:+|hi52_dist:-,
2026-08-26,XRP,crypto,1.4384,0.5075904159085883,up,5,1,2026-08-31,-0.0466060938137965,0.0,0.0,vol21:-|btc_r21:+|hi52_dist:-,
2026-08-26,XAUUSD,commodity,4697.60009765625,0.5915121974919021,up,5,1,2026-09-02,-0.0724031747010835,0.0,1.0,gold_spy_mom:+|vix_pct:+|btc_r21:+,
2026-08-26,SPY,stock,764.8599853515625,0.7408265209874084,up,5,1,2026-09-02,-0.0003269106383456,0.0,0.0,corr_spy63:+|gold_spy_mom:+|btc_r21:+,
2026-08-26,AVGO,stock,350.6400146484375,0.7186317262101416,up,5,1,2026-09-02,0.0498705748689937,1.0,0.0,gold_spy_mom:+|btc_r21:+|sma20_gap:+,
2026-08-26,QQQ,stock,709.3599853515625,0.7057049245682263,up,5,1,2026-09-02,-0.0016719133666237,0.0,0.0,gold_spy_mom:+|corr_spy63:+|btc_r21:+,
2026-08-26,TSLA,stock,344.864990234375,0.6804103426967035,up,5,1,2026-09-02,0.0234000279133416,1.0,1.0,gold_spy_mom:+|corr_spy63:+|btc_r21:+,
2026-08-26,EWJ,stock,95.36000061035156,0.6777495792351526,up,5,1,2026-09-02,0.0040292263450194,1.0,0.0,gold_spy_mom:+|corr_spy63:+|btc_r21:+,
2026-08-26,NVDA,stock,209.99989318847656,0.6728301989367285,up,5,1,2026-09-02,0.0689711359423721,1.0,0.0,gold_spy_mom:+|corr_spy63:+|vix_pct:+,
2026-08-26,EWG,stock,44.28499984741211,0.6703555629382295,up,5,1,2026-09-02,-0.0200714020957468,0.0,0.0,gold_spy_mom:+|btc_r21:+|volu_trend:+,
2026-08-26,JEPI,stock,58.1150016784668,0.6555275449820304,up,5,1,2026-09-02,-0.0161321847294263,0.0,0.0,gold_spy_mom:+|btc_r21:+|oil_r5:-,
2026-08-26,AMZN,stock,258.7149963378906,0.6524675970454961,up,5,1,2026-09-02,-0.0152481198997916,0.0,0.0,gold_spy_mom:+|btc_r21:+|kurt63:+,
2026-08-26,INDA,stock,49.744998931884766,0.6482673055815945,up,5,1,2026-09-02,0.0034116425606042,1.0,1.0,gold_spy_mom:+|btc_r21:+|corr_spy63:+,
2026-08-26,GOOGL,stock,340.4200134277344,0.6461089230137345,up,5,1,2026-09-02,-0.0062766477780235,0.0,0.0,gold_spy_mom:+|btc_r21:+|corr_spy63:+,
2026-08-26,EWQ,stock,46.81499862670898,0.6450492649555392,up,5,1,2026-09-02,-0.0288210203636598,0.0,0.0,gold_spy_mom:+|btc_r21:+|corr_spy63:+,
2026-08-26,EWY,stock,179.72500610351562,0.6424963710030874,up,5,1,2026-09-02,-0.0089142906143341,0.0,0.0,gold_spy_mom:+|btc_r21:+|corr_spy63:+,
2026-08-26,GARAN,stock,133.3000030517578,0.6416702111721153,up,5,1,2026-09-02,-0.0204629865018173,0.0,0.0,gold_spy_mom:+|volu_trend:+|corr_spy63:-,
2026-08-26,EWZ,stock,35.86000061035156,0.6351835452084271,up,5,1,2026-09-02,0.0563966144907623,1.0,0.0,gold_spy_mom:+|vix_pct:+|try_r5:+,
2026-08-26,DAX,stock,26285.9609375,0.6349847668586565,up,5,1,2026-09-02,-0.0159355188987797,0.0,0.0,gold_spy_mom:+|oil_r5:-|btc_r21:+,
2026-08-26,AKBNK,stock,73.1500015258789,0.6307262811177882,up,5,1,2026-09-02,-0.0390293864551448,0.0,1.0,gold_spy_mom:+|btc_r21:+|vix_pct:+,
2026-08-26,XU100,stock,14610.919921875,0.6280516540589579,up,5,1,2026-09-02,-0.0449178342871015,0.0,1.0,gold_spy_mom:+|obv_slope:+|vix_pct:+,
2026-08-26,SISE,stock,40.2400016784668,0.6235837995249601,up,5,1,2026-09-02,-0.0379888661975823,0.0,1.0,gold_spy_mom:+|corr_spy63:-|vix_pct:+,
2026-08-26,BIMAS,stock,418.25,0.6234550055170714,up,5,1,2026-09-02,-0.0396272512479122,0.0,1.0,gold_spy_mom:+|vix_pct:+|hi52_dist:+,
2026-08-26,META,stock,577.405029296875,0.6217280285503374,up,5,1,2026-09-02,0.0270120383588043,1.0,0.0,gold_spy_mom:+|try_r5:+|btc_r21:+,
2026-08-26,MCHI,stock,55.13999938964844,0.6163824292974711,up,5,1,2026-09-02,-0.0121335417064693,0.0,0.0,gold_spy_mom:+|vix_pct:+|try_r5:+,
2026-08-26,KCHOL,stock,214.1999969482422,0.6130766181771432,up,5,1,2026-09-02,-0.0221864044042205,0.0,1.0,gold_spy_mom:+|vix_pct:+|corr_spy63:-,
2026-08-26,EREGL,stock,38.70000076293945,0.6128815545307702,up,5,1,2026-09-02,-0.0395308379617079,0.0,0.0,gold_spy_mom:+|volu_trend:+|dd20:-,
2026-08-26,MSFT,stock,494.1700134277344,0.6093243346451056,up,5,1,2026-09-02,0.0043815536650293,1.0,0.0,gold_spy_mom:+|kurt63:+|skew21:-,
2026-08-26,EWU,stock,48.99760055541992,0.6081577250684215,up,5,1,2026-09-02,-0.0176579089786584,0.0,0.0,gold_spy_mom:+|vix_pct:+|try_r5:+,
2026-08-26,THYAO,stock,308.5,0.6010292908029938,up,5,1,2026-09-02,-0.0329519105127857,0.0,1.0,gold_spy_mom:+|volu_trend:+|corr_spy63:-,
2026-08-26,FTSE,stock,10878.1201171875,0.5962345877602662,up,5,1,2026-09-03,-0.0119881417556647,0.0,0.0,gold_spy_mom:+|oil_r5:-|round_dist:+,
2026-08-26,AAPL,stock,313.3999938964844,0.5949598229804675,up,5,1,2026-09-02,0.0382971229028978,1.0,0.0,gold_spy_mom:+|corr_spy63:-|vix_pct:+,
2026-08-26,ASELS,stock,398.25,0.5919101561169203,up,5,1,2026-09-02,-0.0325387557867737,0.0,0.0,gold_spy_mom:+|corr_spy63:-|vix_pct:+,
2026-08-26,SCHD,stock,35.150001525878906,0.5855445608453831,up,5,1,2026-09-02,-0.0035625258786764,0.0,0.0,gold_spy_mom:+|corr_spy63:-|try_r5:+,
2026-08-26,TUPRS,stock,380.0,0.5770362558772634,up,5,1,2026-09-02,0.041874072471059,1.0,0.0,gold_spy_mom:+|corr_spy63:-|dd20:-,
2026-08-26,O,stock,62.51499938964844,0.5137077467937939,up,5,1,2026-09-02,-0.0141960886076367,0.0,0.0,corr_spy63:-|gold_spy_mom:+|vix_pct:+,
2026-08-27,USDTRY,fx,48.13100051879883,0.8761271438392166,up,5,1,2026-09-03,0.0048789214045968,1.0,1.0,vol21:+|hi52_dist:+|rsi14:+,
2026-08-27,SPY,stock,769.1099853515625,0.7760094600310974,up,5,1,2026-09-03,0.0043591519972203,1.0,0.0,corr_spy63:+|btc_r21:+|gold_spy_mom:+,
2026-08-27,QQQ,stock,718.239990234375,0.7455786803698874,up,5,1,2026-09-03,-0.0020766566735384,0.0,0.0,corr_spy63:+|btc_r21:+|gold_spy_mom:+,
2026-08-27,EWJ,stock,95.56500244140624,0.7309118181227188,up,5,1,2026-09-03,0.0263335685249291,1.0,0.0,gold_spy_mom:+|btc_r21:+|corr_spy63:+,
2026-08-27,NVDA,stock,225.8946075439453,0.699523999664418,up,5,1,2026-09-03,0.0066200599748908,1.0,0.0,gold_spy_mom:+|btc_r21:+|obv_slope:+,
2026-08-27,TSLA,stock,352.3330078125,0.6961121228594759,up,5,1,2026-09-03,0.0808467113030544,1.0,1.0,gold_spy_mom:+|btc_r21:+|corr_spy63:+,
2026-08-27,EWG,stock,44.3650016784668,0.6935816352344591,up,5,1,2026-09-03,-0.0100811526098361,0.0,0.0,gold_spy_mom:+|btc_r21:+|volu_trend:+,
2026-08-27,GARAN,stock,132.5,0.6777493629972372,up,5,1,2026-09-03,0.0045181258314043,1.0,0.0,gold_spy_mom:+|btc_r21:+|volu_trend:+,
2026-08-27,EWQ,stock,46.03900146484375,0.6721554426608698,up,5,1,2026-09-03,-0.00607858480022,0.0,0.0,gold_spy_mom:+|btc_r21:+|corr_spy63:+,
2026-08-27,AVGO,stock,367.2999877929688,0.6653773491921037,up,5,1,2026-09-03,-0.0335260551490465,0.0,0.0,gold_spy_mom:+|btc_r21:+|corr_spy63:+,
2026-08-27,AKBNK,stock,72.69999694824219,0.6617812083891104,up,5,1,2026-09-03,-0.0055171711876916,0.0,1.0,gold_spy_mom:+|btc_r21:+|volu_trend:+,
2026-08-27,GOOGL,stock,340.1199951171875,0.6614406290024952,up,5,1,2026-09-03,0.0060971825104113,1.0,0.0,gold_spy_mom:+|btc_r21:+|corr_spy63:+,
2026-08-27,DAX,stock,26287.23046875,0.6557867334640773,up,5,1,2026-09-03,-0.0108590535716515,0.0,0.0,gold_spy_mom:+|btc_r21:+|vix_pct:+,
2026-08-27,AMZN,stock,257.39990234375,0.6537328781521918,up,5,1,2026-09-03,0.0039553044879237,1.0,0.0,gold_spy_mom:+|btc_r21:+|obv_slope:+,
2026-08-27,EWY,stock,181.4750061035156,0.6498236799983783,up,5,1,2026-09-03,-0.0060521729965705,0.0,0.0,btc_r21:+|gold_spy_mom:+|corr_spy63:+,
2026-08-27,JEPI,stock,57.84000015258789,0.6476655116871459,up,5,1,2026-09-03,-0.0072008451992921,0.0,0.0,gold_spy_mom:+|btc_r21:+|vol21:+,
2026-08-27,THYAO,stock,305.75,0.645514858341038,up,5,1,2026-09-03,-0.0374887714756403,0.0,1.0,gold_spy_mom:+|btc_r21:+|volu_trend:+,
2026-08-27,INDA,stock,49.595001220703125,0.6437630645546034,up,5,1,2026-09-03,0.0064335173372305,1.0,1.0,gold_spy_mom:+|btc_r21:+|corr_spy63:+,
2026-08-27,EREGL,stock,38.77999877929688,0.6383865566499586,up,5,1,2026-09-03,-0.0314325756273609,0.0,0.0,gold_spy_mom:+|btc_r21:+|streak:+,
2026-08-27,XAUUSD,commodity,4629.7998046875,0.6362165526180499,up,5,1,2026-09-03,-0.0339402834913032,0.0,1.0,gold_spy_mom:+|btc_r21:+|volu_trend:+,
2026-08-27,XU100,stock,14550.400390625,0.633702508867632,up,5,1,2026-09-03,-0.0433971448262731,0.0,1.0,gold_spy_mom:+|btc_r21:+|obv_slope:+,
2026-08-27,BIMAS,stock,414.5,0.6307794836835781,up,5,1,2026-09-03,-0.0151932427247752,0.0,1.0,gold_spy_mom:+|btc_r21:+|vix_pct:+,
2026-08-27,SOL,crypto,105.75,0.6255143573255978,up,5,1,2026-09-01,-0.0352230407454633,0.0,1.0,btc_r21:+|gold_spy_mom:+|volu_trend:+,
2026-08-27,SISE,stock,39.959999084472656,0.6248605272745099,up,5,1,2026-09-03,-0.0263707205980807,0.0,1.0,gold_spy_mom:+|btc_r21:+|corr_spy63:-,
2026-08-27,KCHOL,stock,214.1999969482422,0.6236281228023023,up,5,1,2026-09-03,-0.0032733110977336,0.0,1.0,gold_spy_mom:+|btc_r21:+|corr_spy63:-,
2026-08-27,EWU,stock,48.51499938964844,0.6225440425556297,up,5,1,2026-09-03,0.0030870887947213,1.0,0.0,gold_spy_mom:+|btc_r21:+|vix_pct:+,
2026-08-25,NATGAS,commodity,2.7,0.6203142918051446,up,5,1,2026-09-01,0.0714589639821448,1.0,0.0,hi52_dist:+|gold_spy_mom:+|vol21:-,
2026-08-27,BTC,crypto,79627.5,0.6192003217465225,up,5,1,2026-09-01,-0.0214416376312101,0.0,0.0,btc_r21:+|gold_spy_mom:+|rsi14:+,
2026-08-27,EWZ,stock,35.48500061035156,0.6176544307293588,up,5,1,2026-09-03,0.0703164732010153,1.0,0.0,gold_spy_mom:+|btc_r21:+|vix_pct:+,
2026-08-27,MCHI,stock,54.92499923706055,0.6149167973730804,up,5,1,2026-09-03,-0.0072176178280357,0.0,0.0,gold_spy_mom:+|btc_r21:+|is_stock:+,
2026-08-27,ETH,crypto,2499.31,0.610528787591145,up,5,1,2026-09-01,-0.0196899625458682,0.0,0.0,btc_r21:+|gold_spy_mom:+|vol21:-,
2026-08-27,ASELS,stock,403.25,0.6096951403212305,up,5,1,2026-09-03,-0.0673115295573074,0.0,0.0,gold_spy_mom:+|btc_r21:+|corr_spy63:-,
2026-08-27,META,stock,583.239990234375,0.6062963616604992,up,5,1,2026-09-03,0.0496223011861908,1.0,0.0,gold_spy_mom:+|btc_r21:+|is_stock:+,
2026-08-27,FTSE,stock,10794.240234375,0.6059684654438838,up,5,1,2026-09-04,0.0032427253789982,1.0,0.0,gold_spy_mom:+|btc_r21:+|vix_pct:+,
2026-08-27,AAPL,stock,310.17999267578125,0.6040441092561608,up,5,1,2026-09-03,0.0563793361778574,1.0,0.0,gold_spy_mom:+|btc_r21:+|corr_spy63:-,
2026-08-27,MSFT,stock,503.7799987792969,0.5895550026061545,up,5,1,2026-09-03,0.0136622352832867,1.0,0.0,gold_spy_mom:+|btc_r21:+|kurt63:+,
2026-08-27,O,stock,61.7598991394043,0.5787420198107044,up,5,1,2026-09-03,0.0003253951218765,1.0,0.0,corr_spy63:-|btc_r21:+|gold_spy_mom:+,
2026-08-27,N225,stock,66131.9765625,0.5713599571142802,up,5,1,2026-09-03,-0.0294236525486869,0.0,0.0,gold_spy_mom:+|btc_r21:+|corr_spy63:-,
2026-08-27,SCHD,stock,34.779998779296875,0.5704553194124562,up,5,1,2026-09-03,0.0096343047229945,1.0,0.0,gold_spy_mom:+|btc_r21:+|corr_spy63:-,
2026-08-27,HSI,stock,25565.740234375,0.5698111416233783,up,5,1,2026-09-04,0.0041936719489483,1.0,0.0,gold_spy_mom:+|btc_r21:+|corr_spy63:-,
2026-08-27,TUPRS,stock,384.5,0.5569630708563102,up,5,1,2026-09-03,0.018041726485159,1.0,0.0,gold_spy_mom:+|btc_r21:+|corr_spy63:-,
2026-08-27,XRP,crypto,1.45,0.5457599048484156,up,5,1,2026-09-01,-0.0601161304304401,0.0,0.0,btc_r21:+|gold_spy_mom:+|vol21:-,
2026-08-25,WTI,commodity,83.9,0.5036124889464773,up,5,1,2026-09-01,0.0864947556814199,1.0,1.0,corr_spy63:-|r63:+|is_stock:-,
2026-08-25,BRENT,commodity,88.24,0.4241136866100103,down,5,1,2026-09-02,0.1007146542081228,0.0,0.0,corr_spy63:-|hi52_dist:-|vol21:-,
2026-08-28,USDTRY,fx,48.22679901123047,0.8699920417636822,up,5,1,2026-09-03,0.0028905297131695,1.0,1.0,vol21:+|hi52_dist:+|rsi14:+,
2026-08-28,BTC,crypto,80470.52,0.6442301224576827,up,5,1,2026-09-02,-0.0384010221806023,0.0,0.0,btc_r21:+|gold_spy_mom:+|volu_trend:+,
2026-08-28,ETH,crypto,2512.82,0.6378001586016069,up,5,1,2026-09-02,-0.039143352864571,0.0,0.0,btc_r21:+|gold_spy_mom:+|volu_trend:+,
2026-08-28,XAUUSD,commodity,4649.39990234375,0.6321204250419998,up,5,1,2026-09-04,-0.0292444031174081,0.0,1.0,btc_r21:+|gold_spy_mom:+|is_stock:-,
2026-08-28,SOL,crypto,109.62,0.6300467918706099,up,5,1,2026-09-02,-0.0939518617217492,0.0,1.0,btc_r21:+|gold_spy_mom:+|volu_trend:+,
2026-08-28,N225,stock,66466.21875,0.5951936581226104,up,5,1,2026-09-04,-0.0219844363809901,0.0,0.0,btc_r21:+|gold_spy_mom:+|corr_spy63:-,
2026-08-28,XRP,crypto,1.4491,0.5915851459829536,up,5,1,2026-09-02,-0.0747717342220542,0.0,0.0,btc_r21:+|gold_spy_mom:+|vol21:-,
2026-08-28,HSI,stock,25684.890625,0.5746262657618173,up,5,1,2026-09-04,-0.0013254499207227,0.0,0.0,gold_spy_mom:+|btc_r21:+|corr_spy63:-,
2026-08-28,SPY,stock,774.9199829101562,0.7542199533669728,up,5,1,2026-09-04,-0.0056292659292311,0.0,0.0,corr_spy63:+|gold_spy_mom:+|oil_r5:+,
2026-08-28,QQQ,stock,723.317626953125,0.7090643889510609,up,5,1,2026-09-04,-0.006599237799166,0.0,0.0,corr_spy63:+|gold_spy_mom:+|vix_pct:+,
2026-08-28,TSLA,stock,352.3399963378906,0.6676690491022137,up,5,1,2026-09-04,-0.0013774179685957,0.0,1.0,gold_spy_mom:+|corr_spy63:+|vix_pct:+,
2026-08-28,AVGO,stock,373.5150146484375,0.6635805044107781,up,5,1,2026-09-04,-0.0488142956637473,0.0,0.0,gold_spy_mom:+|corr_spy63:+|vix_pct:+,
2026-08-28,EWJ,stock,96.48999786376952,0.6600682642063368,up,5,1,2026-09-04,0.0176177953134985,1.0,0.0,gold_spy_mom:+|corr_spy63:+|vix_pct:+,
2026-08-28,EWQ,stock,46.34000015258789,0.6415274996985151,up,5,1,2026-09-04,-0.0144544367366051,0.0,0.0,gold_spy_mom:+|corr_spy63:+|vix_pct:+,
2026-08-28,DAX,stock,26589.669921875,0.6409373805593437,up,5,1,2026-09-04,-0.0226485588945985,0.0,0.0,gold_spy_mom:+|vix_pct:+|oil_r5:+,
2026-08-28,EWG,stock,44.7400016784668,0.6342923635690605,up,5,1,2026-09-04,-0.0187259124793927,0.0,0.0,gold_spy_mom:+|vix_pct:+|corr_spy63:+,
2026-08-28,JEPI,stock,57.94499969482422,0.6325565073257741,up,5,1,2026-09-04,-0.0117190769562743,0.0,0.0,gold_spy_mom:+|vol21:+|vix_pct:+,
2026-08-28,INDA,stock,49.650001525878906,0.6316682414283351,up,5,1,2026-09-04,0.0056236094007021,1.0,1.0,gold_spy_mom:+|corr_spy63:+|vix_pct:+,
2026-08-28,EWY,stock,182.9499969482422,0.6276493076408906,up,5,1,2026-09-04,0.0191647730145108,1.0,0.0,gold_spy_mom:+|corr_spy63:+|vix_pct:+,
2026-08-28,GOOGL,stock,347.9800109863281,0.6143814468833383,up,5,1,2026-09-04,-0.0266760239006493,0.0,0.0,gold_spy_mom:+|vix_pct:+|corr_spy63:+,
2026-08-28,MSFT,stock,515.0900268554688,0.614155920203199,up,5,1,2026-09-04,-0.0280340526656813,0.0,0.0,gold_spy_mom:+|kurt63:+|vix_pct:+,
2026-08-28,FTSE,stock,10816.23046875,0.60649654494733,up,5,1,2026-09-07,-0.0010138925087498,0.0,0.0,gold_spy_mom:+|vix_pct:+|round_dist:+,
2026-08-28,XU100,stock,14641.5595703125,0.6063327281426587,up,5,1,2026-09-04,-0.0461347311499527,0.0,1.0,gold_spy_mom:+|vix_pct:+|obv_slope:+,
2026-08-28,NVDA,stock,224.009994506836,0.6056983025369828,up,5,1,2026-09-04,0.0329323762163147,1.0,0.0,gold_spy_mom:+|vix_pct:+|corr_spy63:+,
2026-08-28,GARAN,stock,133.8000030517578,0.6055525481625509,up,5,1,2026-09-04,-0.0181001109018637,0.0,0.0,gold_spy_mom:+|vix_pct:+|corr_spy63:-,
2026-08-28,KCHOL,stock,214.0,0.6042153574832779,up,5,1,2026-09-04,0.0051270496270793,1.0,1.0,gold_spy_mom:+|vix_pct:+|corr_spy63:-,
2026-08-28,META,stock,585.1599731445312,0.6038661479698643,up,5,1,2026-09-04,0.0419424333930788,1.0,0.0,gold_spy_mom:+|vix_pct:+|eur_r5:+,
2026-08-28,MCHI,stock,55.2599983215332,0.5867778622742513,up,5,1,2026-09-04,-0.0074471302191623,0.0,0.0,gold_spy_mom:+|vix_pct:+|oil_r5:+,
2026-08-28,EWZ,stock,35.244998931884766,0.5864489462073604,up,5,1,2026-09-04,0.0771029174578325,1.0,0.0,gold_spy_mom:+|vix_pct:+|oil_r5:+,
2026-08-28,AKBNK,stock,73.19999694824219,0.5859585896479086,up,5,1,2026-09-04,-0.0186147879885571,0.0,1.0,gold_spy_mom:+|vix_pct:+|corr_spy63:-,
2026-08-28,THYAO,stock,307.5,0.5855432868429392,up,5,1,2026-09-04,-0.0381156329225121,0.0,1.0,gold_spy_mom:+|vix_pct:+|corr_spy63:-,
2026-08-28,BIMAS,stock,415.5,0.5852305198211967,up,5,1,2026-09-04,0.0006015037775341,1.0,1.0,gold_spy_mom:+|vix_pct:+|round_dist:+,
2026-08-28,EWU,stock,48.584999084472656,0.5840862274121397,up,5,1,2026-09-04,0.0009258239322409,1.0,0.0,gold_spy_mom:+|vix_pct:+|is_stock:+,
2026-08-28,SISE,stock,40.13999938964844,0.5823816404121561,up,5,1,2026-09-04,-0.026762454134032,0.0,1.0,gold_spy_mom:+|vix_pct:+|corr_spy63:-,
2026-08-28,AAPL,stock,321.5400085449219,0.5800526470192631,up,5,1,2026-09-04,-0.0007467511806178,0.0,0.0,gold_spy_mom:+|vix_pct:+|corr_spy63:-,
2026-08-28,ASELS,stock,404.0,0.576439223138501,up,5,1,2026-09-04,-0.0397654159323535,0.0,0.0,gold_spy_mom:+|vix_pct:+|corr_spy63:-,
2026-08-28,AMZN,stock,266.739990234375,0.5747396644553848,up,5,1,2026-09-04,-0.0365137091064313,0.0,0.0,gold_spy_mom:+|vix_pct:+|vol21:-,
2026-08-28,SCHD,stock,34.90769958496094,0.5664325538099252,up,5,1,2026-09-04,-0.0008139172974801,0.0,0.0,gold_spy_mom:+|corr_spy63:-|vix_pct:+,
2026-08-28,EREGL,stock,39.15999984741211,0.5594716375918939,up,5,1,2026-09-04,-0.0513470319775595,0.0,0.0,gold_spy_mom:+|vix_pct:+|dd20:-,
2026-08-28,TUPRS,stock,396.0,0.5382910037156026,up,5,1,2026-09-04,-0.0191210414467783,0.0,0.0,gold_spy_mom:+|vix_pct:+|corr_spy63:-,
2026-08-28,O,stock,62.11009979248047,0.5367485805468968,up,5,1,2026-09-04,-0.0091400284646697,0.0,0.0,corr_spy63:-|gold_spy_mom:+|vix_pct:+,
2026-08-29,ETH,crypto,2444.14,0.5367745054612586,up,5,1,2026-09-03,-0.0143653751315013,0.0,0.0,kurt63:+|vol21:-|skew21:-,
2026-08-29,XRP,crypto,1.3858,0.5347600383211102,up,5,1,2026-09-03,-0.005644417619677,0.0,0.0,kurt63:+|vol21:-|vix_z:+,
2026-08-29,BTC,crypto,77826.23,0.5281905827139226,up,5,1,2026-09-03,0.0018851180212292,1.0,0.0,vix_pct:+|du20:+|skew21:-,
2026-08-29,SOL,crypto,104.16,0.5170746612974124,up,5,1,2026-09-03,-0.0314018975481427,0.0,1.0,vol21:-|rsi14:+|r10:-,
2026-08-30,ETH,crypto,2456.53,0.5577047705238556,up,5,1,2026-09-04,0.0198622505133823,1.0,0.0,kurt63:+|vol21:-|gold_spy_mom:+,
2026-08-30,XRP,crypto,1.3911,0.5496171308281057,up,5,1,2026-09-04,0.0357975319049532,1.0,0.0,kurt63:+|vol21:-|gold_spy_mom:+,
2026-08-30,BTC,crypto,78072.55,0.5469994861313183,up,5,1,2026-09-04,0.0323562817295346,1.0,0.0,gold_spy_mom:+|vix_pct:+|corr_spy63:-,
2026-08-30,SOL,crypto,104.86,0.5363137705437437,up,5,1,2026-09-04,-0.0126681156706313,0.0,1.0,vix_pct:+|vol21:-|r10:-,
2026-08-30,USDTRY,fx,48.23809814453125,0.8734191803894074,up,5,1,2026-09-04,0.0039703359393762,1.0,1.0,vol21:+|hi52_dist:+|rsi14:+,
2026-08-30,XAUUSD,commodity,4510.2998046875,0.6139681419762535,up,5,1,2026-09-04,0.001130128048708,1.0,1.0,gold_spy_mom:+|vix_pct:+|oil_r5:+,
2026-08-31,USDTRY,fx,48.257301330566406,0.860668401500381,up,5,1,2026-09-07,0.0039026187008748,1.0,1.0,vol21:+|hi52_dist:+|rsi14:+,
2026-08-31,DAX,stock,26417.630859375,0.6423406371355296,up,5,1,2026-09-07,-0.0166414640449988,0.0,0.0,gold_spy_mom:+|btc_r21:+|oil_r5:+,
2026-08-31,AKBNK,stock,73.0999984741211,0.6338375029040239,up,5,1,2026-09-07,-0.0068634450687417,0.0,1.0,gold_spy_mom:+|btc_r21:+|corr_spy63:-,
2026-08-31,GARAN,stock,132.6999969482422,0.6336467441719251,up,5,1,2026-09-07,-0.0015082729144633,0.0,0.0,gold_spy_mom:+|btc_r21:+|volu_trend:+,
2026-08-31,SISE,stock,40.08000183105469,0.6193436900138202,up,5,1,2026-09-07,-0.019144214943977,0.0,1.0,gold_spy_mom:+|btc_r21:+|corr_spy63:-,
2026-08-31,XAUUSD,commodity,4493.39990234375,0.6129828355969955,up,5,1,2026-09-06,-0.0037457802297624,0.0,1.0,btc_r21:+|gold_spy_mom:+|volu_trend:+,
2026-08-31,THYAO,stock,304.5,0.610981995529787,up,5,1,2026-09-07,-0.0333920840583102,0.0,1.0,gold_spy_mom:+|btc_r21:+|corr_spy63:-,
2026-08-31,KCHOL,stock,216.5,0.610641226343719,up,5,1,2026-09-07,0.0046083030861941,1.0,1.0,gold_spy_mom:+|btc_r21:+|corr_spy63:-,
2026-08-31,BIMAS,stock,410.5,0.5910460073749658,up,5,1,2026-09-07,0.0193009610370471,1.0,1.0,gold_spy_mom:+|btc_r21:+|corr_spy63:-,
2026-08-31,ASELS,stock,395.75,0.5882225002093754,up,5,1,2026-09-07,0.0012626264303687,1.0,0.0,gold_spy_mom:+|btc_r21:+|corr_spy63:-,
2026-08-31,EREGL,stock,39.119998931884766,0.588100693228371,up,5,1,2026-09-07,-0.0369737031719714,0.0,0.0,gold_spy_mom:+|btc_r21:+|corr_spy63:-,
2026-08-31,ETH,crypto,2447.51,0.5870736071175173,up,5,1,2026-09-05,0.0048340383686953,1.0,0.0,btc_r21:+|kurt63:+|vol21:-,
2026-08-31,XRP,crypto,1.3729,0.5815103010048334,up,5,1,2026-09-05,0.0238946236932108,1.0,0.0,kurt63:+|vol21:-|btc_r21:+,
2026-08-31,XU100,stock,14569.01953125,0.581046082281647,up,5,1,2026-09-07,-0.0325778537343852,0.0,1.0,btc_r21:+|obv_slope:+|gold_spy_mom:+,
2026-08-31,TUPRS,stock,402.0,0.5612974391459724,up,5,1,2026-09-07,-0.0303053494953289,0.0,0.0,gold_spy_mom:+|btc_r21:+|corr_spy63:-,
2026-08-31,BTC,crypto,78565.63,0.5572744872923504,up,5,1,2026-09-05,0.014891315510897,1.0,0.0,btc_r21:+|corr_spy63:-|gold_spy_mom:+,
2026-08-31,N225,stock,66311.9296875,0.555556636847624,up,5,1,2026-09-07,0.0013248873567533,1.0,0.0,btc_r21:+|gold_spy_mom:+|obv_slope:+,
2026-08-31,SOL,crypto,103.21,0.5525252331482147,up,5,1,2026-09-05,-0.0077813834904956,0.0,1.0,btc_r21:+|corr_spy63:-|r10:-,
2026-08-31,HSI,stock,25566.990234375,0.5374594363689772,up,5,1,2026-09-07,-0.0060365331847235,0.0,0.0,btc_r21:+|corr_spy63:-|gold_spy_mom:+,
2026-08-31,SPY,stock,767.0499877929688,0.7966434439000872,up,5,1,2026-09-08,0.000853594657862,1.0,0.0,corr_spy63:+|btc_r21:+|gold_spy_mom:+,
2026-08-31,QQQ,stock,716.760009765625,0.7620748382920889,up,5,1,2026-09-08,0.0053223424465678,1.0,0.0,corr_spy63:+|btc_r21:+|gold_spy_mom:+,
2026-08-31,EWJ,stock,95.87999725341795,0.7191571570502094,up,5,1,2026-09-08,0.0238080312287945,1.0,0.0,btc_r21:+|gold_spy_mom:+|corr_spy63:+,
2026-08-31,AVGO,stock,370.3399963378906,0.7085809042393264,up,5,1,2026-09-08,-0.0078342045253525,0.0,0.0,gold_spy_mom:+|btc_r21:+|corr_spy63:+,
2026-08-31,EWY,stock,180.8600006103516,0.6824291795513465,up,5,1,2026-09-08,0.054864247376592,1.0,0.0,gold_spy_mom:+|btc_r21:+|corr_spy63:+,
2026-08-31,TSLA,stock,367.9500122070313,0.682144403463086,up,5,1,2026-09-08,-0.0004621625548009,0.0,1.0,btc_r21:+|gold_spy_mom:+|corr_spy63:+,
2026-08-31,EWQ,stock,45.86000061035156,0.6817220970223663,up,5,1,2026-09-08,-0.000981772296303,0.0,0.0,gold_spy_mom:+|btc_r21:+|corr_spy63:+,
2026-08-31,GOOGL,stock,339.3500061035156,0.6812775672389999,up,5,1,2026-09-08,0.0,0.0,0.0,gold_spy_mom:+|btc_r21:+|corr_spy63:+,
2026-08-31,EWG,stock,44.22999954223633,0.6796282416622982,up,5,1,2026-09-08,-0.0119407276023941,0.0,0.0,btc_r21:+|gold_spy_mom:+|corr_spy63:+,
2026-08-31,EWZ,stock,36.02999877929688,0.6732606777311262,up,5,1,2026-09-08,0.0685116853022057,1.0,0.0,gold_spy_mom:+|btc_r21:+|vix_pct:+,
2026-08-31,NVDA,stock,220.77999877929688,0.6700608790366367,up,5,1,2026-09-08,0.0232355274391743,1.0,0.0,btc_r21:+|gold_spy_mom:+|corr_spy63:+,
2026-08-31,INDA,stock,49.70000076293945,0.6658935189767575,up,5,1,2026-09-08,-0.0089940414604176,0.0,1.0,btc_r21:+|gold_spy_mom:+|corr_spy63:+,
2026-08-31,JEPI,stock,57.5,0.6558944431851463,up,5,1,2026-09-08,-0.0088214218550707,0.0,0.0,gold_spy_mom:+|btc_r21:+|corr_spy63:+,
2026-08-31,MSFT,stock,507.2900085449219,0.6444421389240441,up,5,1,2026-09-08,-0.0297305453636408,0.0,0.0,gold_spy_mom:+|btc_r21:+|kurt63:+,
2026-08-31,META,stock,572.3400268554688,0.6408501579921809,up,5,1,2026-09-08,0.0765691044970168,1.0,0.0,gold_spy_mom:+|btc_r21:+|vix_pct:+,
2026-08-31,AMZN,stock,259.7699890136719,0.6395409632943154,up,5,1,2026-09-08,-0.0100591848079409,0.0,0.0,gold_spy_mom:+|btc_r21:+|kurt63:+,
2026-08-31,MCHI,stock,54.720001220703125,0.6352128722709425,up,5,1,2026-09-08,-0.0132896842043083,0.0,0.0,gold_spy_mom:+|btc_r21:+|vix_pct:+,
2026-08-31,AAPL,stock,316.8500061035156,0.6211774598111826,up,5,1,2026-09-08,-0.0017847775993204,0.0,0.0,gold_spy_mom:+|btc_r21:+|corr_spy63:-,
2026-08-31,SCHD,stock,34.88999938964844,0.615932491546593,up,5,1,2026-09-08,-0.0134172152527344,0.0,0.0,gold_spy_mom:+|btc_r21:+|corr_spy63:-,
2026-08-31,EWU,stock,48.369998931884766,0.6051353021034305,up,5,1,2026-09-08,0.001239697963809,1.0,0.0,gold_spy_mom:+|btc_r21:+|corr_spy63:-,
2026-08-31,O,stock,61.27999877929688,0.5786373048574998,up,5,1,2026-09-08,-0.0001631713034294,0.0,0.0,corr_spy63:-|btc_r21:+|gold_spy_mom:+,
2026-09-01,USDTRY,fx,48.273399353027344,0.8809257032846938,up,5,1,2026-09-08,0.0037466327346516,1.0,1.0,vol21:+|hi52_dist:+|rsi14:+,
2026-09-01,DAX,stock,26088.919921875,0.6277655687882241,up,5,1,2026-09-08,-0.008763027148968,0.0,0.0,gold_spy_mom:+|btc_r21:+|vix_pct:+,
2026-09-01,XAUUSD,commodity,4423.89990234375,0.6040972864975871,up,5,1,2026-09-09,0.0060173025805815,1.0,1.0,obv_slope:+|gold_spy_mom:+|btc_r21:+,
2026-09-01,FTSE,stock,10735.1201171875,0.5970070675569215,up,5,1,2026-09-08,0.0056615873903868,1.0,0.0,gold_spy_mom:+|vix_pct:+|btc_r21:+,
2026-09-01,XU100,stock,14402.6904296875,0.5898704801821597,up,5,1,2026-09-08,-0.0188806323027862,0.0,1.0,gold_spy_mom:+|btc_r21:+|vix_pct:+,
2026-09-01,TUPRS,stock,412.75,0.5817120158969631,up,5,1,2026-09-09,-0.001818733450711,0.0,0.0,btc_r21:+|hi52_dist:+|boll_b:+,
2026-09-01,N225,stock,66215.34375,0.5704467414427867,up,5,1,2026-09-08,-0.0143899959728752,0.0,0.0,gold_spy_mom:+|btc_r21:+|obv_slope:+,
2026-09-01,AKBNK,stock,72.80000305175781,0.5633768078187652,up,5,1,2026-09-09,0.0377402658795141,1.0,1.0,gold_spy_mom:+|corr_spy63:-|btc_r21:+,
2026-09-01,KCHOL,stock,219.3999938964844,0.5507641711408177,up,5,1,2026-09-09,0.0331720652873127,1.0,1.0,btc_r21:+|corr_spy63:-|oil_r5:+,
2026-09-01,HSI,stock,25329.73046875,0.5484350465316827,up,5,1,2026-09-08,-0.0005832608022125,0.0,0.0,gold_spy_mom:+|btc_r21:+|obv_slope:-,
2026-09-01,GARAN,stock,132.5,0.5482315196571581,up,5,1,2026-09-09,0.0304743463920782,1.0,1.0,btc_r21:+|corr_spy63:-|gold_spy_mom:+,
2026-09-01,XRP,crypto,1.3654,0.5460934922406099,up,5,1,2026-09-06,0.0376589484367372,1.0,0.0,kurt63:+|vol21:-|hi52_dist:-,
2026-09-01,EREGL,stock,38.7599983215332,0.5396453739255318,up,5,1,2026-09-09,0.0284862281584,1.0,0.0,corr_spy63:-|gold_spy_mom:+|btc_r21:+,
2026-09-01,BIMAS,stock,403.25,0.5369713107121541,up,5,1,2026-09-09,0.0472242707733714,1.0,1.0,corr_spy63:-|gold_spy_mom:+|btc_r21:+,
2026-09-01,ETH,crypto,2450.58,0.5356547576391294,up,5,1,2026-09-06,0.0187612752505728,1.0,0.0,kurt63:+|vol21:-|btc_r21:+,
2026-09-01,BTC,crypto,77938.33,0.5350800126516905,up,5,1,2026-09-06,0.0239817512475669,1.0,0.0,gold_spy_mom:+|vix_pct:+|corr_spy63:-,
2026-09-01,ASELS,stock,396.25,0.5334864919022113,up,5,1,2026-09-09,0.0119161021150789,1.0,1.0,btc_r21:+|corr_spy63:-|gold_spy_mom:+,
2026-09-01,SOL,crypto,102.09,0.5275350794093684,up,5,1,2026-09-06,0.0309586419590057,1.0,0.0,corr_spy63:-|btc_r21:+|vix_pct:+,
2026-09-01,THYAO,stock,303.25,0.5115283099168639,up,5,1,2026-09-09,0.005754228783252,1.0,1.0,corr_spy63:-|btc_r21:+|dd20:-,
2026-08-28,USDCHF,fx,0.8085,0.5094269215253727,up,5,1,2026-09-04,0.0013596195160396,1.0,0.0,corr_spy63:-|try_r5:+|oil_r5:+,
2026-08-28,USDJPY,fx,159.97,0.4966047223128283,down,5,1,2026-09-04,-0.024425410684929,1.0,0.0,corr_spy63:-|try_r5:+|boll_b:+,
2026-08-28,GBPUSD,fx,0.7377,0.4939832657022374,down,5,1,2026-09-04,0.0025722616227131,0.0,0.0,corr_spy63:-|try_r5:+|vol21:+,
2026-08-28,EURUSD,fx,0.8622,0.4757796599237031,down,5,1,2026-09-04,-0.0017412506576053,1.0,0.0,corr_spy63:-|try_r5:+|vol21:+,
2026-08-28,USDCNY,fx,6.726,0.3777514946716113,down,5,1,2026-09-04,-0.0022624444039695,1.0,1.0,vol21:-|corr_spy63:-|try_r5:+,
2026-08-28,AUDUSD,fx,1.3955,0.3731801421133328,down,5,1,2026-09-04,-0.0059654469500994,1.0,0.0,corr_spy63:-|try_r5:+|btc_r21:+,
2026-09-01,SISE,stock,39.959999084472656,0.5851014577817886,up,5,1,2026-09-09,0.1494205612482725,1.0,1.0,gold_spy_mom:+|vix_z:+|vix_pct:+,
2026-09-01,AMZN,stock,254.6100006103516,0.6861372750219857,up,5,1,2026-09-09,-0.0090538622823016,0.0,0.0,gold_spy_mom:+|vix_z:+|oil_r5:+,
2026-09-01,SPY,stock,760.7000122070312,0.6844410981797123,up,5,1,2026-09-09,0.0028616733470159,1.0,0.0,corr_spy63:+|gold_spy_mom:+|try_r5:+,
2026-09-01,TSLA,stock,354.4198913574219,0.6828003010424343,up,5,1,2026-09-09,0.0387955387354674,1.0,0.0,gold_spy_mom:+|corr_spy63:+|r63:+,
2026-09-01,QQQ,stock,706.1599731445312,0.6679768759805805,up,5,1,2026-09-09,0.0146201780781314,1.0,0.0,corr_spy63:+|gold_spy_mom:+|oil_r5:+,
2026-09-01,AVGO,stock,368.5,0.6657768519834244,up,5,1,2026-09-09,-0.0126797930856432,0.0,0.0,gold_spy_mom:+|vix_z:+|r63:+,
2026-09-01,EWZ,stock,36.71009826660156,0.6642143789267829,up,5,1,2026-09-09,0.0391289567795268,1.0,0.0,gold_spy_mom:+|vix_pct:+|oil_r5:+,
2026-09-01,EWY,stock,175.3300018310547,0.6638393257170092,up,5,1,2026-09-09,0.0861792587690952,1.0,0.0,gold_spy_mom:+|r63:+|corr_spy63:+,
2026-09-01,NVDA,stock,217.1750030517578,0.6460102841721514,up,5,1,2026-09-09,0.0320134371552878,1.0,0.0,gold_spy_mom:+|corr_spy63:+|oil_r5:+,
2026-09-01,EWJ,stock,95.11000061035156,0.6345627682197534,up,5,1,2026-09-09,0.0222508595869389,1.0,0.0,gold_spy_mom:+|corr_spy63:+|oil_r5:+,
2026-09-01,GOOGL,stock,333.92498779296875,0.6278424168768902,up,5,1,2026-09-09,-0.0081637908140551,0.0,0.0,gold_spy_mom:+|vix_z:+|oil_r5:+,
2026-09-01,EWQ,stock,45.42499923706055,0.6193630205413729,up,5,1,2026-09-09,-0.0094001077163298,0.0,0.0,gold_spy_mom:+|vix_z:+|try_r5:+,
2026-09-01,META,stock,579.27001953125,0.6142212097683406,up,5,1,2026-09-09,0.1156112708007583,1.0,0.0,gold_spy_mom:+|vix_pct:+|vix_z:+,
2026-09-01,AAPL,stock,325.0249938964844,0.6094191850450663,up,5,1,2026-09-09,-0.0424064458116733,0.0,0.0,gold_spy_mom:+|vix_pct:+|vix_z:+,
2026-09-01,JEPI,stock,56.97499847412109,0.592175510840041,up,5,1,2026-09-09,-0.0067007145851721,0.0,0.0,gold_spy_mom:+|oil_r5:+|try_r5:+,
2026-09-01,EWG,stock,43.43949890136719,0.5917550480867487,up,5,1,2026-09-09,-0.007498136805139,0.0,0.0,gold_spy_mom:+|try_r5:+|oil_r5:+,
2026-09-01,INDA,stock,49.53499984741211,0.5897935721186522,up,5,1,2026-09-09,-0.0160768811756568,0.0,1.0,gold_spy_mom:+|try_r5:+|oil_r5:+,
2026-09-01,SCHD,stock,34.790000915527344,0.5875721964291726,up,5,1,2026-09-09,-0.0198860277951733,0.0,0.0,gold_spy_mom:+|oil_r5:+|vix_z:+,
2026-09-01,MSFT,stock,500.4100036621094,0.5852131921360043,up,5,1,2026-09-09,-0.0152939147023221,0.0,0.0,gold_spy_mom:+|kurt63:+|macd_hist:-,
2026-09-01,EWU,stock,48.18000030517578,0.5618375904407235,up,5,1,2026-09-09,-0.0050980483428167,0.0,0.0,gold_spy_mom:+|oil_r5:+|vix_z:+,
2026-09-01,MCHI,stock,54.345001220703125,0.5600620265210503,up,5,1,2026-09-09,-0.0152972111041497,0.0,0.0,gold_spy_mom:+|vix_z:+|vix_pct:+,
2026-09-01,O,stock,61.15499877929688,0.5433722182736371,up,5,1,2026-09-09,-0.0164039278733032,0.0,0.0,corr_spy63:-|gold_spy_mom:+|vix_z:+,
2026-09-01,XLK,stock,183.67999267578125,0.7421532890952267,up,5,1,2026-09-09,0.0234595971951497,1.0,0.0,corr_spy63:+|evt_china:+|gold_spy_mom:+,
2026-09-01,ETN,stock,390.5700073242188,0.7345208414719976,up,5,1,2026-09-09,0.0671562713974718,1.0,0.0,evt_china:+|btc_r21:+|gold_spy_mom:+,
2026-09-01,GRID,stock,175.47000122070312,0.7313021553838632,up,5,1,2026-09-09,0.0275976687273443,1.0,0.0,evt_china:+|corr_spy63:+|btc_r21:+,
2026-09-01,XLI,stock,172.74000549316406,0.7178768440456166,up,5,1,2026-09-09,-0.0016222411981504,0.0,0.0,evt_china:+|btc_r21:+|gold_spy_mom:+,
2026-09-01,URA,stock,43.959999084472656,0.7142970827459213,up,5,1,2026-09-09,0.0738642738960866,1.0,0.0,evt_china:+|btc_r21:+|gold_spy_mom:+,
2026-09-01,LIT,stock,74.8949966430664,0.7120303481516184,up,5,1,2026-09-09,-0.0126979399098622,0.0,1.0,evt_china:+|gold_spy_mom:+|btc_r21:+,
2026-09-01,GEV,stock,898.489990234375,0.7115808234445854,up,5,1,2026-09-09,0.0606449049525525,1.0,0.0,evt_china:+|gold_spy_mom:+|btc_r21:+,
2026-09-01,PWR,stock,611.6090087890625,0.7068092382510872,up,5,1,2026-09-09,0.0334525856577036,1.0,0.0,evt_china:+|gold_spy_mom:+|btc_r21:+,
2026-09-01,XLY,stock,114.58000183105467,0.7024733209328338,up,5,1,2026-09-09,-0.0165882331797561,0.0,0.0,evt_china:+|btc_r21:+|gold_spy_mom:+,
2026-09-01,VRT,stock,255.9199981689453,0.6975524780093264,up,5,1,2026-09-09,0.0508868374228152,1.0,0.0,evt_china:+|gold_spy_mom:+|btc_r21:+,
2026-09-01,COPX,stock,89.25,0.6964597798848796,up,5,1,2026-09-09,0.07040366289814,1.0,0.0,evt_china:+|gold_spy_mom:+|btc_r21:+,
2026-09-01,HUBB,stock,443.2999877929688,0.6789908849007967,up,5,1,2026-09-09,0.0307648370449234,1.0,0.0,evt_china:+|btc_r21:+|gold_spy_mom:+,
2026-09-01,SLV,stock,57.91999816894531,0.6716639243378504,up,5,1,2026-09-09,0.0596491947607147,1.0,0.0,evt_china:+|gold_spy_mom:+|btc_r21:+,
2026-09-01,XLB,stock,52.09000015258789,0.6631171868168096,up,5,1,2026-09-09,-0.0079989038827696,0.0,0.0,evt_china:+|gold_spy_mom:+|btc_r21:+,
2026-09-01,XLC,stock,110.88999938964844,0.6307696166461619,up,5,1,2026-09-09,-0.0008570830463491,0.0,0.0,evt_china:+|gold_spy_mom:+|btc_r21:+,
2026-09-01,GLD,stock,396.8399963378906,0.6255200386796778,up,5,1,2026-09-09,0.0204773185858768,1.0,0.0,evt_china:+|gold_spy_mom:+|btc_r21:+,
2026-09-01,DBA,stock,29.48500061035156,0.6155397072318528,up,5,1,2026-09-09,-0.0148632231179323,0.0,0.0,evt_china:+|corr_spy63:-|gold_spy_mom:+,
2026-09-01,XLF,stock,57.209999084472656,0.5985068608405714,up,5,1,2026-09-09,0.0003495361448323,1.0,0.0,evt_china:+|corr_spy63:-|btc_r21:+,
2026-09-01,XLU,stock,42.57500076293945,0.5842869105681502,up,5,1,2026-09-09,0.007021661017459,1.0,0.0,corr_spy63:-|evt_china:+|btc_r21:+,
2026-09-01,XLV,stock,171.66000366210938,0.57617844950357,up,5,1,2026-09-09,-0.0291700124969279,0.0,0.0,corr_spy63:-|evt_china:+|gold_spy_mom:+,
2026-09-01,XLRE,stock,44.04999923706055,0.5676099073703224,up,5,1,2026-09-09,-0.0135993730361134,0.0,0.0,corr_spy63:-|evt_china:+|btc_r21:+,
2026-09-01,XLE,stock,64.77999877929688,0.5603614990304664,up,5,1,2026-09-09,0.0079185407302132,1.0,0.0,corr_spy63:-|gold_spy_mom:+|evt_china:+,
2026-09-01,XLP,stock,85.2699966430664,0.546351458298868,up,5,1,2026-09-09,-0.0260186323381051,0.0,0.0,corr_spy63:-|evt_china:+|gold_spy_mom:+,
2026-09-02,USDTRY,fx,48.29380035400391,0.8347385732263806,up,5,1,2026-09-09,0.0038935377502709,1.0,1.0,rsi14:+|kurt63:+|hi52_dist:+,
2026-09-02,DAX,stock,25891.119140625,0.6391774431658604,up,5,1,2026-09-09,-0.0015069903273797,0.0,0.0,gold_spy_mom:+|evt_china:+|oil_r5:+,
2026-09-02,XAUUSD,commodity,4369.5,0.6215990624980868,up,5,1,2026-09-10,0.0187273308253615,1.0,0.0,gold_spy_mom:+|evt_china:+|oil_r5:+,
2026-09-02,FTSE,stock,10765.9697265625,0.5913368997408994,up,5,1,2026-09-09,0.0017410800351437,1.0,0.0,gold_spy_mom:+|evt_china:+|evt_fed:+,
2026-09-02,XU100,stock,14008.08984375,0.5786497151618081,up,5,1,2026-09-09,0.0401460516705181,1.0,1.0,evt_china:+|corr_spy63:-|gold_spy_mom:+,
2026-09-02,SISE,stock,39.060001373291016,0.5758183857525627,up,5,1,2026-09-10,0.1263370749462608,1.0,0.0,evt_china:+|corr_spy63:-|r63:+,
2026-09-02,KCHOL,stock,210.8000030517578,0.5696401056553994,up,5,1,2026-09-10,0.0558133818652819,1.0,0.0,evt_china:+|corr_spy63:-|gold_spy_mom:+,
2026-09-02,ASELS,stock,385.75,0.5677296982416746,up,5,1,2026-09-10,0.0449869964667332,1.0,1.0,evt_china:+|corr_spy63:-|gold_spy_mom:+,
2026-09-02,BIMAS,stock,405.75,0.5666229656716388,up,5,1,2026-09-10,0.0522170819821143,1.0,0.0,corr_spy63:-|evt_china:+|gold_spy_mom:+,
2026-09-02,N225,stock,64325.640625,0.5655134727768403,up,5,1,2026-09-09,0.0126231781266437,1.0,0.0,evt_china:+|corr_spy63:-|gold_spy_mom:+,
2026-09-02,HSI,stock,25271.0,0.5648348302077782,up,5,1,2026-09-09,-0.0005822967425571,0.0,0.0,gold_spy_mom:+|evt_china:+|corr_spy63:-,
2026-09-02,EREGL,stock,37.63999938964844,0.5639140943129116,up,5,1,2026-09-10,0.0236293882397953,1.0,0.0,evt_china:+|corr_spy63:-|gold_spy_mom:+,
2026-09-02,BTC,crypto,77438.95,0.5616126403954713,up,5,1,2026-09-07,0.0254624114471533,1.0,0.0,corr_spy63:-|evt_china:+|gold_spy_mom:+,
2026-09-02,GARAN,stock,131.60000610351562,0.5572934544166421,up,5,1,2026-09-10,0.0240251558468454,1.0,0.0,corr_spy63:-|evt_china:+|gold_spy_mom:+,
2026-09-02,AKBNK,stock,70.9000015258789,0.5569165644113118,up,5,1,2026-09-10,0.0250708875024154,1.0,0.0,corr_spy63:-|evt_china:+|gold_spy_mom:+,
2026-09-02,ETH,crypto,2416.36,0.5538156213309827,up,5,1,2026-09-07,0.0298678127939896,1.0,0.0,corr_spy63:-|kurt63:+|vol21:-,
2026-09-02,TUPRS,stock,394.25,0.5519240713869323,up,5,1,2026-09-10,0.0530988922298892,1.0,0.0,corr_spy63:-|evt_china:+|btc_r21:+,
2026-09-02,THYAO,stock,300.5,0.5456963708171858,up,5,1,2026-09-10,-0.0091935457398527,0.0,0.0,evt_china:+|corr_spy63:-|evt_fed:+,
2026-09-02,XRP,crypto,1.3447,0.5283273735138289,up,5,1,2026-09-07,0.0427269239883641,1.0,1.0,vol21:-|corr_spy63:-|hi52_dist:-,
2026-09-02,SOL,crypto,99.79,0.4860487787956111,down,5,1,2026-09-07,0.0467887257142761,0.0,0.0,corr_spy63:-|hi52_dist:-|btc_r21:+,
2026-09-02,SPY,stock,764.6099853515625,0.7933065072849349,up,5,1,2026-09-10,-0.0072323918918445,0.0,0.0,corr_spy63:+|evt_china:+|gold_spy_mom:+,
2026-09-02,QQQ,stock,708.1749877929688,0.7645913095873591,up,5,1,2026-09-10,0.003875700781672,1.0,0.0,corr_spy63:+|evt_china:+|gold_spy_mom:+,
2026-09-02,TSLA,stock,353.0299987792969,0.7454978062527167,up,5,1,2026-09-10,0.0372407928993929,1.0,0.0,gold_spy_mom:+|evt_china:+|corr_spy63:+,
2026-09-02,XLK,stock,183.22999572753903,0.7425342870208582,up,5,1,2026-09-10,0.0147636145623793,1.0,0.0,corr_spy63:+|gold_spy_mom:+|evt_china:+,
2026-09-02,ETN,stock,390.6650085449219,0.7394551661013493,up,5,1,2026-09-10,0.044494593543826,1.0,0.0,evt_china:+|gold_spy_mom:+|corr_spy63:+,
2026-09-02,GRID,stock,175.40499877929688,0.7362652137875273,up,5,1,2026-09-10,0.0126332734462819,1.0,1.0,corr_spy63:+|evt_china:+|gold_spy_mom:+,
2026-09-02,EWY,stock,178.1300048828125,0.7349839478577723,up,5,1,2026-09-10,0.030463667841486,1.0,1.0,gold_spy_mom:+|evt_china:+|corr_spy63:+,
2026-09-02,URA,stock,43.85499954223633,0.7314250253000112,up,5,1,2026-09-10,0.0328597024607796,1.0,0.0,evt_china:+|gold_spy_mom:+|corr_spy63:+,
2026-09-02,EWJ,stock,95.74500274658205,0.7311854982611491,up,5,1,2026-09-10,0.0083207658661281,1.0,1.0,gold_spy_mom:+|evt_china:+|corr_spy63:+,
2026-09-02,COPX,stock,89.2699966430664,0.7211483232509042,up,5,1,2026-09-10,-0.0058420192314702,0.0,0.0,evt_china:+|gold_spy_mom:+|corr_spy63:+,
2026-09-02,XLY,stock,114.76499938964844,0.7191361328564304,up,5,1,2026-09-10,-0.0209133588992901,0.0,0.0,evt_china:+|gold_spy_mom:+|corr_spy63:+,
2026-09-02,XLI,stock,172.65499877929688,0.718819158114684,up,5,1,2026-09-10,-0.0125307262266881,0.0,0.0,evt_china:+|gold_spy_mom:+|corr_spy63:+,
2026-09-02,NVDA,stock,224.9949951171875,0.7163985985919374,up,5,1,2026-09-10,-0.0278286505133339,0.0,0.0,gold_spy_mom:+|evt_china:+|corr_spy63:+,
2026-09-02,LIT,stock,73.83999633789062,0.7161300776258621,up,5,1,2026-09-10,-0.0269025168946975,0.0,1.0,evt_china:+|gold_spy_mom:+|corr_spy63:+,
2026-09-02,EWG,stock,43.40499877929688,0.7131696093089981,up,5,1,2026-09-10,-0.017312904253844,0.0,0.0,gold_spy_mom:+|evt_china:+|corr_spy63:+,
2026-09-02,EWQ,stock,45.48500061035156,0.7015443063604068,up,5,1,2026-09-10,-0.0174090960052491,0.0,1.0,evt_china:+|gold_spy_mom:+|oil_r5:+,
2026-09-02,AVGO,stock,368.5700073242188,0.7007853321525209,up,5,1,2026-09-10,-0.012229592992017,0.0,0.0,evt_china:+|gold_spy_mom:+|oil_r5:+,
2026-09-02,VRT,stock,257.010009765625,0.7001927157411906,up,5,1,2026-09-10,-0.0382702647746041,0.0,0.0,evt_china:+|gold_spy_mom:+|oil_r5:+,
2026-09-02,PWR,stock,608.9915161132812,0.6990437809187475,up,5,1,2026-09-10,0.0135588805272317,1.0,0.0,evt_china:+|gold_spy_mom:+|oil_r5:+,
2026-09-02,AMZN,stock,254.8000030517578,0.6956689471161251,up,5,1,2026-09-10,-0.0081275229068484,0.0,0.0,gold_spy_mom:+|evt_china:+|oil_r5:+,
2026-09-02,INDA,stock,49.915000915527344,0.690543111328251,up,5,1,2026-09-10,-0.0363120487701733,0.0,1.0,gold_spy_mom:+|evt_china:+|oil_r5:+,
2026-09-02,SLV,stock,58.61299896240234,0.6844568421504713,up,5,1,2026-09-10,-0.0082745971924872,0.0,0.0,gold_spy_mom:+|evt_china:+|oil_r5:+,
2026-09-02,GEV,stock,916.3900146484376,0.6816052811389008,up,5,1,2026-09-10,0.0096975773088525,1.0,0.0,evt_china:+|gold_spy_mom:+|oil_r5:+,
2026-09-02,GOOGL,stock,338.2900085449219,0.6767853470352908,up,5,1,2026-09-10,-0.0193410324643394,0.0,0.0,evt_china:+|gold_spy_mom:+|oil_r5:+,
2026-09-02,JEPI,stock,57.185001373291016,0.6743325079329732,up,5,1,2026-09-10,-0.0153307451342852,0.0,0.0,evt_china:+|gold_spy_mom:+|oil_r5:+,
2026-09-02,XLB,stock,52.959999084472656,0.6686938446246262,up,5,1,2026-09-10,-0.043315166504913,0.0,1.0,gold_spy_mom:+|evt_china:+|oil_r5:+,
2026-09-02,HUBB,stock,449.4500122070313,0.6659998616910726,up,5,1,2026-09-10,0.0087170355160944,1.0,0.0,evt_china:+|gold_spy_mom:+|oil_r5:+,
2026-09-02,GLD,stock,400.6499938964844,0.6627109430820484,up,5,1,2026-09-10,-0.0014736832335391,0.0,0.0,evt_china:+|gold_spy_mom:+|evt_fed:+,
2026-09-02,MSFT,stock,496.3399963378906,0.6446917009507571,up,5,1,2026-09-10,-0.0042197063301846,0.0,0.0,gold_spy_mom:+|evt_china:+|kurt63:+,
2026-09-02,XLC,stock,112.88999938964844,0.644160698237687,up,5,1,2026-09-10,-0.0121650931705779,0.0,1.0,gold_spy_mom:+|evt_china:+|oil_r5:+,
2026-09-02,MCHI,stock,54.47499847412109,0.6383271101687072,up,5,1,2026-09-10,-0.0290549829725193,0.0,1.0,evt_china:+|gold_spy_mom:+|evt_fed:+,
2026-09-02,EWZ,stock,37.94049835205078,0.6269107693946631,up,5,1,2026-09-10,0.0172331372520933,1.0,0.0,gold_spy_mom:+|evt_china:+|evt_fed:+,
2026-09-02,DBA,stock,29.32999992370605,0.61383377051996,up,5,1,2026-09-10,-0.003928599158804,0.0,0.0,gold_spy_mom:+|corr_spy63:-|evt_china:+,
2026-09-02,EWU,stock,48.13999938964844,0.6132114599932943,up,5,1,2026-09-10,-0.0121507557840879,0.0,1.0,gold_spy_mom:+|evt_china:+|corr_spy63:-,
2026-09-02,META,stock,593.2144775390625,0.6076493342478493,up,5,1,2026-09-10,0.0935985534399104,1.0,0.0,gold_spy_mom:+|evt_china:+|evt_fed:+,
2026-09-02,SCHD,stock,35.025001525878906,0.5827196716867911,up,5,1,2026-09-10,-0.0280852621339479,0.0,0.0,corr_spy63:-|gold_spy_mom:+|evt_china:+,
2026-09-02,AAPL,stock,325.6351013183594,0.5763236225838062,up,5,1,2026-09-10,-0.0064238095748052,0.0,1.0,corr_spy63:-|gold_spy_mom:+|evt_china:+,
2026-09-02,XLU,stock,42.51499938964844,0.570133992385535,up,5,1,2026-09-10,0.0017602182678788,1.0,0.0,corr_spy63:-|evt_china:+|gold_spy_mom:+,
2026-09-02,XLF,stock,57.56499862670898,0.5625704821015483,up,5,1,2026-09-10,-0.0131143690705767,0.0,0.0,corr_spy63:-|gold_spy_mom:+|evt_china:+,
2026-09-02,XLRE,stock,43.75,0.543071773305071,up,5,1,2026-09-10,-0.0142727773788537,0.0,0.0,corr_spy63:-|gold_spy_mom:+|evt_china:+,
2026-09-02,XLV,stock,172.71499633789062,0.5396927306733279,up,5,1,2026-09-10,-0.0398959800776343,0.0,0.0,corr_spy63:-|gold_spy_mom:+|evt_china:+,
2026-09-02,XLE,stock,64.94499969482422,0.5331368798592037,up,5,1,2026-09-10,0.0045319918483709,1.0,0.0,corr_spy63:-|gold_spy_mom:+|evt_fed:+,
2026-09-02,XLP,stock,85.8499984741211,0.5176979790009503,up,5,1,2026-09-10,-0.0300330088879685,0.0,1.0,corr_spy63:-|gold_spy_mom:+|evt_china:+,
2026-09-02,O,stock,61.6338005065918,0.5083463864401232,up,5,1,2026-09-10,-0.031627181900385,0.0,0.0,corr_spy63:-|gold_spy_mom:+|evt_china:+,
2026-09-03,USDTRY,fx,48.31021118164063,0.831387802663558,up,5,1,2026-09-10,0.0056883607183321,1.0,1.0,rsi14:+|hi52_dist:+|vol21:+,
2026-09-03,DAX,stock,25822.73046875,0.6340015785358705,up,5,1,2026-09-10,-0.0100379301177733,0.0,0.0,evt_china:+|btc_r21:+|gold_spy_mom:+,
2026-09-03,XAUUSD,commodity,4475.2998046875,0.6113695031718615,up,5,1,2026-09-11,-0.020087342362101,0.0,0.0,evt_china:+|btc_r21:+|gold_spy_mom:+,
2026-09-03,BTC,crypto,77973.08,0.5917595331026158,up,5,1,2026-09-08,0.0040636503319206,1.0,0.0,evt_china:+|corr_spy63:-|btc_r21:+,
2026-09-03,XU100,stock,14018.080078125,0.5882661795057125,up,5,1,2026-09-10,0.0325178381139506,1.0,1.0,evt_china:+|gold_spy_mom:+|corr_spy63:-,
2026-09-01,NATGAS,commodity,2.9,0.5803677797217675,up,5,1,2026-09-09,-0.0315262536467738,0.0,0.0,corr_spy63:-|gold_spy_mom:+|btc_r21:+,
2026-09-03,FTSE,stock,10748.490234375,0.5790638414925587,up,5,1,2026-09-10,-0.0080277175756762,0.0,0.0,evt_china:+|evt_fed:+|btc_r21:+,
2026-09-03,SISE,stock,39.29999923706055,0.5694230664122393,up,5,1,2026-09-11,0.1084093005016935,1.0,0.0,evt_china:+|btc_r21:+|corr_spy63:-,
2026-09-03,HSI,stock,25170.009765625,0.5677336604949184,up,5,1,2026-09-10,-0.0086062311089344,0.0,0.0,evt_china:+|gold_spy_mom:+|corr_spy63:-,
2026-09-03,ETH,crypto,2409.28,0.5662269842145031,up,5,1,2026-09-08,0.0250521331686995,1.0,0.0,evt_china:+|btc_r21:+|corr_spy63:-,
2026-09-03,N225,stock,64214.48046875,0.5651095515280927,up,5,1,2026-09-10,0.0163183177620381,1.0,0.0,evt_china:+|corr_spy63:-|gold_spy_mom:+,
2026-09-03,KCHOL,stock,215.1000061035156,0.5567768431811797,up,5,1,2026-09-11,0.0414354323773631,1.0,0.0,evt_china:+|btc_r21:+|corr_spy63:-,
2026-09-03,EREGL,stock,37.36000061035156,0.5545159180564575,up,5,1,2026-09-11,0.0496055163980461,1.0,0.0,evt_china:+|corr_spy63:-|btc_r21:+,
2026-09-03,BIMAS,stock,410.25,0.552556524748933,up,5,1,2026-09-11,0.0505007805532822,1.0,0.0,evt_china:+|corr_spy63:-|btc_r21:+,
2026-09-03,THYAO,stock,294.75,0.5483405042965928,up,5,1,2026-09-11,0.0209827253313954,1.0,0.0,evt_china:+|btc_r21:+|corr_spy63:-,
2026-09-03,XRP,crypto,1.378,0.5480108779102848,up,5,1,2026-09-08,0.0049225522883956,1.0,1.0,evt_china:+|vol21:-|btc_r21:+,
2026-09-03,ASELS,stock,383.0,0.5463895453725771,up,5,1,2026-09-11,0.0390449596095119,1.0,1.0,evt_china:+|corr_spy63:-|btc_r21:+,
2026-09-03,GARAN,stock,133.6999969482422,0.5406959205352442,up,5,1,2026-09-11,0.0067090012737269,1.0,0.0,corr_spy63:-|evt_china:+|btc_r21:+,
2026-09-03,AKBNK,stock,73.0999984741211,0.5389013685134086,up,5,1,2026-09-11,-0.0047994398302742,0.0,0.0,corr_spy63:-|evt_china:+|btc_r21:+,
2026-09-03,TUPRS,stock,394.0,0.5276131268677425,up,5,1,2026-09-11,0.05132501977262,1.0,0.0,evt_china:+|corr_spy63:-|btc_r21:+,
2026-09-03,SOL,crypto,100.94,0.526338620071583,up,5,1,2026-09-08,0.0163116518245527,1.0,0.0,evt_china:+|corr_spy63:-|btc_r21:+,
2026-09-01,WTI,commodity,91.48,0.5253934217526647,up,5,1,2026-09-09,0.0612674358210593,1.0,0.0,corr_spy63:-|gold_spy_mom:+|btc_r21:+,
2026-09-01,BRENT,commodity,96.02,0.4675563796407518,down,5,1,2026-09-08,0.1000140261667447,0.0,0.0,corr_spy63:-|btc_r21:+|evt_china:+,
2026-09-03,SPY,stock,772.469970703125,0.7660416979697771,up,5,1,2026-09-11,-0.0086819153293179,0.0,0.0,corr_spy63:+|btc_r21:+|evt_china:+,
2026-09-03,QQQ,stock,716.75,0.7299314135783354,up,5,1,2026-09-11,-0.0001534618640487,0.0,0.0,btc_r21:+|corr_spy63:+|evt_china:+,
2026-09-03,GRID,stock,177.50999450683594,0.7112843437823851,up,5,1,2026-09-11,0.0194701168547734,1.0,1.0,btc_r21:+|corr_spy63:+|evt_china:+,
2026-09-03,EWJ,stock,98.1999969482422,0.7092977892125488,up,5,1,2026-09-11,0.0045720636527694,1.0,1.0,btc_r21:+|evt_china:+|corr_spy63:+,
2026-09-03,XLK,stock,185.509994506836,0.7046850276800464,up,5,1,2026-09-11,0.0137070550953978,1.0,0.0,btc_r21:+|corr_spy63:+|evt_china:+,
2026-09-03,ETN,stock,395.7200012207031,0.7020390264794583,up,5,1,2026-09-11,0.0662619103987618,1.0,0.0,btc_r21:+|evt_china:+|oil_r5:-,
2026-09-03,TSLA,stock,382.0010986328125,0.6988272506943334,up,5,1,2026-09-11,-0.0437452403577344,0.0,0.0,btc_r21:+|evt_china:+|corr_spy63:+,
2026-09-03,NVDA,stock,227.3950042724609,0.697594470095827,up,5,1,2026-09-11,-0.03656722464194,0.0,0.0,btc_r21:+|evt_china:+|corr_spy63:+,
2026-09-03,LIT,stock,74.44999694824219,0.6961426026838934,up,5,1,2026-09-11,-0.039102461963228,0.0,1.0,btc_r21:+|evt_china:+|corr_spy63:+,
2026-09-03,COPX,stock,91.08499908447266,0.6887522110110749,up,5,1,2026-09-11,-0.0264768482767605,0.0,0.0,btc_r21:+|evt_china:+|corr_spy63:+,
2026-09-03,EWG,stock,43.89500045776367,0.6871829486250175,up,5,1,2026-09-11,-0.0217637626130809,0.0,0.0,btc_r21:+|evt_china:+|evt_fed:+,
2026-09-03,XLY,stock,116.77999877929688,0.6864303907973385,up,5,1,2026-09-11,-0.0321078829013975,0.0,0.0,btc_r21:+|evt_china:+|corr_spy63:+,
2026-09-03,AVGO,stock,355.19000244140625,0.6846501151436128,up,5,1,2026-09-11,0.028216649278835,1.0,0.0,btc_r21:+|evt_china:+|evt_fed:+,
2026-09-03,XLI,stock,174.10000610351562,0.684569563494463,up,5,1,2026-09-11,-0.008247634011691,0.0,0.0,btc_r21:+|evt_china:+|oil_r5:-,
2026-09-03,EWY,stock,179.5800018310547,0.6819039808921501,up,5,1,2026-09-11,0.0535043200671165,1.0,1.0,btc_r21:+|evt_china:+|corr_spy63:+,
2026-09-03,URA,stock,45.73500061035156,0.6668596174301127,up,5,1,2026-09-11,-0.0366286300876193,0.0,0.0,btc_r21:+|evt_china:+|corr_spy63:+,
2026-09-03,GEV,stock,943.4500122070312,0.6582847688959699,up,5,1,2026-09-11,0.0093577382831009,1.0,0.0,btc_r21:+|evt_china:+|evt_fed:+,
2026-09-03,AMZN,stock,258.4200134277344,0.6579667965244655,up,5,1,2026-09-11,-0.0078084801266903,0.0,0.0,btc_r21:+|evt_china:+|evt_fed:+,
2026-09-03,EWQ,stock,45.7400016784668,0.6546645385981608,up,5,1,2026-09-11,-0.0168664793811265,0.0,1.0,btc_r21:+|evt_china:+|oil_r5:-,
2026-09-03,JEPI,stock,57.40999984741211,0.6546196733288695,up,5,1,2026-09-11,-0.0122697045767652,0.0,0.0,btc_r21:+|evt_china:+|evt_fed:+,
2026-09-03,PWR,stock,622.9349975585938,0.6505047210546915,up,5,1,2026-09-11,0.0397866059391622,1.0,0.0,btc_r21:+|evt_china:+|evt_fed:+,
2026-09-03,INDA,stock,49.90010070800781,0.6451244265149008,up,5,1,2026-09-11,-0.0287685366070147,0.0,1.0,btc_r21:+|evt_china:+|evt_fed:+,
2026-09-03,MSFT,stock,510.7099914550781,0.6420249684166766,up,5,1,2026-09-11,-0.031597708321548,0.0,0.0,btc_r21:+|evt_china:+|kurt63:+,
2026-09-03,XLB,stock,52.790000915527344,0.6406854664101423,up,5,1,2026-09-11,-0.0328309020566026,0.0,1.0,btc_r21:+|evt_china:+|evt_fed:+,
2026-09-03,GOOGL,stock,342.2001037597656,0.6360588085946524,up,5,1,2026-09-11,-0.0026338445254756,0.0,0.0,btc_r21:+|evt_china:+|oil_r5:-,
2026-09-03,GLD,stock,411.3598937988281,0.6323479766629325,up,5,1,2026-09-11,-0.0271852579459388,0.0,0.0,btc_r21:+|evt_china:+|oil_r5:-,
2026-09-03,HUBB,stock,458.1000061035156,0.6306217113011664,up,5,1,2026-09-11,0.0174199434330036,1.0,0.0,btc_r21:+|evt_china:+|evt_fed:+,
2026-09-03,VRT,stock,269.32501220703125,0.6299818712909024,up,5,1,2026-09-11,-0.0492776577122487,0.0,0.0,btc_r21:+|evt_china:+|evt_fed:+,
2026-09-03,EWZ,stock,38.08000183105469,0.6211677259818313,up,5,1,2026-09-11,0.0047156621345075,1.0,0.0,btc_r21:+|evt_china:+|corr_spy63:-,
2026-09-03,EWU,stock,48.72169876098633,0.6163669515769827,up,5,1,2026-09-11,-0.017217789020456,0.0,1.0,btc_r21:+|evt_china:+|corr_spy63:-,
2026-09-03,XLC,stock,113.375,0.6132556519696127,up,5,1,2026-09-11,-0.0049072828284501,0.0,1.0,btc_r21:+|evt_china:+|evt_fed:+,
2026-09-03,DBA,stock,29.049999237060547,0.6105884643072255,up,5,1,2026-09-11,-0.0053948910120282,0.0,0.0,btc_r21:+|corr_spy63:-|evt_china:+,
2026-09-03,SLV,stock,60.525001525878906,0.6086986072691366,up,5,1,2026-09-11,-0.0378833169289144,0.0,0.0,btc_r21:+|evt_china:+|oil_r5:-,
2026-09-03,META,stock,612.9118041992188,0.5939492233312004,up,5,1,2026-09-11,0.0578431671357061,1.0,0.0,btc_r21:+|evt_china:+|evt_fed:+,
2026-09-03,MCHI,stock,54.46500015258789,0.589683150168617,up,5,1,2026-09-11,-0.0269834154710332,0.0,1.0,btc_r21:+|evt_china:+|evt_fed:+,
2026-09-03,AAPL,stock,328.17010498046875,0.5874362951916011,up,5,1,2026-09-11,0.0183571292856898,1.0,1.0,btc_r21:+|corr_spy63:-|evt_china:+,
2026-09-03,SCHD,stock,35.11669921875,0.5863631593862756,up,5,1,2026-09-11,-0.0273228491723113,0.0,0.0,btc_r21:+|corr_spy63:-|evt_china:+,
2026-09-03,XLF,stock,58.40499877929688,0.572969850390913,up,5,1,2026-09-11,-0.0211098314589364,0.0,0.0,btc_r21:+|corr_spy63:-|evt_china:+,
2026-09-03,XLE,stock,65.18499755859375,0.5633533339685889,up,5,1,2026-09-11,-0.0019194601414962,0.0,0.0,corr_spy63:-|btc_r21:+|evt_fed:+,
2026-09-03,XLU,stock,43.04499816894531,0.5623008658400444,up,5,1,2026-09-11,-0.0114486734715161,0.0,0.0,btc_r21:+|corr_spy63:-|evt_china:+,
2026-09-03,XLV,stock,173.14999389648438,0.5611767719866304,up,5,1,2026-09-11,-0.0441905991095862,0.0,0.0,corr_spy63:-|btc_r21:+|evt_fed:+,
2026-09-03,XLRE,stock,44.165000915527344,0.5605289463124555,up,5,1,2026-09-11,-0.0148269487115554,0.0,0.0,btc_r21:+|corr_spy63:-|evt_fed:+,
2026-09-03,O,stock,61.82500076293945,0.5544127686560231,up,5,1,2026-09-11,-0.0342223383239709,0.0,0.0,corr_spy63:-|btc_r21:+|evt_fed:+,
2026-09-03,XLP,stock,85.50499725341797,0.5518747922043523,up,5,1,2026-09-11,-0.0228902212815222,0.0,1.0,corr_spy63:-|btc_r21:+|evt_fed:+,
2026-09-04,USDTRY,fx,48.242000579833984,0.8082010874719182,up,5,1,2026-09-10,0.0071012877121314,1.0,1.0,rsi14:+|vol21:+|kurt63:+,
2026-09-04,XAUUSD,commodity,4531.5,0.641918922960622,up,5,1,2026-09-13,-0.035397973215055,0.0,0.0,btc_r21:+|evt_china:+|volu_trend:+,
2026-09-04,THYAO,stock,294.75,0.6314060531390286,up,5,1,2026-09-14,0.0067624940722971,1.0,0.0,btc_r21:+|evt_china:+|gold_spy_mom:+,
2026-09-04,BIMAS,stock,416.5,0.6309755053911319,up,5,1,2026-09-14,0.0295704573211196,1.0,1.0,btc_r21:+|evt_china:+|evt_fed:+,
2026-09-04,DAX,stock,26084.580078125,0.6277533425714094,up,5,1,2026-09-11,-0.0258611662026539,0.0,0.0,btc_r21:+|evt_china:+|evt_fed:+,
2026-09-04,XU100,stock,14059.240234375,0.6223873216124309,up,5,1,2026-09-11,0.0246265686779157,1.0,1.0,btc_r21:+|evt_china:+|gold_spy_mom:+,
2026-09-04,KCHOL,stock,217.1000061035156,0.621285428083832,up,5,1,2026-09-14,0.0330720414511834,1.0,0.0,btc_r21:+|evt_china:+|gold_spy_mom:+,
2026-09-04,N225,stock,65020.94140625,0.619684270857828,up,5,1,2026-09-11,-0.0156491407661832,0.0,0.0,btc_r21:+|evt_china:+|gold_spy_mom:+,
2026-09-04,AKBNK,stock,72.5999984741211,0.6060651856618379,up,5,1,2026-09-14,-0.0020682741687049,0.0,0.0,btc_r21:+|evt_china:+|gold_spy_mom:+,
2026-09-04,GARAN,stock,133.0,0.6054578223759767,up,5,1,2026-09-14,0.0067440788927309,1.0,0.0,btc_r21:+|evt_china:+|gold_spy_mom:+,
2026-09-04,HSI,stock,25673.1796875,0.6036424814633358,up,5,1,2026-09-11,-0.0351509356570861,0.0,0.0,btc_r21:+|evt_china:+|corr_spy63:-,
2026-09-04,SISE,stock,38.97999954223633,0.60264404044526,up,5,1,2026-09-14,0.1229575240481491,1.0,0.0,btc_r21:+|evt_china:+|corr_spy63:-,
2026-09-04,EREGL,stock,36.97999954223633,0.595757406899921,up,5,1,2026-09-14,0.0464954877250055,1.0,1.0,btc_r21:+|evt_china:+|evt_fed:+,
2026-09-04,TUPRS,stock,392.0,0.5940091753247818,up,5,1,2026-09-14,0.0546041340348517,1.0,0.0,btc_r21:+|evt_china:+|corr_spy63:-,
2026-09-04,FTSE,stock,10835.91015625,0.5935835486250755,up,5,1,2026-09-11,-0.0205315771624485,0.0,0.0,btc_r21:+|evt_china:+|evt_fed:+,
2026-09-04,ASELS,stock,393.0,0.5914880134724665,up,5,1,2026-09-14,-0.0382542592007958,0.0,0.0,btc_r21:+|evt_china:+|evt_fed:+,
2026-09-04,ETH,crypto,2505.81,0.571713002410442,up,5,1,2026-09-09,0.0041735589543157,1.0,0.0,btc_r21:+|vol21:-|kurt63:+,
2026-09-04,XRP,crypto,1.4418,0.5538476362956231,up,5,1,2026-09-09,-0.0007632264030508,0.0,0.0,btc_r21:+|vol21:-|kurt63:+,
2026-09-04,BTC,crypto,80640.0,0.5536719935703514,up,5,1,2026-09-09,-0.0148752184862285,0.0,0.0,btc_r21:+|r21:+|gold_spy_mom:+,
2026-09-04,BNB,crypto,714.26,0.5229021055115929,up,5,1,2026-09-09,0.0116641311286795,1.0,0.0,btc_r21:+|gold_spy_mom:+|evt_china:-,
2026-09-04,SOL,crypto,103.54,0.5059277088848442,up,5,1,2026-09-09,0.0113321101278892,1.0,0.0,btc_r21:+|vol21:-|volu_trend:-,
2026-09-04,SPY,stock,770.5700073242188,0.7082211674639424,up,5,1,2026-09-14,-0.0106591258731918,0.0,0.0,btc_r21:+|corr_spy63:+|evt_china:+,
2026-09-04,AMZN,stock,257.1759948730469,0.6612467972714055,up,5,1,2026-09-14,-0.010499091404048,0.0,0.0,btc_r21:+|evt_china:+|kurt63:+,
2026-09-04,AVGO,stock,355.7200012207031,0.6539714742687616,up,5,1,2026-09-14,-0.0260879511951395,0.0,0.0,btc_r21:+|evt_china:+|evt_fed:+,
2026-09-04,XLI,stock,175.14999389648438,0.6536786927506159,up,5,1,2026-09-14,-0.0296090507895897,0.0,0.0,btc_r21:+|evt_china:+|volu_trend:+,
2026-09-04,EWQ,stock,45.67499923706055,0.6456356543303972,up,5,1,2026-09-14,-0.0220251045291604,0.0,1.0,btc_r21:+|evt_china:+|volu_trend:+,
2026-09-04,GRID,stock,178.77999877929688,0.645551835350231,up,5,1,2026-09-14,-0.0296902329396342,0.0,0.0,btc_r21:+|evt_china:+|evt_fed:+,
2026-09-04,QQQ,stock,718.5599975585938,0.6444661425825137,up,5,1,2026-09-14,-0.0090168326512908,0.0,0.0,btc_r21:+|evt_china:+|corr_spy63:+,
2026-09-04,INDA,stock,49.93000030517578,0.6442887146580181,up,5,1,2026-09-14,-0.028542870124305,0.0,1.0,btc_r21:+|evt_china:+|volu_trend:+,
2026-09-04,EWJ,stock,98.20500183105467,0.643426964611769,up,5,1,2026-09-14,-0.002293738734548,0.0,0.0,btc_r21:+|evt_china:+|evt_fed:+,
2026-09-04,MSFT,stock,500.8504943847656,0.6433288972667249,up,5,1,2026-09-14,0.0108612527838805,1.0,0.0,btc_r21:+|evt_china:+|kurt63:+,
2026-09-04,XLY,stock,114.79000091552734,0.6428858432248612,up,5,1,2026-09-14,-0.0152741543343367,0.0,0.0,btc_r21:+|evt_china:+|evt_fed:+,
2026-09-04,LIT,stock,74.08000183105469,0.6417750845872909,up,5,1,2026-09-14,-0.0529287128833859,0.0,1.0,btc_r21:+|evt_china:+|volu_trend:+,
2026-09-04,EWZ,stock,38.06999969482422,0.6412114709943653,up,5,1,2026-09-14,-0.010960847243005,0.0,0.0,btc_r21:+|evt_china:+|volu_trend:+,
2026-09-04,GEV,stock,943.010009765625,0.6402815642576405,up,5,1,2026-09-14,-0.0696380472418858,0.0,0.0,btc_r21:+|evt_china:+|evt_fed:+,
2026-09-04,XLK,stock,187.25,0.6398498613789846,up,5,1,2026-09-14,-0.0094975859086869,0.0,0.0,btc_r21:+|evt_china:+|corr_spy63:+,
2026-09-04,GOOGL,stock,338.82000732421875,0.637693961169413,up,5,1,2026-09-14,0.0240574952822653,1.0,0.0,btc_r21:+|evt_china:+|evt_fed:+,
2026-09-04,EWG,stock,43.90999984741211,0.6375882499885309,up,5,1,2026-09-14,-0.0249009310061327,0.0,0.0,btc_r21:+|evt_china:+|volu_trend:+,
2026-09-04,COPX,stock,90.95999908447266,0.6342859661210962,up,5,1,2026-09-14,-0.0557237809331322,0.0,0.0,btc_r21:+|evt_china:+|evt_fed:+,
2026-09-04,XLB,stock,52.57500076293945,0.63405035623752,up,5,1,2026-09-14,-0.0396735409543837,0.0,0.0,btc_r21:+|evt_china:+|evt_fed:+,
2026-09-04,HUBB,stock,460.8200073242188,0.6290581878741125,up,5,1,2026-09-14,-0.03911052164377,0.0,0.0,btc_r21:+|evt_china:+|evt_fed:+,
2026-09-04,ETN,stock,408.1499938964844,0.6276737810610655,up,5,1,2026-09-14,-0.0331287775418674,0.0,0.0,btc_r21:+|evt_china:+|evt_fed:+,
2026-09-04,EWU,stock,48.630001068115234,0.6239532405038618,up,5,1,2026-09-14,-0.0112703872551409,0.0,1.0,btc_r21:+|evt_china:+|volu_trend:+,
2026-09-04,DBA,stock,28.920000076293945,0.6236865228641862,up,5,1,2026-09-14,0.0019000024626263,1.0,0.0,btc_r21:+|evt_china:+|volu_trend:+,
2026-09-04,GLD,stock,406.5799865722656,0.6214193412423034,up,5,1,2026-09-14,-0.0293506951785591,0.0,0.0,btc_r21:+|evt_china:+|evt_fed:+,
2026-09-04,TSLA,stock,351.8550109863281,0.6188192573265285,up,5,1,2026-09-14,0.0253548142690104,1.0,0.0,btc_r21:+|evt_china:+|volu_trend:+,
2026-09-04,PWR,stock,621.2750244140625,0.6186767847970608,up,5,1,2026-09-14,0.0033904637649682,1.0,0.0,btc_r21:+|evt_china:+|evt_fed:+,
2026-09-04,SCHD,stock,34.87929916381836,0.6161887013364745,up,5,1,2026-09-14,-0.0150003911789917,0.0,0.0,btc_r21:+|evt_china:+|evt_fed:+,
2026-09-04,XLC,stock,112.20999908447266,0.6150375782641877,up,5,1,2026-09-14,0.0242121262891701,1.0,0.0,btc_r21:+|evt_china:+|evt_fed:+,
2026-09-04,URA,stock,45.880001068115234,0.6136048383237852,up,5,1,2026-09-14,-0.0814786424086108,0.0,0.0,btc_r21:+|evt_china:+|evt_fed:+,
2026-09-04,SLV,stock,59.69499969482422,0.6122902894722012,up,5,1,2026-09-14,-0.0380721902090605,0.0,1.0,btc_r21:+|evt_china:+|evt_fed:+,
2026-09-04,VRT,stock,276.57501220703125,0.6072763275346176,up,5,1,2026-09-14,-0.1405315031314174,0.0,0.0,btc_r21:+|evt_china:+|evt_fed:+,
2026-09-04,JEPI,stock,57.269901275634766,0.6063098858873964,up,5,1,2026-09-14,-0.0116690618694835,0.0,0.0,btc_r21:+|evt_china:+|evt_fed:+,
2026-09-04,XLF,stock,58.17499923706055,0.5994277057539931,up,5,1,2026-09-14,-0.0219846261399781,0.0,0.0,btc_r21:+|evt_china:+|evt_fed:+,
2026-09-04,META,stock,610.2249755859375,0.5966350681945362,up,5,1,2026-09-14,0.0870564519891688,1.0,0.0,btc_r21:+|evt_china:+|evt_fed:+,
2026-09-04,NVDA,stock,231.509994506836,0.5963271660342618,up,5,1,2026-09-14,-0.0862275787189081,0.0,0.0,btc_r21:+|evt_china:+|evt_fed:+,
2026-09-04,AAPL,stock,321.29998779296875,0.5912129472938478,up,5,1,2026-09-14,0.0400673053760339,1.0,0.0,btc_r21:+|evt_china:+|corr_spy63:-,
2026-09-04,XLRE,stock,44.130001068115234,0.5906380440639724,up,5,1,2026-09-14,-0.0193336963427442,0.0,0.0,btc_r21:+|corr_spy63:-|evt_china:+,
2026-09-04,XLU,stock,43.06999969482422,0.5861121504522979,up,5,1,2026-09-14,-0.0264674629578023,0.0,0.0,btc_r21:+|corr_spy63:-|evt_china:+,
2026-09-04,MCHI,stock,54.84999847412109,0.5859838735893814,up,5,1,2026-09-14,-0.0252009067323814,0.0,0.0,btc_r21:+|evt_china:+|corr_spy63:-,
2026-09-04,XLP,stock,84.91000366210938,0.5810437818690749,up,5,1,2026-09-14,-0.0041306024504763,0.0,0.0,btc_r21:+|corr_spy63:-|evt_china:+,
2026-09-04,XLV,stock,171.57000732421875,0.5722578710152109,up,5,1,2026-09-14,-0.0223973700362359,0.0,0.0,btc_r21:+|corr_spy63:-|evt_china:+,
2026-09-04,EWY,stock,186.4900054931641,0.5657351755404993,up,5,1,2026-09-14,-0.0416065594076545,0.0,0.0,btc_r21:+|evt_china:+|evt_fed:+,
2026-09-04,XLE,stock,64.1449966430664,0.5607825263830511,up,5,1,2026-09-14,0.0048212409355492,1.0,0.0,corr_spy63:-|btc_r21:+|evt_china:+,
2026-09-04,O,stock,61.54499816894531,0.5571563483316909,up,5,1,2026-09-14,-0.0342965805659106,0.0,0.0,btc_r21:+|corr_spy63:-|evt_china:+,
2026-09-05,USDTRY,fx,48.424800872802734,0.7888702600575371,up,5,1,2026-09-10,0.0033192134504209,1.0,1.0,rsi14:+|vol21:+|hi52_dist:+,
2026-09-05,BTC,crypto,79744.33,0.5666066592816673,up,5,1,2026-09-10,-0.0214979042699831,0.0,0.0,btc_r21:+|evt_china:+|r21:+,
2026-09-05,ETH,crypto,2459.37,0.545596890632404,up,5,1,2026-09-10,0.0041590730657906,1.0,0.0,btc_r21:+|evt_china:+|vol21:-,
2026-09-05,XRP,crypto,1.4061,0.5283247178960504,up,5,1,2026-09-10,-0.017939631512887,0.0,0.0,btc_r21:+|evt_china:+|vol21:-,
2026-09-05,SOL,crypto,102.41,0.517906252065095,up,5,1,2026-09-10,-0.0125775461732672,0.0,0.0,btc_r21:+|evt_china:+|oil_r5:-,
2026-09-06,USDTRY,fx,48.41429901123047,0.7943462664663573,up,5,1,2026-09-11,0.0028937288225415,1.0,1.0,rsi14:+|vol21:+|hi52_dist:+,
2026-09-06,BTC,crypto,79830.02,0.5686835778895235,up,5,1,2026-09-11,-0.0343760687838952,0.0,0.0,btc_r21:+|evt_china:+|corr_spy63:-,
2026-09-06,SOL,crypto,105.3,0.555395642834369,up,5,1,2026-09-11,-0.0560529416405385,0.0,0.0,btc_r21:+|evt_china:+|evt_fed:+,
2026-09-06,XRP,crypto,1.4178,0.5534358193363977,up,5,1,2026-09-11,-0.0501135108411324,0.0,0.0,btc_r21:+|evt_china:+|vol21:-,
2026-09-06,ETH,crypto,2496.99,0.5520741773176886,up,5,1,2026-09-11,-0.0132431442448501,0.0,0.0,btc_r21:+|evt_china:+|vol21:-,
2026-09-06,XAUUSD,commodity,4476.60009765625,0.5636703669717154,up,5,1,2026-09-13,-0.023208814240568,0.0,0.0,btc_r21:+|evt_china:+|corr_spy63:-,
2026-09-07,USDTRY,fx,48.42910003662109,0.7963639241960325,up,5,1,2026-09-14,0.0038065687457626,1.0,1.0,rsi14:+|vol21:+|kurt63:+,
2026-09-07,KCHOL,stock,217.5,0.5882126606255592,up,5,1,2026-09-14,0.0312312959205345,1.0,0.0,evt_china:+|corr_spy63:-|evt_fed:+,
2026-09-07,TUPRS,stock,390.0,0.586458025345884,up,5,1,2026-09-14,0.0597192347016222,1.0,0.0,evt_china:+|vix_z:+|evt_fed:+,
2026-09-07,EREGL,stock,37.70000076293945,0.5860617271266948,up,5,1,2026-09-14,0.0272125866142163,1.0,1.0,evt_china:+|evt_fed:+|vix_z:+,
2026-09-07,N225,stock,66399.84375,0.585364340353243,up,5,1,2026-09-14,-0.0447652242828612,0.0,0.0,evt_china:+|evt_fed:+|btc_r21:+,
2026-09-07,BIMAS,stock,418.5,0.5815154187819709,up,5,1,2026-09-14,0.0247800289984868,1.0,1.0,evt_china:+|evt_fed:+|range_pos60:+,
2026-09-07,FTSE,stock,10805.26953125,0.5794607113381905,up,5,1,2026-09-14,-0.0088710042466946,0.0,0.0,evt_china:+|evt_fed:+|month:-,
2026-09-07,THYAO,stock,294.5,0.5786390295075997,up,5,1,2026-09-14,0.007611030398136,1.0,0.0,evt_china:+|vix_z:+|evt_fed:+,
2026-09-07,XU100,stock,14102.0400390625,0.5754744995518929,up,5,1,2026-09-14,0.0093547505013783,1.0,1.0,evt_china:+|evt_fed:+|btc_r21:+,
2026-09-07,ASELS,stock,396.25,0.5664102290296151,up,5,1,2026-09-14,-0.0464899725230251,0.0,0.0,evt_china:+|corr_spy63:-|evt_fed:+,
2026-09-07,SISE,stock,39.31999969482422,0.5645013871904975,up,5,1,2026-09-14,0.1142729188663828,1.0,0.0,evt_china:+|evt_fed:+|corr_spy63:-,
2026-09-07,GARAN,stock,132.5,0.5642846951007704,up,5,1,2026-09-14,0.0105105616882078,1.0,0.0,evt_china:+|evt_fed:+|corr_spy63:-,
2026-09-07,DAX,stock,25981.640625,0.563690162617208,up,5,1,2026-09-14,-0.0221643513227434,0.0,0.0,evt_china:+|evt_fed:+|oil_r5:-,
2026-09-07,AKBNK,stock,72.5999984741211,0.5632804351316449,up,5,1,2026-09-14,-0.0020682741687049,0.0,0.0,evt_china:+|corr_spy63:-|evt_fed:+,
2026-09-07,HSI,stock,25413.119140625,0.559208151959472,up,5,1,2026-09-14,-0.0196911768644061,0.0,0.0,evt_china:+|corr_spy63:-|evt_fed:+,
2026-09-07,BTC,crypto,79436.05,0.5507160919646062,up,5,1,2026-09-12,-0.0276916808137774,0.0,0.0,evt_china:+|btc_r21:+|evt_fed:+,
2026-09-07,XAUUSD,commodity,4476.60009765625,0.5490855538778404,up,5,1,2026-09-13,-0.023208814240568,0.0,0.0,evt_china:+|corr_spy63:-|btc_r21:+,
2026-09-07,SOL,crypto,104.57,0.5486398337743982,up,5,1,2026-09-12,-0.0283211635361415,0.0,0.0,evt_china:+|vol21:-|btc_r21:+,
2026-09-07,ETH,crypto,2489.62,0.544139555224371,up,5,1,2026-09-12,0.0134850359057813,1.0,0.0,evt_china:+|vol21:-|btc_r21:+,
2026-09-07,XRP,crypto,1.4034,0.5425919009651226,up,5,1,2026-09-12,-0.024744274178478,0.0,0.0,evt_china:+|vol21:-|kurt63:+,
2026-09-08,USDTRY,fx,48.45669937133789,0.8305631177388987,up,5,1,2026-09-15,0.0035967924878362,1.0,1.0,vol21:+|rsi14:+|kurt63:+,0.630433502955824
2026-09-08,KCHOL,stock,219.6999969482422,0.5441740348702934,up,5,1,2026-09-15,0.0040881689872005,1.0,0.0,evt_fed:+|btc_r21:+|round_dist:+,0.5367400489633192
2026-09-08,BIMAS,stock,415.5,0.5434040455190249,up,5,1,2026-09-15,0.0071942756340272,1.0,0.0,evt_fed:+|hi52_dist:+|round_dist:+,0.5591671841424413
2026-09-08,TUPRS,stock,401.75,0.5327903391829091,up,5,1,2026-09-15,0.0135972428645324,1.0,0.0,evt_fed:+|hi52_dist:+|btc_r21:+,0.5536394372765174
2026-09-08,FTSE,stock,10796.0703125,0.5179252634185723,up,5,1,2026-09-15,-0.016793510242266,0.0,0.0,evt_fed:+|oil_r5:-|btc_r21:+,0.483470479156725
2026-09-08,EREGL,stock,38.5,0.5168628584212248,up,5,1,2026-09-15,0.0072463770431203,1.0,0.0,evt_fed:+|btc_r21:+|gold_spy_mom:-,0.5155512276270442
2026-09-08,SISE,stock,42.18000030517578,0.5136648528052874,up,5,1,2026-09-15,0.0243571970369692,1.0,0.0,evt_fed:+|btc_r21:+|oil_r5:-,0.5079910764793366
2026-09-08,GARAN,stock,133.3000030517578,0.5132306810200203,up,5,1,2026-09-15,-0.0212290233158216,0.0,0.0,evt_fed:+|evt_china:-|btc_r21:+,0.4927810503777442
2026-09-08,ETH,crypto,2470.4,0.5104297138135879,up,5,1,2026-09-13,0.0162253293993168,1.0,0.0,kurt63:+|vol21:-|btc_r21:+,0.5600623775745515
2026-09-08,AKBNK,stock,73.3499984741211,0.5091755069009871,up,5,1,2026-09-15,-0.0346775391863419,0.0,0.0,evt_fed:+|btc_r21:+|evt_china:-,0.5078200778668585
2026-09-08,BTC,crypto,78290.58,0.5074175873320044,up,5,1,2026-09-13,-0.0165574538824335,0.0,0.0,evt_fed:+|oil_r5:-|btc_r21:+,0.5480607183319892
2026-09-08,DAX,stock,25861.30078125,0.4989939033182124,down,5,1,2026-09-15,-0.022835782622161,1.0,0.0,oil_r5:-|btc_r21:+|evt_fed:+,0.5013495875585494
2026-09-08,XU100,stock,14133.3095703125,0.4982042612018872,down,5,1,2026-09-15,-0.0104396490709441,1.0,0.0,oil_r5:-|evt_fed:+|gold_spy_mom:-,0.5059136185567611
2026-09-08,XRP,crypto,1.3848,0.496858475770154,down,5,1,2026-09-13,-0.0232313756912114,1.0,1.0,kurt63:+|hi52_dist:-|vol21:-,0.5251558156573013
2026-09-08,ASELS,stock,386.75,0.4967046092465156,down,5,1,2026-09-15,-0.0463045680416862,1.0,0.0,oil_r5:-|evt_fed:+|gold_spy_mom:-,0.5367640774232173
2026-09-08,N225,stock,65269.328125,0.4911876229859904,down,5,1,2026-09-15,-0.0277327133578767,1.0,0.0,evt_fed:+|oil_r5:-|gold_spy_mom:-,0.5097443358969361
2026-09-08,THYAO,stock,297.0,0.4895615656398117,down,5,1,2026-09-15,-0.0212683474039258,1.0,1.0,evt_fed:+|oil_r5:-|gold_spy_mom:-,0.4934592250087658
2026-09-08,XAUUSD,commodity,4435.60009765625,0.4842112595719268,down,5,1,2026-09-15,-0.0281219229745619,1.0,0.0,oil_r5:-|btc_r21:+|evt_fed:+,0.5162564968904398
2026-09-08,HSI,stock,25314.9609375,0.4826436154340557,down,5,1,2026-09-15,-0.0259195053525545,1.0,0.0,btc_r21:+|evt_fed:+|oil_r5:-,0.4882808883347881
2026-09-08,SOL,crypto,102.6,0.4714201218746924,down,5,1,2026-09-13,-0.0214765421301096,1.0,0.0,vol21:-|oil_r5:-|evt_fed:+,0.5533932691020811
2026-09-08,SPY,stock,767.7050170898438,0.5976703864102241,up,5,1,2026-09-15,-0.0138772017332754,0.0,0.0,corr_spy63:+|btc_r21:+|oil_r5:-,0.4901459931293713
2026-09-08,EWZ,stock,38.584999084472656,0.5486335985741397,up,5,1,2026-09-15,-0.0187017434606441,0.0,0.0,btc_r21:+|evt_fed:+|oil_r5:-,0.5424499277949879
2026-09-08,QQQ,stock,720.5850219726562,0.5354929703543311,up,5,1,2026-09-15,-0.0222415877648024,0.0,0.0,btc_r21:+|corr_spy63:+|evt_fed:+,0.4159779003205534
2026-09-08,EWJ,stock,98.19010162353516,0.5272006551196722,up,5,1,2026-09-15,-0.0141551426354945,0.0,0.0,btc_r21:+|oil_r5:-|evt_fed:+,0.4940556747263054
2026-09-08,MSFT,stock,492.4299926757813,0.5208456444375923,up,5,1,2026-09-15,0.0141151298056483,1.0,0.0,kurt63:+|btc_r21:+|evt_fed:+,0.5324759137503371
2026-09-08,AAPL,stock,316.2850036621094,0.5155867667274695,up,5,1,2026-09-15,0.0444772223854595,1.0,0.0,btc_r21:+|gold_spy_mom:-|oil_r5:-,0.4978044446895036
2026-09-08,AMZN,stock,257.1700134277344,0.5149221157578555,up,5,1,2026-09-15,-0.0366917936905339,0.0,0.0,kurt63:+|btc_r21:+|oil_r5:-,0.4853788182161765
2026-09-08,TSLA,stock,367.7799987792969,0.51354183696578,up,5,1,2026-09-15,-0.030029316598953,0.0,0.0,btc_r21:+|oil_r5:-|gold_spy_mom:-,0.4579088240867566
2026-09-08,XLK,stock,188.44000244140625,0.5098822183634604,up,5,1,2026-09-15,-0.0245507071777584,0.0,0.0,btc_r21:+|oil_r5:-|evt_fed:+,0.4669247727690189
2026-09-08,DBA,stock,29.01000022888184,0.5093254715764242,up,5,1,2026-09-15,-0.0035879840562204,0.0,0.0,oil_r5:-|btc_r21:+|evt_fed:+,0.5026736161733986
2026-09-08,COPX,stock,95.06999969482422,0.5077388799522644,up,5,1,2026-09-15,-0.1213591355077089,0.0,0.0,btc_r21:+|oil_r5:-|evt_fed:+,0.5262318787554072
2026-09-08,META,stock,617.885009765625,0.5001203116829201,up,5,1,2026-09-15,0.0758052567749592,1.0,0.0,oil_r5:-|btc_r21:+|evt_fed:+,0.4875419861201018
2026-09-08,GRID,stock,182.5050048828125,0.4984790897828814,down,5,1,2026-09-15,-0.0560905294316902,1.0,0.0,btc_r21:+|oil_r5:-|evt_fed:+,0.4549578652436981
2026-09-08,XLI,stock,175.18499755859375,0.4951441299952141,down,5,1,2026-09-15,-0.0357959475958723,1.0,0.0,oil_r5:-|btc_r21:+|evt_fed:+,0.4930062355305888
2026-09-08,NVDA,stock,225.97000122070312,0.4946257465639938,down,5,1,2026-09-15,-0.0654281585709931,1.0,0.0,btc_r21:+|oil_r5:-|gold_spy_mom:-,0.514504550382764
2026-09-08,EWY,stock,191.0599975585937,0.4937531828844383,down,5,1,2026-09-15,-0.0806840603712663,1.0,0.0,oil_r5:-|btc_r21:+|gold_spy_mom:-,0.5074326290358697
2026-09-08,EWU,stock,48.43000030517578,0.4936975152852799,down,5,1,2026-09-15,-0.013407683191591,1.0,1.0,oil_r5:-|btc_r21:+|evt_fed:+,0.4836182392626917
2026-09-08,XLE,stock,64.47000122070312,0.4920226192524335,down,5,1,2026-09-15,0.0236062598059386,0.0,0.0,corr_spy63:-|gold_spy_mom:-|evt_fed:+,0.5343557753422075
2026-09-08,XLV,stock,167.85000610351562,0.4898065924402058,down,5,1,2026-09-15,-0.0010134023360235,1.0,1.0,oil_r5:-|gold_spy_mom:-|corr_spy63:-,0.4515653549067082
2026-09-08,EWG,stock,43.70500183105469,0.4896746675920303,down,5,1,2026-09-15,-0.0264302668555876,1.0,0.0,oil_r5:-|btc_r21:+|evt_fed:+,0.4472493963001216
2026-09-08,XLY,stock,114.25,0.489204648833062,down,5,1,2026-09-15,-0.0280483791459314,1.0,0.0,btc_r21:+|oil_r5:-|gold_spy_mom:-,0.4704531096952918
2026-09-08,URA,stock,48.17499923706055,0.4888923707856042,down,5,1,2026-09-15,-0.1458990790896563,1.0,0.0,btc_r21:+|oil_r5:-|evt_fed:+,0.4723888200444179
2026-09-08,VRT,stock,293.9252014160156,0.487929399951081,down,5,1,2026-09-15,-0.2190698480740033,1.0,0.0,btc_r21:+|oil_r5:-|evt_fed:+,0.4311185720835879
2026-09-08,AVGO,stock,367.4500122070313,0.4874775000375589,down,5,1,2026-09-15,-0.0831627936133874,1.0,0.0,btc_r21:+|oil_r5:-|evt_fed:+,0.4578305906895336
2026-09-08,GOOGL,stock,339.3500061035156,0.4841567435220896,down,5,1,2026-09-15,0.011456164822468,0.0,0.0,btc_r21:+|oil_r5:-|evt_fed:+,0.4993626230902951
2026-09-08,PWR,stock,645.5800170898438,0.4821052227716694,down,5,1,2026-09-15,-0.0549048722337151,1.0,0.0,btc_r21:+|oil_r5:-|evt_fed:+,0.4153439214466083
2026-09-08,XLRE,stock,44.17499923706055,0.4820585414285923,down,5,1,2026-09-15,-0.0259129633631511,1.0,0.0,gold_spy_mom:-|oil_r5:-|btc_r21:+,0.4844622332762802
2026-09-08,SCHD,stock,34.42499923706055,0.4815549625241477,down,5,1,2026-09-15,-0.0001481663967861,1.0,0.0,oil_r5:-|gold_spy_mom:-|btc_r21:+,0.4699824827825657
2026-09-08,XLB,stock,52.14500045776367,0.4815343426111882,down,5,1,2026-09-15,-0.0288916667903149,1.0,0.0,oil_r5:-|btc_r21:+|gold_spy_mom:-,0.4752970227809169
2026-09-08,ETN,stock,428.6650085449219,0.4797344777059299,down,5,1,2026-09-15,-0.0896818292971949,1.0,0.0,btc_r21:+|oil_r5:-|evt_fed:+,0.4482799500440673
2026-09-08,XLP,stock,84.02999877929688,0.4784434817328175,down,5,1,2026-09-15,-0.0010715764225552,1.0,0.0,gold_spy_mom:-|oil_r5:-|btc_r21:+,0.4953780516381285
2026-09-08,HUBB,stock,464.6499938964844,0.4781386087064061,down,5,1,2026-09-15,-0.0588144339049489,1.0,0.0,btc_r21:+|gold_spy_mom:-|oil_r5:-,0.4817669788301924
2026-09-08,GEV,stock,970.9534912109376,0.4756263804712493,down,5,1,2026-09-15,-0.1026841800065861,1.0,0.0,btc_r21:+|evt_fed:+|oil_r5:-,0.4525060395715416
2026-09-08,XLU,stock,43.561500549316406,0.4751522075507469,down,5,1,2026-09-15,-0.04884181451489,1.0,0.0,oil_r5:-|gold_spy_mom:-|evt_fed:+,0.4749418468948281
2026-09-08,LIT,stock,73.87999725341797,0.4740900507703801,down,5,1,2026-09-15,-0.0549473720749858,1.0,1.0,btc_r21:+|oil_r5:-|gold_spy_mom:-,0.4862770156203634
2026-09-08,JEPI,stock,56.994998931884766,0.473458433662385,down,5,1,2026-09-15,-0.0134224125320653,1.0,0.0,oil_r5:-|evt_fed:+|gold_spy_mom:-,0.4530914386847809
2026-09-08,XLC,stock,111.4800033569336,0.4728037051628313,down,5,1,2026-09-15,0.0238871530736605,0.0,0.0,oil_r5:-|gold_spy_mom:-|evt_fed:+,0.4758693362679008
2026-09-08,O,stock,61.27000045776367,0.4709784658507789,down,5,1,2026-09-15,-0.0416588057951866,1.0,0.0,oil_r5:-|gold_spy_mom:-|corr_spy63:-,0.4893011396022906
2026-09-08,EWQ,stock,45.81499862670898,0.4688865177049471,down,5,1,2026-09-15,-0.0336268586134926,1.0,1.0,oil_r5:-|btc_r21:+|evt_fed:+,0.4783324067188181
2026-09-08,XLF,stock,57.48500061035156,0.4685688105301722,down,5,1,2026-09-15,-0.0148969158071704,1.0,0.0,oil_r5:-|gold_spy_mom:-|evt_fed:+,0.4689694451732001
2026-09-08,GLD,stock,402.8550109863281,0.4621623997265936,down,5,1,2026-09-15,-0.0227335877779582,1.0,0.0,oil_r5:-|btc_r21:+|gold_spy_mom:-,0.4820746163491551
2026-09-08,INDA,stock,49.255001068115234,0.4590284282323823,down,5,1,2026-09-15,-0.0342831676420736,1.0,0.0,oil_r5:-|btc_r21:+|gold_spy_mom:-,0.4635711964089646
2026-09-08,MCHI,stock,53.99760055541992,0.4534131030442497,down,5,1,2026-09-15,-0.018836363238326,1.0,1.0,oil_r5:-|gold_spy_mom:-|btc_r21:+,0.4590208323524487
2026-09-08,SLV,stock,59.98989868164063,0.4295460329254602,down,5,1,2026-09-15,-0.0457010402166176,1.0,1.0,hi52_dist:-|oil_r5:-|btc_r21:+,0.4808867891716416
2026-09-08,BNB,crypto,753.89,0.5142553719668239,up,5,1,2026-09-13,-0.05099383999958,0.0,0.0,evt_fed:+|is_crypto:-|btc_r21:+,0.5257236745055048
2026-09-09,USDTRY,fx,48.391998291015625,0.8095670654336395,up,5,1,2026-09-16,0.0057365404770997,1.0,1.0,vol21:+|rsi14:+|hi52_dist:+,0.610215779684958
2026-09-09,KCHOL,stock,231.5,0.5412486859311602,up,5,1,2026-09-16,-0.0941445672000459,0.0,0.0,hi52_dist:+|evt_fed:+|evt_china:-,0.5555472351385107
2026-09-09,BIMAS,stock,423.5,0.5367467330825073,up,5,1,2026-09-16,-0.0232915874008364,0.0,0.0,evt_fed:+|hi52_dist:+|oil_r5:-,0.5337138380054052
2026-09-09,TUPRS,stock,416.0,0.5256505961908343,up,5,1,2026-09-16,-0.0249480538665627,0.0,0.0,evt_fed:+|hi52_dist:+|oil_r5:-,0.5497641027536483
2026-09-09,ETH,crypto,2516.29,0.5197934038910528,up,5,1,2026-09-14,0.0002304715139464,1.0,0.0,kurt63:+|oil_r5:-|evt_fed:+,0.5778497776872134
2026-09-09,XU100,stock,14581.900390625,0.5125203913449627,up,5,1,2026-09-16,-0.0900024908394329,0.0,0.0,evt_fed:+|oil_r5:-|evt_china:-,0.475975482405413
2026-09-09,AKBNK,stock,76.0,0.5099862500080697,up,5,1,2026-09-16,-0.1418365073968192,0.0,1.0,evt_fed:+|evt_china:-|oil_r5:-,0.5030459067726792
2026-09-04,GBPUSD,fx,0.7396,0.5083415066003701,up,5,1,2026-09-14,0.0020260694443432,1.0,0.0,corr_spy63:-|vol21:+|btc_r21:+,0.4845625233262269
2026-09-09,EREGL,stock,40.09999847412109,0.5051868541738728,up,5,1,2026-09-16,-0.0913280975440403,0.0,0.0,evt_fed:+|evt_china:-|gold_spy_mom:-,0.4713351111103826
2026-09-09,GARAN,stock,136.89999389648438,0.5049155844639399,up,5,1,2026-09-16,-0.1095083608654867,0.0,0.0,evt_fed:+|oil_r5:-|evt_china:-,0.5105484602504979
2026-09-09,ASELS,stock,401.75,0.5011063121882607,up,5,1,2026-09-16,-0.0742515849738063,0.0,0.0,evt_fed:+|oil_r5:-|evt_china:-,0.508744150971698
2026-09-04,EURUSD,fx,0.8607,0.4969024967017377,down,5,1,2026-09-14,0.0060234167983268,0.0,0.0,corr_spy63:-|btc_r21:+|vol21:+,0.4606398868179415
2026-09-09,BTC,crypto,79449.34,0.4944985673336095,down,5,1,2026-09-14,-0.0221994657019976,1.0,0.0,evt_fed:+|oil_r5:-|evt_china:-,0.5732267512556377
2026-09-09,FTSE,stock,10784.73046875,0.4933501849286817,down,5,1,2026-09-16,-0.0083053654821287,1.0,0.0,oil_r5:-|evt_fed:+|evt_china:-,0.4786588452982315
2026-09-09,SOL,crypto,104.72,0.4928044385367762,down,5,1,2026-09-14,-0.0317240553298207,1.0,0.0,oil_r5:-|evt_fed:+|is_crypto:-,0.5837943549332517
2026-09-09,THYAO,stock,306.25,0.4926681064906549,down,5,1,2026-09-16,-0.0905054146669021,1.0,0.0,evt_fed:+|oil_r5:-|evt_china:-,0.4870324744141606
2026-09-04,AUDUSD,fx,1.3872,0.4909979473609425,down,5,1,2026-09-14,0.0094705830542331,0.0,0.0,corr_spy63:-|btc_r21:+|evt_china:+,0.458075020167702
2026-09-09,N225,stock,65142.78125,0.4804775404099745,down,5,1,2026-09-16,-0.0189022614127113,1.0,0.0,evt_fed:+|oil_r5:-|gold_spy_mom:-,0.5040865812070462
2026-09-04,USDJPY,fx,156.11,0.4710760817527445,down,5,1,2026-09-14,-0.0108847240879056,1.0,0.0,corr_spy63:-|btc_r21:+|volu_trend:-,0.5096523374182294
2026-09-09,XAUUSD,commodity,4450.60009765625,0.4691869330804386,down,5,1,2026-09-16,-0.0182073285462267,1.0,0.0,oil_r5:-|evt_fed:+|gold_spy_mom:-,0.4844336856549115
2026-09-04,USDCHF,fx,0.8096,0.4685986946813164,down,5,1,2026-09-14,0.009465925988883,0.0,0.0,corr_spy63:-|btc_r21:+|evt_fed:-,0.4950805589508525
2026-09-09,SISE,stock,45.2599983215332,0.4677804226012022,down,5,1,2026-09-16,-0.1170652245994332,1.0,0.0,vol21:-|r1:-|squeeze:-,0.5159597155869575
2026-09-09,DAX,stock,25852.130859375,0.4673464560315449,down,5,1,2026-09-16,-0.0180210948059539,1.0,0.0,oil_r5:-|evt_fed:+|evt_china:-,0.4501713313055406
2026-09-09,HSI,stock,25256.2890625,0.4634828475063013,down,5,1,2026-09-16,-0.0217142421356857,1.0,0.0,oil_r5:-|gold_spy_mom:-|evt_fed:+,0.4903696668724286
2026-09-09,XRP,crypto,1.4407,0.4597022183420355,down,5,1,2026-09-14,-0.039212383903594,1.0,0.0,vol21:-|hi52_dist:-|kurt63:+,0.5239085444332411
2026-09-04,USDCNY,fx,6.7108,0.4010542870199486,down,5,1,2026-09-14,-0.0003875102515144,1.0,0.0,vol21:-|corr_spy63:-|btc_r21:+,0.4805429747010171
2026-09-09,SPY,stock,762.8800048828125,0.5524161175321805,up,5,1,2026-09-16,-0.0045062482398311,0.0,0.0,corr_spy63:+|oil_r5:-|gold_spy_mom:-,0.5279118609401089
2026-09-09,DBA,stock,29.049999237060547,0.537779832282547,up,5,1,2026-09-16,-0.0107285843479424,0.0,0.0,gold_spy_mom:-|evt_china:+|hi52_dist:+,0.4780026702008377
2026-09-09,MSFT,stock,492.8150024414063,0.5374167978340227,up,5,1,2026-09-16,0.0014194282084757,1.0,0.0,kurt63:+|oil_r5:-|range_pos60:+,0.5453810752896003
2026-09-09,EWZ,stock,38.17499923706055,0.5272856930289613,up,5,1,2026-09-16,-0.0145121080503397,0.0,0.0,oil_r5:-|gold_spy_mom:-|month:-,0.5193668574660634
2026-09-09,AAPL,stock,311.5299987792969,0.5267798613347308,up,5,1,2026-09-16,0.0669321003863943,1.0,0.0,gold_spy_mom:-|oil_r5:-|evt_iran:+,0.5153450750207229
2026-09-09,META,stock,650.2650146484375,0.5260266229133503,up,5,1,2026-09-16,0.0375919038097907,1.0,0.0,oil_r5:-|gold_spy_mom:-|month:-,0.534857538098006
2026-09-09,EWJ,stock,97.25,0.524132683925109,up,5,1,2026-09-16,0.0074784279732889,1.0,0.0,oil_r5:-|gold_spy_mom:-|evt_fed:+,0.446621757972554
2026-09-09,XLK,stock,188.0399932861328,0.5203272713505341,up,5,1,2026-09-16,-0.0155694114378207,0.0,0.0,oil_r5:-|gold_spy_mom:-|evt_china:+,0.4573036523564223
2026-09-09,XLE,stock,65.29499816894531,0.5173792645682388,up,5,1,2026-09-16,-0.0094633962024228,0.0,0.0,corr_spy63:-|hi52_dist:+|boll_b:+,0.5228925481863858
2026-09-09,XLI,stock,172.4600067138672,0.5167344129551295,up,5,1,2026-09-16,-0.0132498901024083,0.0,0.0,oil_r5:-|gold_spy_mom:-|evt_fed:+,0.5276180767548042
2026-09-09,URA,stock,47.33000183105469,0.5155436382658232,up,5,1,2026-09-16,-0.1292846251814538,0.0,0.0,oil_r5:-|gold_spy_mom:-|round_dist:+,0.4881419539269833
2026-09-09,TSLA,stock,368.4400024414063,0.5140909414608696,up,5,1,2026-09-16,-0.0218830282726934,0.0,0.0,oil_r5:-|trendiness:+|gold_spy_mom:-,0.4843873119898804
2026-09-09,EWY,stock,191.1100006103516,0.5111538704528421,up,5,1,2026-09-16,-0.0691012356675857,0.0,0.0,oil_r5:-|gold_spy_mom:-|boll_b:+,0.4874261246083181
2026-09-09,COPX,stock,95.76000213623048,0.5102290718469479,up,5,1,2026-09-16,-0.1142648395804698,0.0,0.0,oil_r5:-|gold_spy_mom:-|evt_fed:+,0.5090645510592262
2026-09-09,XLF,stock,57.22999954223633,0.5077818494057815,up,5,1,2026-09-16,-0.0116878333220198,0.0,0.0,oil_r5:-|gold_spy_mom:-|round_dist:+,0.4627098085075567
2026-09-09,XLY,stock,112.69499969482422,0.5073176016039472,up,5,1,2026-09-16,-0.0125905405641712,0.0,0.0,oil_r5:-|gold_spy_mom:-|round_dist:+,0.5181383924102853
2026-09-09,XLRE,stock,43.45500183105469,0.5068704844474538,up,5,1,2026-09-16,-0.0061170068501184,0.0,0.0,gold_spy_mom:-|corr_spy63:-|oil_r5:-,0.5609613251848242
2026-09-09,QQQ,stock,716.5599975585938,0.5022830757843337,up,5,1,2026-09-16,-0.0105814895247675,0.0,0.0,oil_r5:-|corr_spy63:+|gold_spy_mom:-,0.4391096332398084
2026-09-09,SCHD,stock,34.10499954223633,0.4968979165193463,down,5,1,2026-09-16,0.0017577673454746,0.0,0.0,gold_spy_mom:-|evt_china:+|oil_r5:-,0.4721568440271873
2026-09-09,XLV,stock,166.72500610351562,0.4961442578457407,down,5,1,2026-09-16,0.0101150636032408,0.0,0.0,gold_spy_mom:-|corr_spy63:-|oil_r5:-,0.4466050096352568
2026-09-09,XLC,stock,110.79499816894533,0.494157677998177,down,5,1,2026-09-16,0.0271562544179707,0.0,0.0,oil_r5:-|gold_spy_mom:-|round_dist:+,0.4800107779573397
2026-09-09,EWU,stock,47.935001373291016,0.4931259807395062,down,5,1,2026-09-16,-0.0042858337508702,1.0,1.0,oil_r5:-|gold_spy_mom:-|du20:-,0.4967269075964775
2026-09-09,XLB,stock,51.67499923706055,0.4927050409513633,down,5,1,2026-09-16,-0.0142274773676935,1.0,1.0,oil_r5:-|gold_spy_mom:-|round_dist:+,0.4742241899443447
2026-09-09,AVGO,stock,363.8569946289063,0.4925496487316218,down,5,1,2026-09-16,-0.068609701720638,1.0,0.0,oil_r5:-|gold_spy_mom:-|corr_spy63:-,0.5033106180812078
2026-09-09,ETN,stock,417.7000122070313,0.4915629969245879,down,5,1,2026-09-16,-0.0394812533714788,1.0,0.0,oil_r5:-|gold_spy_mom:-|round_dist:+,0.4916244967455904
2026-09-09,GRID,stock,180.3800048828125,0.4910464783475393,down,5,1,2026-09-16,-0.0271988648901164,1.0,1.0,oil_r5:-|gold_spy_mom:-|evt_fed:+,0.4611196812839581
2026-09-09,AMZN,stock,252.3152008056641,0.4901051211509898,down,5,1,2026-09-16,-0.0196322084494379,1.0,0.0,oil_r5:-|kurt63:+|gold_spy_mom:-,0.5130592852798318
2026-09-09,EWQ,stock,45.0,0.4873595424849506,down,5,1,2026-09-16,-0.0118476577976785,1.0,1.0,oil_r5:-|gold_spy_mom:-|corr_spy63:-,0.4789949567382389
2026-09-09,XLU,stock,42.875,0.4854256558284842,down,5,1,2026-09-16,-0.0330775331605457,1.0,0.0,gold_spy_mom:-|oil_r5:-|corr_spy63:-,0.4538922840701772
2026-09-09,VRT,stock,269.2799987792969,0.4847361110676719,down,5,1,2026-09-16,-0.1023611111094056,1.0,0.0,oil_r5:-|gold_spy_mom:-|vol21:-,0.5242868957432321
2026-09-09,O,stock,60.15999984741211,0.4846616778903074,down,5,1,2026-09-16,-0.0420971788376806,1.0,0.0,corr_spy63:-|gold_spy_mom:-|oil_r5:-,0.5492102191896597
2026-09-09,NVDA,stock,224.2400054931641,0.4841202748144544,down,5,1,2026-09-16,-0.0430328549816279,1.0,0.0,oil_r5:-|gold_spy_mom:-|round_dist:+,0.5242851426150432
2026-09-09,LIT,stock,73.94999694824219,0.4837887990408167,down,5,1,2026-09-16,-0.0504751464013412,1.0,1.0,oil_r5:-|gold_spy_mom:-|evt_fed:+,0.4676138891272061
2026-09-09,GLD,stock,405.0499877929688,0.482205118976038,down,5,1,2026-09-16,-0.0169039473710365,1.0,0.0,oil_r5:-|gold_spy_mom:-|evt_fed:+,0.4728966657292172
2026-09-09,EWG,stock,43.1150016784668,0.4803164349729835,down,5,1,2026-09-16,-0.0102577525316809,1.0,0.0,oil_r5:-|gold_spy_mom:-|evt_fed:+,0.4411324625873255
2026-09-09,GEV,stock,954.6649780273438,0.4745634092936983,down,5,1,2026-09-16,-0.0320742124305315,1.0,0.0,oil_r5:-|gold_spy_mom:-|corr_spy63:-,0.4853238400617365
2026-09-09,SLV,stock,61.47999954223633,0.4738636234483814,down,5,1,2026-09-16,-0.0567183765934711,1.0,1.0,oil_r5:-|gold_spy_mom:-|hi52_dist:-,0.4893255686279627
2026-09-09,JEPI,stock,56.59450149536133,0.4735444381196085,down,5,1,2026-09-16,-0.0057502921847077,1.0,0.0,oil_r5:-|gold_spy_mom:-|corr_spy63:-,0.4673207639836605
2026-09-09,XLP,stock,83.08000183105469,0.4728309239243004,down,5,1,2026-09-16,0.0111913260175443,0.0,0.0,corr_spy63:-|gold_spy_mom:-|oil_r5:-,0.5451741692104255
2026-09-09,INDA,stock,48.744998931884766,0.4726028161565962,down,5,1,2026-09-16,-0.0212519833586811,1.0,1.0,oil_r5:-|gold_spy_mom:-|corr_spy63:-,0.4684876437391034
2026-09-09,MCHI,stock,53.52000045776367,0.4722184557383345,down,5,1,2026-09-16,-0.0170541422794129,1.0,1.0,oil_r5:-|gold_spy_mom:-|evt_china:+,0.4738090873414198
2026-09-09,GOOGL,stock,331.2099914550781,0.4661911112129818,down,5,1,2026-09-16,0.0409077876116987,0.0,0.0,oil_r5:-|gold_spy_mom:-|corr_spy63:-,0.5610279830591568
2026-09-09,PWR,stock,632.4149780273438,0.4660726828613789,down,5,1,2026-09-16,-0.0090778127661614,1.0,0.0,oil_r5:-|gold_spy_mom:-|corr_spy63:-,0.44927353699108
2026-09-09,HUBB,stock,457.1499938964844,0.4569797278280689,down,5,1,2026-09-16,-0.028950505560882,1.0,0.0,oil_r5:-|gold_spy_mom:-|corr_spy63:-,0.4841480641153277
2026-09-10,USDTRY,fx,48.4901008605957,0.8388264813302353,up,5,1,2026-09-17,0.0037195744974242,1.0,1.0,rsi14:+|vol21:+|hi52_dist:+,0.6509071200345223
2026-09-10,ETH,crypto,2469.62,0.5526934170779843,up,5,1,2026-09-15,0.001634542611174,1.0,0.0,kurt63:+|range_pos60:+|gold_spy_mom:-,0.5828054176620735
2026-09-10,KCHOL,stock,223.6000061035156,0.5515316234229631,up,5,1,2026-09-17,-0.0509167802130536,0.0,0.0,hi52_dist:+|vix_pct:+|round_dist:+,0.5247045664938474
2026-09-10,TUPRS,stock,418.25,0.5478820427814933,up,5,1,2026-09-17,-0.0187034109744504,0.0,0.0,vix_pct:+|hi52_dist:+|gold_spy_mom:-,0.5502061763581791
2026-09-10,BIMAS,stock,427.5,0.5336323167163574,up,5,1,2026-09-17,-0.0236697440859047,0.0,0.0,hi52_dist:+|vix_pct:+|gold_spy_mom:-,0.5095420881264346
2026-09-10,XU100,stock,14481.41015625,0.5300247431074833,up,5,1,2026-09-17,-0.0853423786110897,0.0,0.0,vix_pct:+|gold_spy_mom:-|volu_trend:+,0.4765634494307297
2026-09-10,BTC,crypto,78048.29,0.5200861478787482,up,5,1,2026-09-15,-0.0154748701798935,0.0,0.0,gold_spy_mom:-|is_crypto:-|vix_pct:+,0.5650705629706368
2026-09-10,EREGL,stock,38.93999862670898,0.5178142534411576,up,5,1,2026-09-17,-0.0691028975102846,0.0,0.0,vix_pct:+|gold_spy_mom:-|btc_r21:-,0.4717060364504921
2026-09-10,GARAN,stock,134.6999969482422,0.5147701320834678,up,5,1,2026-09-17,-0.0393691796207655,0.0,0.0,vix_pct:+|gold_spy_mom:-|oil_r5:-,0.4865199882669298
2026-09-10,ASELS,stock,403.75,0.5112256431406238,up,5,1,2026-09-17,-0.0859424298007247,0.0,0.0,gold_spy_mom:-|vix_pct:+|oil_r5:-,0.4995291948943887
2026-09-10,AKBNK,stock,72.55000305175781,0.5073937199201799,up,5,1,2026-09-17,-0.0436689961358427,0.0,1.0,gold_spy_mom:-|vix_pct:+|oil_r5:-,0.4898562734831864
2026-09-10,THYAO,stock,300.25,0.5052089330531679,up,5,1,2026-09-17,-0.0609369103735972,0.0,0.0,gold_spy_mom:-|oil_r5:-|btc_r21:-,0.5069933058246455
2026-09-10,N225,stock,65270.94921875,0.5029755605603815,up,5,1,2026-09-17,-0.0175373287976863,0.0,0.0,gold_spy_mom:-|oil_r5:-|btc_r21:-,0.5037196457590023
2026-09-10,XAUUSD,commodity,4452.10009765625,0.5008764704898734,up,5,1,2026-09-17,-0.0218905398945411,0.0,0.0,oil_r5:-|gold_spy_mom:-|vix_pct:+,0.493446586104206
2026-09-10,FTSE,stock,10662.5498046875,0.4999088133942295,down,5,1,2026-09-17,0.0078034603586152,0.0,0.0,oil_r5:-|gold_spy_mom:-|btc_r21:-,0.5368590950241257
2026-09-10,SISE,stock,44.619998931884766,0.4904849973610322,down,5,1,2026-09-17,-0.1223879620958924,1.0,0.0,vol21:-|oil_r5:-|kurt63:+,0.537612462684412
2026-09-10,XRP,crypto,1.3811,0.4894174143128933,down,5,1,2026-09-15,0.0080049466506832,0.0,0.0,kurt63:+|hi52_dist:-|vol21:-,0.5043580634338842
2026-09-10,HSI,stock,24954.3203125,0.4804003581362768,down,5,1,2026-09-17,-0.0141261861500087,1.0,0.0,oil_r5:-|gold_spy_mom:-|btc_r21:-,0.5103203983571766
2026-09-10,DAX,stock,25564.8203125,0.4730683007690244,down,5,1,2026-09-17,0.0032846433085058,0.0,0.0,oil_r5:-|gold_spy_mom:-|btc_r21:-,0.5205426703764466
2026-09-10,SOL,crypto,101.13,0.4521683191705875,down,5,1,2026-09-15,-0.0069458505088313,1.0,0.0,hi52_dist:-|oil_r5:-|gold_spy_mom:-,0.5272302326601418
2026-09-10,AAPL,stock,323.54998779296875,0.5465053440477364,up,5,1,2026-09-17,0.0376682501212299,1.0,0.0,oil_r5:-|btc_r21:-|gold_spy_mom:-,0.5084211990702291
2026-09-10,DBA,stock,29.21500015258789,0.5351145572588407,up,5,1,2026-09-17,-0.0239013988543626,0.0,0.0,btc_r21:-|gold_spy_mom:-|vix_pct:+,0.523040970637025
2026-09-10,MSFT,stock,494.25,0.5290693014150728,up,5,1,2026-09-17,0.0024855498083738,1.0,0.0,kurt63:+|oil_r5:-|range_pos60:+,0.5548401029656128
2026-09-10,XLE,stock,65.23999786376953,0.5222884209260298,up,5,1,2026-09-17,-0.0146686326144477,0.0,0.0,corr_spy63:-|hi52_dist:+|evt_fed:+,0.5038251847482008
2026-09-10,META,stock,651.4199829101562,0.5147871453196531,up,5,1,2026-09-17,0.0401033500569581,1.0,0.0,oil_r5:-|btc_r21:-|gold_spy_mom:-,0.5396869111819604
2026-09-10,EWZ,stock,38.59999847412109,0.5147117744606752,up,5,1,2026-09-17,-0.0213400425058785,0.0,0.0,oil_r5:-|gold_spy_mom:-|btc_r21:-,0.4931290388677997
2026-09-10,XLRE,stock,43.130001068115234,0.506347134663569,up,5,1,2026-09-17,-0.0020888982996948,0.0,0.0,gold_spy_mom:-|oil_r5:-|btc_r21:-,0.511608433451239
2026-09-10,SPY,stock,759.0999755859375,0.5009422786869795,up,5,1,2026-09-17,0.0044165880463914,1.0,0.0,corr_spy63:+|oil_r5:-|btc_r21:-,0.5295855619616381
2026-09-10,EWU,stock,47.55860137939453,0.4987416813502059,down,5,1,2026-09-17,0.0071528723802188,0.0,1.0,oil_r5:-|gold_spy_mom:-|btc_r21:-,0.4963555034433906
2026-09-10,SCHD,stock,34.05500030517578,0.4979035925434517,down,5,1,2026-09-17,-0.0040428575608744,1.0,0.0,gold_spy_mom:-|oil_r5:-|btc_r21:-,0.4820439446327311
2026-09-10,XLC,stock,111.5250015258789,0.4941724206867732,down,5,1,2026-09-17,0.0082598565702532,0.0,0.0,oil_r5:-|btc_r21:-|gold_spy_mom:-,0.4851436208838108
2026-09-10,XLV,stock,165.9600067138672,0.49150388263665,down,5,1,2026-09-17,0.0159007976176384,0.0,0.0,oil_r5:-|gold_spy_mom:-|corr_spy63:-,0.4676718925812418
2026-09-10,O,stock,59.71500015258789,0.4913380870687868,down,5,1,2026-09-17,-0.0431167710337298,1.0,0.0,corr_spy63:-|gold_spy_mom:-|oil_r5:-,0.5627601241904872
2026-09-10,XLU,stock,42.58990097045898,0.4833103413034136,down,5,1,2026-09-17,-0.0229162104488801,1.0,0.0,gold_spy_mom:-|oil_r5:-|btc_r21:-,0.4847666787801767
2026-09-10,XLF,stock,56.81499862670898,0.4806674743938717,down,5,1,2026-09-17,-0.0138292365188878,1.0,0.0,oil_r5:-|btc_r21:-|gold_spy_mom:-,0.4709789374206924
2026-09-10,XLP,stock,83.30999755859375,0.4803865096724086,down,5,1,2026-09-17,0.0020984216300962,0.0,0.0,oil_r5:-|gold_spy_mom:-|btc_r21:-,0.5507662180618006
2026-09-10,AVGO,stock,364.0899963378906,0.478180544432461,down,5,1,2026-09-17,-0.0413267772942954,1.0,0.0,oil_r5:-|btc_r21:-|gold_spy_mom:-,0.5129143368583372
2026-09-10,NVDA,stock,218.82000732421875,0.4748285044399409,down,5,1,2026-09-17,0.002624270109495,0.0,0.0,oil_r5:-|gold_spy_mom:-|btc_r21:-,0.4962758767487292
2026-09-10,MCHI,stock,52.915000915527344,0.4742816456082437,down,5,1,2026-09-17,-0.0032179089643143,1.0,1.0,oil_r5:-|gold_spy_mom:-|btc_r21:-,0.5004522756426093
2026-09-10,XLB,stock,50.71500015258789,0.472441815308056,down,5,1,2026-09-17,0.002166646688824,0.0,1.0,oil_r5:-|gold_spy_mom:-|btc_r21:-,0.4772200325915908
2026-09-10,XLI,stock,170.5050048828125,0.4706558308227525,down,5,1,2026-09-17,-0.0086884437038668,1.0,0.0,oil_r5:-|gold_spy_mom:-|btc_r21:-,0.5275799571026735
2026-09-10,TSLA,stock,366.4249877929688,0.4687180046831654,down,5,1,2026-09-17,0.0037183177447469,0.0,0.0,oil_r5:-|btc_r21:-|gold_spy_mom:-,0.4561645174278498
2026-09-10,AMZN,stock,252.7375030517578,0.4687013297696721,down,5,1,2026-09-17,-0.0065598588061189,1.0,0.0,oil_r5:-|gold_spy_mom:-|btc_r21:-,0.5250374564881177
2026-09-10,INDA,stock,48.1349983215332,0.4678674438011247,down,5,1,2026-09-17,-0.002496078981692,1.0,1.0,oil_r5:-|gold_spy_mom:-|btc_r21:-,0.4802132547151801
2026-09-10,QQQ,stock,710.9249877929688,0.467584418720453,down,5,1,2026-09-17,0.0079229969209847,0.0,0.0,oil_r5:-|btc_r21:-|gold_spy_mom:-,0.467972467282703
2026-09-10,EWQ,stock,44.70000076293945,0.4646812349391799,down,5,1,2026-09-17,-0.0072972708919398,1.0,1.0,oil_r5:-|gold_spy_mom:-|btc_r21:-,0.5178960722051896
2026-09-10,XLY,stock,112.38980102539062,0.4634356095165591,down,5,1,2026-09-17,-0.0063355533877084,1.0,0.0,oil_r5:-|btc_r21:-|gold_spy_mom:-,0.5152705150343392
2026-09-10,EWJ,stock,96.54499816894533,0.4620463125746534,down,5,1,2026-09-17,0.0138351911095769,0.0,0.0,oil_r5:-|btc_r21:-|gold_spy_mom:-,0.4638858641138117
2026-09-10,XLK,stock,185.9552001953125,0.4589657209210218,down,5,1,2026-09-17,0.0112977776739528,0.0,0.0,oil_r5:-|btc_r21:-|gold_spy_mom:-,0.4579717829440065
2026-09-10,EWY,stock,183.63999938964844,0.4588384732680778,down,5,1,2026-09-17,-0.0038190724837788,1.0,0.0,oil_r5:-|btc_r21:-|gold_spy_mom:-,0.5118306088105716
2026-09-10,JEPI,stock,56.31499862670898,0.4586884741236383,down,5,1,2026-09-17,-0.0016865537452733,1.0,0.0,oil_r5:-|gold_spy_mom:-|btc_r21:-,0.4698226472702493
2026-09-10,GLD,stock,400.05999755859375,0.4580323547365902,down,5,1,2026-09-17,-0.001100446403159,1.0,0.0,oil_r5:-|gold_spy_mom:-|btc_r21:-,0.4616833099685381
2026-09-10,HUBB,stock,453.385009765625,0.4560271784684153,down,5,1,2026-09-17,-0.0218184064601697,1.0,0.0,oil_r5:-|gold_spy_mom:-|btc_r21:-,0.5253748038632778
2026-09-10,EWG,stock,42.65999984741211,0.4553210334985456,down,5,1,2026-09-17,0.0010543428085648,0.0,0.0,oil_r5:-|gold_spy_mom:-|btc_r21:-,0.481913212493834
2026-09-10,GEV,stock,925.3200073242188,0.4542036786901448,down,5,1,2026-09-17,0.0057312005133086,0.0,0.0,oil_r5:-|gold_spy_mom:-|btc_r21:-,0.4927521888706423
2026-09-10,GRID,stock,177.63499450683594,0.453539631342072,down,5,1,2026-09-17,-0.0038070960161114,1.0,1.0,oil_r5:-|btc_r21:-|gold_spy_mom:-,0.4795374051436487
2026-09-10,GOOGL,stock,331.8099975585937,0.4528839959559779,down,5,1,2026-09-17,0.0401696192533951,0.0,0.0,oil_r5:-|gold_spy_mom:-|btc_r21:-,0.527442767199805
2026-09-10,PWR,stock,617.3049926757812,0.451341429880337,down,5,1,2026-09-17,-0.0038222337527582,1.0,0.0,oil_r5:-|gold_spy_mom:-|btc_r21:-,0.4538279102559576
2026-09-10,COPX,stock,88.75,0.4493020670325685,down,5,1,2026-09-17,-0.0215257942220066,1.0,0.0,oil_r5:-|gold_spy_mom:-|btc_r21:-,0.4650793257497573
2026-09-10,LIT,stock,71.87999725341797,0.4485699362967914,down,5,1,2026-09-17,-0.0128112775579248,1.0,1.0,oil_r5:-|gold_spy_mom:-|btc_r21:-,0.4972046475024233
2026-09-10,ETN,stock,408.4400024414063,0.4463550893340178,down,5,1,2026-09-17,0.0051039741917366,0.0,0.0,oil_r5:-|gold_spy_mom:-|btc_r21:-,0.469075088086497
2026-09-10,VRT,stock,247.3600006103516,0.4434137050861786,down,5,1,2026-09-17,-0.0214525970088111,1.0,0.0,oil_r5:-|btc_r21:-|sma20_gap:+,0.5709066614801691
2026-09-10,URA,stock,45.31999969482422,0.4410071260979233,down,5,1,2026-09-17,-0.0561594488137791,1.0,0.0,oil_r5:-|gold_spy_mom:-|btc_r21:-,0.4583546085755391
2026-09-10,SLV,stock,58.130001068115234,0.4204456963033418,down,5,1,2026-09-17,0.0187462624724413,0.0,1.0,oil_r5:-|hi52_dist:-|gold_spy_mom:-,0.5056073060756199
2026-09-11,USDTRY,fx,48.60169982910156,0.7993531714599051,up,5,1,2026-09-17,0.0014207394390602,1.0,1.0,rsi14:+|vol21:+|hi52_dist:+,0.6281953047509716
2026-09-11,ETH,crypto,2464.14,0.5620292971300966,up,5,1,2026-09-16,-0.030357046196042,0.0,0.0,kurt63:+|trendiness:+|evt_fed:+,0.597751995432197
2026-09-11,KCHOL,stock,224.8000030517578,0.5403304724264386,up,5,1,2026-09-21,-0.05204282132861,0.0,0.0,btc_r21:-|hi52_dist:+|oil_r5:-,0.5285517335660922
2026-09-11,BIMAS,stock,431.25,0.532998301635871,up,5,1,2026-09-21,-0.0408219945202551,0.0,0.0,oil_r5:-|btc_r21:-|hi52_dist:+,0.5384556673453887
2026-09-11,TUPRS,stock,415.5,0.5328201914269601,up,5,1,2026-09-21,-0.0231294546937701,0.0,0.0,oil_r5:-|hi52_dist:+|evt_fed:+,0.5713710811203437
2026-09-09,NATGAS,commodity,2.81,0.524890671210574,up,5,1,2026-09-16,0.0654278053224552,1.0,0.0,oil_r5:-|gold_spy_mom:-|corr_spy63:-,0.591607102054047
2026-09-11,XRP,crypto,1.3485,0.5209798645159344,up,5,1,2026-09-16,-0.0533053478485433,0.0,0.0,hi52_dist:-|macd_hist:+|kurt63:+,0.5040704680549505
2026-09-09,WTI,commodity,97.26,0.5164860978961229,up,5,1,2026-09-16,0.0633425564110025,1.0,0.0,corr_spy63:-|vix_pct:+|oil_r5:-,0.4436416371155777
2026-09-11,BTC,crypto,77132.41,0.5028539410780871,up,5,1,2026-09-16,-0.0219690795102711,0.0,0.0,oil_r5:-|evt_fed:+|gold_spy_mom:-,0.513403528770557
2026-09-11,EREGL,stock,38.93999862670898,0.5024871430995232,up,5,1,2026-09-21,-0.078503026221096,0.0,0.0,oil_r5:-|btc_r21:-|gold_spy_mom:-,0.5025359883341929
2026-09-11,GARAN,stock,134.39999389648438,0.5016081048772237,up,5,1,2026-09-21,-0.0348255548947648,0.0,0.0,oil_r5:-|btc_r21:-|evt_fed:+,0.5062092999689057
2026-09-11,ASELS,stock,398.5,0.5003092624591567,up,5,1,2026-09-21,-0.0803041387487228,0.0,0.0,btc_r21:-|oil_r5:-|gold_spy_mom:-,0.5044761948234896
2026-09-11,FTSE,stock,10615.7001953125,0.4925344658542953,down,5,1,2026-09-18,0.0132235574908231,0.0,0.0,oil_r5:-|gold_spy_mom:-|btc_r21:-,0.560259400707542
2026-09-11,XAUUSD,commodity,4386.2998046875,0.4885312010416078,down,5,1,2026-09-18,0.0105679728100097,0.0,0.0,oil_r5:-|btc_r21:-|gold_spy_mom:-,0.4560250890292003
2026-09-11,THYAO,stock,299.25,0.4874359603786755,down,5,1,2026-09-21,-0.049667742110791,1.0,0.0,oil_r5:-|btc_r21:-|gold_spy_mom:-,0.5098635028811265
2026-09-11,XU100,stock,14409.76953125,0.4856861205904205,down,5,1,2026-09-18,-0.0808395812126755,1.0,0.0,oil_r5:-|btc_r21:-|gold_spy_mom:-,0.4715171026408719
2026-09-11,SOL,crypto,99.56,0.4818063244523143,down,5,1,2026-09-16,-0.0299747183731306,1.0,0.0,hi52_dist:-|macd_hist:+|oil_r5:-,0.5193614587196959
2026-09-11,N225,stock,64011.33984375,0.4807831400168305,down,5,1,2026-09-18,0.0156185011295213,0.0,0.0,oil_r5:-|gold_spy_mom:-|btc_r21:-,0.5310252157500028
2026-09-11,AKBNK,stock,72.9000015258789,0.4791990942951458,down,5,1,2026-09-21,-0.0341854649191144,1.0,1.0,btc_r21:-|oil_r5:-|gold_spy_mom:-,0.5149969951845257
2026-09-09,BRENT,commodity,109.51,0.4737906911346058,down,5,1,2026-09-16,0.1547636127302968,0.0,0.0,corr_spy63:-|gold_spy_mom:-|vix_pct:+,0.4733263746560697
2026-09-11,DAX,stock,25418.650390625,0.4621636328889593,down,5,1,2026-09-18,0.0072919631429976,0.0,0.0,oil_r5:-|gold_spy_mom:-|btc_r21:-,0.5419137694563123
2026-09-11,HSI,stock,24786.419921875,0.4594640877322756,down,5,1,2026-09-18,-0.0015423237492091,1.0,0.0,oil_r5:-|gold_spy_mom:-|btc_r21:-,0.4938300595743693
2026-09-11,SISE,stock,43.63999938964844,0.4177394091848513,down,5,1,2026-09-21,-0.1124125008491657,1.0,0.0,vol21:-|btc_r21:-|oil_r5:-,0.5273511332482541
2026-09-11,SPY,stock,765.79248046875,0.4998404964801987,down,5,1,2026-09-18,-0.0085405654034891,1.0,0.0,corr_spy63:+|oil_r5:-|evt_oil:-,0.5514228101626987
2026-09-11,EWZ,stock,38.2599983215332,0.4678028332520205,down,5,1,2026-09-18,-0.0207309168706787,1.0,0.0,evt_oil:-|btc_r21:-|oil_r5:-,0.5000773533603196
2026-09-11,AAPL,stock,334.25,0.4661998558330626,down,5,1,2026-09-18,0.0015694301678823,0.0,0.0,evt_oil:-|btc_r21:-|oil_r5:-,0.4969225811296507
2026-09-11,MSFT,stock,494.8250122070313,0.4621973529171731,down,5,1,2026-09-18,-0.0009604086865002,1.0,0.0,evt_oil:-|oil_r5:-|kurt63:+,0.5429852040760559
2026-09-11,XLK,stock,188.0702972412109,0.4537920414093543,down,5,1,2026-09-18,0.0002642166864761,0.0,0.0,evt_oil:-|oil_r5:-|btc_r21:-,0.4637199714746383
2026-09-11,XLE,stock,65.05999755859375,0.4523385691756435,down,5,1,2026-09-18,-0.0109729731897939,1.0,0.0,evt_oil:-|corr_spy63:-|oil_r5:-,0.4721493053155157
2026-09-11,DBA,stock,28.893699645996094,0.4494489703788284,down,5,1,2026-09-18,-0.0262538308424501,1.0,0.0,evt_oil:-|btc_r21:-|oil_r5:-,0.4386363027951125
2026-09-11,EWJ,stock,98.6500015258789,0.4449963443849086,down,5,1,2026-09-18,-0.0189829267971447,1.0,0.0,evt_oil:-|oil_r5:-|btc_r21:-,0.4885739026448125
2026-09-11,META,stock,649.4099731445312,0.4445894124392237,down,5,1,2026-09-18,0.0344768252612922,0.0,0.0,evt_oil:-|oil_r5:-|btc_r21:-,0.5308833134672652
2026-09-11,XLC,stock,112.81999969482422,0.4432719299448968,down,5,1,2026-09-18,-0.0139238017593578,1.0,0.0,evt_oil:-|oil_r5:-|btc_r21:-,0.4525871647733783
2026-09-11,QQQ,stock,716.6400146484375,0.4391759158556765,down,5,1,2026-09-18,0.0005370986449278,0.0,0.0,evt_oil:-|oil_r5:-|btc_r21:-,0.457287323974698
2026-09-11,TSLA,stock,365.6506042480469,0.4378441031628588,down,5,1,2026-09-18,-0.0075784458419177,1.0,0.0,evt_oil:-|oil_r5:-|btc_r21:-,0.5682227478101701
2026-09-11,EWY,stock,189.4499969482422,0.42889610508573,down,5,1,2026-09-18,-0.0529754410167131,1.0,0.0,evt_oil:-|oil_r5:-|btc_r21:-,0.4804991270969022
2026-09-11,EWU,stock,47.88999938964844,0.4275177406769153,down,5,1,2026-09-18,-0.0141950596628536,1.0,1.0,evt_oil:-|oil_r5:-|btc_r21:-,0.4877534393153306
2026-09-11,O,stock,59.744998931884766,0.4267568797487349,down,5,1,2026-09-18,-0.0541648237703337,1.0,0.0,evt_oil:-|oil_r5:-|corr_spy63:-,0.5533953641788497
2026-09-11,XLF,stock,57.185001373291016,0.4255512999703001,down,5,1,2026-09-18,-0.0246790776280811,1.0,0.0,evt_oil:-|oil_r5:-|btc_r21:-,0.4617620850784197
2026-09-11,XLV,stock,165.6649932861328,0.4244384963406011,down,5,1,2026-09-18,0.0143236267069455,0.0,0.0,evt_oil:-|oil_r5:-|btc_r21:-,0.4705737221803232
2026-09-11,SCHD,stock,34.17020034790039,0.4227293494140486,down,5,1,2026-09-18,-0.0160840914569692,1.0,0.0,evt_oil:-|oil_r5:-|btc_r21:-,0.5136729066943619
2026-09-11,XLRE,stock,43.51499938964844,0.4207280538701068,down,5,1,2026-09-18,-0.0192580895802899,1.0,0.0,evt_oil:-|btc_r21:-|oil_r5:-,0.4852735419845885
2026-09-11,NVDA,stock,219.22999572753903,0.4201155600101743,down,5,1,2026-09-18,0.0030970008609335,0.0,0.0,evt_oil:-|oil_r5:-|btc_r21:-,0.527733834187526
2026-09-11,XLU,stock,42.55500030517578,0.4168135786229779,down,5,1,2026-09-18,-0.0341811550147143,1.0,0.0,evt_oil:-|oil_r5:-|btc_r21:-,0.4679534985852819
2026-09-11,LIT,stock,71.59500122070312,0.4160759084778092,down,5,1,2026-09-18,-0.0223871366737615,1.0,1.0,evt_oil:-|oil_r5:-|btc_r21:-,0.5065711528998381
2026-09-11,XLY,stock,113.08999633789062,0.413668741605783,down,5,1,2026-09-18,-0.0188338943551288,1.0,0.0,evt_oil:-|oil_r5:-|btc_r21:-,0.5029092983021575
2026-09-11,XLI,stock,172.6699981689453,0.4132829730188689,down,5,1,2026-09-18,-0.0224911204208941,1.0,0.0,evt_oil:-|oil_r5:-|btc_r21:-,0.5248706426248159
2026-09-11,JEPI,stock,56.70989990234375,0.4116449057480528,down,5,1,2026-09-18,-0.0109020931866362,1.0,0.0,evt_oil:-|oil_r5:-|btc_r21:-,0.4912426563914993
2026-09-11,XLB,stock,51.084999084472656,0.4115913049239197,down,5,1,2026-09-18,-0.0204783881763672,1.0,1.0,evt_oil:-|oil_r5:-|btc_r21:-,0.4835391063776534
2026-09-11,GRID,stock,181.0,0.4111627869356835,down,5,1,2026-09-18,-0.0207948665054126,1.0,1.0,evt_oil:-|oil_r5:-|btc_r21:-,0.4682957253090122
2026-09-11,MCHI,stock,53.01499938964844,0.4102018916393524,down,5,1,2026-09-18,9.432862971927063e-05,0.0,1.0,evt_oil:-|oil_r5:-|btc_r21:-,0.5000293131818856
2026-09-11,AMZN,stock,256.4100036621094,0.4102005847595447,down,5,1,2026-09-18,-0.0128350471750972,1.0,0.0,evt_oil:-|oil_r5:-|btc_r21:-,0.4858306986550961
2026-09-11,INDA,stock,48.48500061035156,0.4099337130683575,down,5,1,2026-09-18,-0.0098451967628975,1.0,1.0,evt_oil:-|oil_r5:-|btc_r21:-,0.4793575616989004
2026-09-11,XLP,stock,83.56999969482422,0.4083645529740559,down,5,1,2026-09-18,-0.0059408228559211,1.0,0.0,evt_oil:-|oil_r5:-|btc_r21:-,0.5277331545842293
2026-09-11,COPX,stock,88.70500183105469,0.4079212673403934,down,5,1,2026-09-18,-0.0243629464521888,1.0,0.0,evt_oil:-|oil_r5:-|btc_r21:-,0.5121332336248213
2026-09-11,GOOGL,stock,341.29998779296875,0.4072958852293868,down,5,1,2026-09-18,0.0235414143840318,0.0,0.0,evt_oil:-|oil_r5:-|btc_r21:-,0.5020475337270756
2026-09-11,AVGO,stock,365.3550109863281,0.4053245235759465,down,5,1,2026-09-18,-0.0298649888035269,1.0,0.0,evt_oil:-|oil_r5:-|btc_r21:-,0.5198181873601156
2026-09-11,ETN,stock,422.8294067382813,0.4049862750138045,down,5,1,2026-09-18,-0.0068569541953429,1.0,0.0,evt_oil:-|oil_r5:-|btc_r21:-,0.4921430531815538
2026-09-11,PWR,stock,648.2191162109375,0.4048851848760511,down,5,1,2026-09-18,-0.0288820243108803,1.0,0.0,evt_oil:-|oil_r5:-|btc_r21:-,0.4537265783080567
2026-09-11,GLD,stock,400.3276062011719,0.404647460250056,down,5,1,2026-09-18,0.004641392446893,0.0,0.0,evt_oil:-|oil_r5:-|btc_r21:-,0.4728316533105978
2026-09-11,EWG,stock,42.95000076293945,0.4015735793479483,down,5,1,2026-09-18,-0.0196326545720009,1.0,0.0,evt_oil:-|oil_r5:-|btc_r21:-,0.4361681162611115
2026-09-11,HUBB,stock,466.1499938964844,0.3974120819849334,down,5,1,2026-09-18,-0.0409761873374369,1.0,0.0,evt_oil:-|oil_r5:-|btc_r21:-,0.4917478785856324
2026-09-11,EWQ,stock,44.97499847412109,0.3919571556883499,down,5,1,2026-09-18,-0.0284154497859575,1.0,1.0,evt_oil:-|oil_r5:-|btc_r21:-,0.4750476426091605
2026-09-11,GEV,stock,952.3200073242188,0.3914975467711793,down,5,1,2026-09-18,-0.0233053206700716,1.0,0.0,evt_oil:-|oil_r5:-|btc_r21:-,0.4834320364729584
2026-09-11,URA,stock,44.0900993347168,0.3899265135890267,down,5,1,2026-09-18,-0.0553984316650703,1.0,0.0,evt_oil:-|oil_r5:-|btc_r21:-,0.4783141271243599
2026-09-11,SLV,stock,58.275001525878906,0.3785614483603513,down,5,1,2026-09-18,0.0332463525397858,0.0,1.0,evt_oil:-|oil_r5:-|btc_r21:-,0.5319932725215707
2026-09-11,VRT,stock,256.375,0.3578919287305434,down,5,1,2026-09-18,-0.0350084664355069,1.0,0.0,evt_oil:-|oil_r5:-|btc_r21:-,0.5910583331579593
2026-09-12,USDTRY,fx,48.55459976196289,0.7588174381639761,up,5,1,2026-09-17,0.0023903126119108,1.0,1.0,vol21:+|rsi14:+|hi52_dist:+,0.6493929343260977
2026-09-12,ETH,crypto,2523.42,0.4699074226352029,down,5,1,2026-09-17,-0.0333630189062267,1.0,0.0,evt_oil:-|kurt63:+|oil_r5:-,0.5325521252397071
2026-09-12,BTC,crypto,77266.51,0.4309882329188538,down,5,1,2026-09-17,-0.0110329222890033,1.0,0.0,evt_oil:-|oil_r5:-|btc_r21:-,0.4998719009531466
2026-09-12,XRP,crypto,1.3691,0.4082207991243408,down,5,1,2026-09-17,-0.0501752439050276,1.0,0.0,evt_oil:-|hi52_dist:-|kurt63:+,0.4748950548169573
2026-09-12,SOL,crypto,101.65,0.3675367721733665,down,5,1,2026-09-17,-0.0152659586429633,1.0,0.0,evt_oil:-|hi52_dist:-|oil_r5:-,0.4809891908442424
2026-09-13,ETH,crypto,2510.81,0.5552959948812951,up,5,1,2026-09-18,-0.0068739505184058,0.0,0.0,kurt63:+|oil_r5:-|range_pos60:+,0.5433333572460124
2026-09-13,XRP,crypto,1.353,0.5412749395629196,up,5,1,2026-09-18,-0.0160933290041848,0.0,0.0,hi52_dist:-|macd_hist:+|oil_r5:-,0.5402916569004379
2026-09-13,BTC,crypto,77004.96,0.5214728339082768,up,5,1,2026-09-18,0.0104341790045072,1.0,0.0,oil_r5:-|evt_fed:+|gold_spy_mom:-,0.5187243698715887
2026-09-13,SOL,crypto,100.42,0.4859749562043615,down,5,1,2026-09-18,0.0527560758232819,0.0,0.0,hi52_dist:-|oil_r5:-|macd_hist:+,0.5095856572035163
2026-09-13,USDTRY,fx,48.60689926147461,0.7780998368122576,up,5,1,2026-09-18,0.0031447892463321,1.0,1.0,rsi14:+|vol21:+|hi52_dist:+,0.6388791299970845
2026-09-13,XAUUSD,commodity,4373.89990234375,0.4866512706801871,down,5,1,2026-09-18,0.0133989380938813,0.0,0.0,oil_r5:-|gold_spy_mom:-|evt_fed:+,0.4351858936961458
2026-09-14,USDTRY,fx,48.61859893798828,0.8006269664791741,up,5,1,2026-09-21,0.0037590085544883,1.0,1.0,rsi14:+|vol21:+|hi52_dist:+,0.6459257388860067
2026-09-14,ETH,crypto,2516.87,0.5416660050247366,up,5,1,2026-09-19,0.0436787650136946,1.0,0.0,kurt63:+|oil_r5:-|evt_fed:+,0.5297480831633692
2026-09-14,TUPRS,stock,414.0,0.5160288204031193,up,5,1,2026-09-21,0.0018099552452393,1.0,0.0,oil_r5:-|evt_china:-|hi52_dist:+,0.5764324931332409
2026-09-14,KCHOL,stock,224.3999938964844,0.5146408305970588,up,5,1,2026-09-21,-0.0094023117510174,0.0,0.0,oil_r5:-|evt_china:-|evt_fed:+,0.5195562486220817
2026-09-14,BIMAS,stock,429.0,0.5092002689501569,up,5,1,2026-09-21,0.0092808090744727,1.0,0.0,oil_r5:-|btc_r21:-|evt_china:-,0.5471054738603037
2026-09-14,BTC,crypto,77705.04,0.504065742344104,up,5,1,2026-09-19,0.0431658423846186,1.0,0.0,oil_r5:-|evt_fed:+|vix_pct:+,0.529261815508364
2026-09-14,XRP,crypto,1.3853,0.5007115535270715,up,5,1,2026-09-19,0.0200814265929206,1.0,0.0,hi52_dist:-|kurt63:+|oil_r5:-,0.4873150074629264
2026-09-14,XU100,stock,14234.580078125,0.480591568160703,down,5,1,2026-09-21,-0.0921242798060378,1.0,0.0,oil_r5:-|gold_spy_mom:-|evt_china:-,0.4681242101389123
2026-09-14,EREGL,stock,38.7400016784668,0.4788909390354077,down,5,1,2026-09-21,-0.0357368707033743,1.0,0.0,oil_r5:-|gold_spy_mom:-|evt_china:-,0.4995476525723313
2026-09-14,AKBNK,stock,72.44999694824219,0.4775128028660209,down,5,1,2026-09-21,0.0,1.0,1.0,oil_r5:-|btc_r21:-|evt_china:-,0.5071965013730771
2026-09-14,GARAN,stock,133.89999389648438,0.4720304364457115,down,5,1,2026-09-21,-0.0059924358568036,1.0,0.0,oil_r5:-|evt_china:-|btc_r21:-,0.499499195622586
2026-09-14,FTSE,stock,10709.83984375,0.4716415178283293,down,5,1,2026-09-21,0.0025085962082666,0.0,0.0,oil_r5:-|btc_r21:-|gold_spy_mom:-,0.5163832362671077
2026-09-14,N225,stock,63492.98828125,0.4667354623617721,down,5,1,2026-09-24,0.0313342023518794,0.0,0.0,oil_r5:-|gold_spy_mom:-|evt_china:-,0.5438417411738622
2026-09-14,SOL,crypto,101.45,0.4623852408410938,down,5,1,2026-09-19,0.0967876486768825,0.0,0.0,hi52_dist:-|oil_r5:-|macd_hist:+,0.4685964631652412
2026-09-14,THYAO,stock,296.75,0.4581496757540303,down,5,1,2026-09-21,-0.0110123942216262,1.0,0.0,oil_r5:-|evt_china:-|gold_spy_mom:-,0.5111305337401323
2026-09-14,ASELS,stock,378.25,0.4540415953850987,down,5,1,2026-09-21,-0.0006611570488775,1.0,0.0,oil_r5:-|gold_spy_mom:-|evt_china:-,0.5039635185477387
2026-09-14,XAUUSD,commodity,4347.10009765625,0.4526315643878359,down,5,1,2026-09-20,0.0153855987819221,0.0,0.0,oil_r5:-|gold_spy_mom:-|evt_china:-,0.4149751170244333
2026-09-14,DAX,stock,25412.109375,0.4401274953364578,down,5,1,2026-09-21,0.0056545691746054,0.0,0.0,oil_r5:-|gold_spy_mom:-|btc_r21:-,0.5182182473358814
2026-09-14,HSI,stock,24917.599609375,0.4375091946877089,down,5,1,2026-09-21,0.0050084392304453,0.0,0.0,oil_r5:-|gold_spy_mom:-|evt_china:-,0.4974472599606171
2026-09-14,SISE,stock,44.08000183105469,0.4084835262050467,down,5,1,2026-09-21,-0.0881669957759183,1.0,0.0,vol21:-|oil_r5:-|btc_r21:-,0.4936331031799252
2026-09-14,AAPL,stock,334.4349975585937,0.5135189277043045,up,5,1,2026-09-21,0.0128794756903525,1.0,0.0,oil_r5:-|btc_r21:-|evt_china:-,0.5453120993808795
2026-09-14,MSFT,stock,506.3200073242188,0.5116486823062482,up,5,1,2026-09-21,-0.0157960046259479,0.0,0.0,oil_r5:-|kurt63:+|range_pos60:+,0.5383034910241705
2026-09-14,META,stock,665.72998046875,0.4981012513020235,down,5,1,2026-09-21,0.1121375567597397,0.0,0.0,oil_r5:-|btc_r21:-|evt_china:-,0.5270846365426989
2026-09-14,XLE,stock,64.45500183105469,0.4963302272176823,down,5,1,2026-09-21,-0.0237060099334022,1.0,0.0,oil_r5:-|corr_spy63:-|gold_spy_mom:-,0.4505189280252605
2026-09-14,DBA,stock,28.975000381469727,0.4875759557679536,down,5,1,2026-09-21,-0.0111054304250904,1.0,0.0,oil_r5:-|evt_china:-|btc_r21:-,0.4861832540195018
2026-09-14,XLC,stock,114.95999908447266,0.4838358318173966,down,5,1,2026-09-21,0.0015211376568266,0.0,0.0,oil_r5:-|btc_r21:-|evt_china:-,0.4925128754061803
2026-09-14,COPX,stock,86.02999877929688,0.4835324089195582,down,5,1,2026-09-21,0.0152842559110602,0.0,0.0,oil_r5:-|macd_hist:+|gold_spy_mom:-,0.5363097251278334
2026-09-14,EWZ,stock,37.65499877929688,0.4820990413952941,down,5,1,2026-09-21,0.0116173568334035,0.0,0.0,oil_r5:-|evt_china:-|gold_spy_mom:-,0.5182087136357868
2026-09-14,SPY,stock,762.4000244140625,0.4791225980559894,down,5,1,2026-09-21,0.0157462754942891,0.0,0.0,corr_spy63:+|oil_r5:-|btc_r21:-,0.5217948186043129
2026-09-14,AMZN,stock,254.4900054931641,0.4708432916914308,down,5,1,2026-09-21,0.0163301841918295,0.0,0.0,oil_r5:-|kurt63:+|gold_spy_mom:-,0.530572679565242
2026-09-14,XLV,stock,167.77000427246094,0.4702782020393057,down,5,1,2026-09-21,0.008841942539471,0.0,0.0,oil_r5:-|gold_spy_mom:-|btc_r21:-,0.4510109037505995
2026-09-14,EWU,stock,48.084999084472656,0.469248489204633,down,5,1,2026-09-21,-0.0072006030554912,1.0,1.0,oil_r5:-|gold_spy_mom:-|evt_china:-,0.4839571506149444
2026-09-14,XLRE,stock,43.28499984741211,0.4662902685939831,down,5,1,2026-09-21,-0.0160669184998681,1.0,0.0,oil_r5:-|gold_spy_mom:-|evt_china:-,0.5065412564597596
2026-09-14,XLU,stock,41.94499969482422,0.4653078527495285,down,5,1,2026-09-21,-0.0302540017427332,1.0,0.0,oil_r5:-|gold_spy_mom:-|evt_china:-,0.5093679599737139
2026-09-14,LIT,stock,70.26100158691406,0.4649463250519668,down,5,1,2026-09-21,0.0082068590473308,0.0,1.0,oil_r5:-|gold_spy_mom:-|evt_china:-,0.5600543731071561
2026-09-14,GEV,stock,879.5750122070312,0.4626240947119283,down,5,1,2026-09-21,0.0796249841599924,0.0,0.0,oil_r5:-|sma20_gap:+|gold_spy_mom:-,0.5131846840029421
2026-09-14,XLP,stock,84.55999755859375,0.4617379856254733,down,5,1,2026-09-21,-0.0288536206448438,1.0,0.0,oil_r5:-|gold_spy_mom:-|btc_r21:-,0.471535799864521
2026-09-14,O,stock,59.470001220703125,0.4601865049417967,down,5,1,2026-09-21,-0.0456716530461737,1.0,0.0,oil_r5:-|gold_spy_mom:-|evt_fed:+,0.5344338335247524
2026-09-14,SCHD,stock,34.36000061035156,0.460028816562808,down,5,1,2026-09-21,-0.0167281870586654,1.0,0.0,oil_r5:-|gold_spy_mom:-|evt_china:-,0.5024265228715802
2026-09-14,EWJ,stock,97.9800033569336,0.4585943701328598,down,5,1,2026-09-21,0.0008161008541765,0.0,0.0,oil_r5:-|btc_r21:-|evt_china:-,0.4977102841632244
2026-09-14,GOOGL,stock,347.07000732421875,0.4544149297439509,down,5,1,2026-09-21,0.0237753481289993,0.0,0.0,oil_r5:-|btc_r21:-|evt_china:-,0.4988227481726789
2026-09-14,XLF,stock,56.90999984741211,0.4471260658361595,down,5,1,2026-09-21,-0.0164765940237828,1.0,0.0,oil_r5:-|gold_spy_mom:-|btc_r21:-,0.47769803677563
2026-09-14,XLB,stock,50.52999877929688,0.4448154792519951,down,5,1,2026-09-21,-0.0118450079491592,1.0,1.0,oil_r5:-|gold_spy_mom:-|evt_china:-,0.4821011559745239
2026-09-14,EWG,stock,42.8301010131836,0.4441633460724563,down,5,1,2026-09-21,-0.0050348067314582,1.0,0.0,oil_r5:-|gold_spy_mom:-|btc_r21:-,0.4753175359522744
2026-09-14,URA,stock,42.290000915527344,0.4424984177093763,down,5,1,2026-09-21,0.0180438506955284,0.0,0.0,oil_r5:-|sma20_gap:+|evt_china:-,0.5258375560978669
2026-09-14,XLI,stock,170.0399932861328,0.4422073653895572,down,5,1,2026-09-21,0.0021736556027495,0.0,0.0,oil_r5:-|gold_spy_mom:-|evt_china:-,0.4929428371588386
2026-09-14,PWR,stock,623.385009765625,0.4421557810341435,down,5,1,2026-09-21,0.0304826006672236,0.0,0.0,oil_r5:-|evt_china:-|gold_spy_mom:-,0.4648384558312528
2026-09-14,NVDA,stock,212.38389587402344,0.4418134515413113,down,5,1,2026-09-21,0.0727905649151182,0.0,0.0,oil_r5:-|gold_spy_mom:-|evt_china:-,0.5043688825460588
2026-09-14,XLY,stock,113.0500030517578,0.4389677135729772,down,5,1,2026-09-21,-0.0048325850304236,1.0,0.0,oil_r5:-|gold_spy_mom:-|evt_china:-,0.485904543420695
2026-09-14,QQQ,stock,712.1099853515625,0.435594278284674,down,5,1,2026-09-21,0.0404562875431349,0.0,0.0,oil_r5:-|evt_china:-|gold_spy_mom:-,0.4834201303829882
2026-09-14,EWQ,stock,44.68000030517578,0.4327248005986887,down,5,1,2026-09-21,-0.0108011746865288,1.0,1.0,oil_r5:-|gold_spy_mom:-|evt_china:-,0.4926634572598024
2026-09-14,TSLA,stock,360.8902893066406,0.4320815780729681,down,5,1,2026-09-21,0.0411613854060763,0.0,0.0,oil_r5:-|evt_china:-|gold_spy_mom:-,0.5105140471165641
2026-09-14,XLK,stock,185.47999572753903,0.4315902140779208,down,5,1,2026-09-21,0.0483536765084422,0.0,0.0,oil_r5:-|evt_china:-|btc_r21:-,0.465141615299727
2026-09-14,AVGO,stock,346.5599975585937,0.4314885875741326,down,5,1,2026-09-21,0.0456855287317733,0.0,0.0,oil_r5:-|gold_spy_mom:-|evt_china:-,0.5366710431304332
2026-09-14,ETN,stock,394.8500061035156,0.4300371345572715,down,5,1,2026-09-21,0.1002136857907717,0.0,0.0,oil_r5:-|gold_spy_mom:-|evt_china:-,0.4691123620724908
2026-09-14,VRT,stock,240.31500244140625,0.4295498744676052,down,5,1,2026-09-21,0.0499754141119512,0.0,0.0,oil_r5:-|sma20_gap:+|btc_r21:-,0.5591352460245506
2026-09-14,GRID,stock,173.5500030517578,0.4275218477493398,down,5,1,2026-09-21,0.0432162022667041,0.0,1.0,oil_r5:-|gold_spy_mom:-|evt_china:-,0.5494724138052551
2026-09-14,INDA,stock,48.525001525878906,0.4261775864142367,down,5,1,2026-09-21,-0.0003092328435894,1.0,1.0,oil_r5:-|gold_spy_mom:-|evt_china:-,0.4638641018197877
2026-09-14,EWY,stock,178.88999938964844,0.4225624219789592,down,5,1,2026-09-21,0.0570372894336784,0.0,0.0,oil_r5:-|gold_spy_mom:-|evt_china:-,0.4896091842222482
2026-09-14,HUBB,stock,443.1449890136719,0.418918412528273,down,5,1,2026-09-21,0.0282668159525207,0.0,0.0,oil_r5:-|gold_spy_mom:-|evt_china:-,0.4819515461084783
2026-09-14,MCHI,stock,53.48500061035156,0.4178074710252804,down,5,1,2026-09-21,0.0090271070789961,0.0,1.0,oil_r5:-|gold_spy_mom:-|btc_r21:-,0.4883556962712574
2026-09-14,JEPI,stock,56.605499267578125,0.4174485224284223,down,5,1,2026-09-21,0.0018444051879662,0.0,0.0,oil_r5:-|gold_spy_mom:-|evt_china:-,0.4684766959353869
2026-09-14,GLD,stock,394.8200073242188,0.4094195689597519,down,5,1,2026-09-21,0.0094531765122246,0.0,0.0,oil_r5:-|gold_spy_mom:-|evt_china:-,0.4665485898330174
2026-09-14,SLV,stock,57.46500015258789,0.4081558568845447,down,5,1,2026-09-21,0.0375695296900404,0.0,1.0,oil_r5:-|evt_china:-|gold_spy_mom:-,0.4756943837980827
2026-09-15,USDTRY,fx,48.62631988525391,0.8057666474035525,up,5,1,2026-09-22,0.0038808741022721,1.0,1.0,rsi14:+|vol21:+|hi52_dist:+,0.6415968444565514
2026-09-15,ETH,crypto,2473.66,0.5558676042931769,up,5,1,2026-09-20,0.0404341538224947,1.0,0.0,evt_china:+|kurt63:+|oil_r5:-,0.5284799577460305
2026-09-15,BTC,crypto,76849.8,0.5436362773627688,up,5,1,2026-09-20,0.0439232291389437,1.0,0.0,evt_china:+|oil_r5:-|evt_fed:+,0.520145143682949
2026-09-15,SOL,crypto,100.43,0.5233950742253525,up,5,1,2026-09-20,0.073873239552198,1.0,0.0,evt_china:+|hi52_dist:-|macd_hist:+,0.4992877944539848
2026-09-11,USDCHF,fx,0.8159,0.5219551758572859,up,5,1,2026-09-18,0.0101214204699626,1.0,0.0,oil_r5:-|hi52_dist:+|evt_fed:+,0.4905235802212292
2026-09-15,XRP,crypto,1.3922,0.5135038720757985,up,5,1,2026-09-20,-0.0093816088251374,0.0,0.0,evt_china:+|hi52_dist:-|oil_r5:-,0.4956253225932746
2026-09-11,EURUSD,fx,0.8618,0.5020383934087451,up,5,1,2026-09-18,0.012110176257435,1.0,0.0,vol21:+|oil_r5:-|corr_spy63:-,0.4898741821183564
2026-09-15,KCHOL,stock,220.6000061035156,0.4970167508446054,down,5,1,2026-09-22,2.2204460492503126e-16,0.0,0.0,oil_r5:-|gold_spy_mom:-|evt_china:-,0.5114554776831803
2026-09-11,GBPUSD,fx,0.7394,0.489434148134972,down,5,1,2026-09-18,0.0112965160404818,0.0,0.0,vol21:+|oil_r5:-|sma200_gap:-,0.4764630704885021
2026-09-11,USDJPY,fx,153.71,0.4891737635597709,down,5,1,2026-09-18,0.0203497266313081,0.0,0.0,oil_r5:-|kurt63:+|gold_spy_mom:-,0.5490669693297269
2026-09-15,EREGL,stock,38.77999877929688,0.487746065053059,down,5,1,2026-09-22,-0.0356993464234311,1.0,0.0,oil_r5:-|gold_spy_mom:-|evt_china:-,0.5187150677214566
2026-09-15,BIMAS,stock,418.5,0.4867989732359373,down,5,1,2026-09-22,0.0357914413315388,0.0,0.0,oil_r5:-|evt_china:-|gold_spy_mom:-,0.522933438477322
2026-09-15,TUPRS,stock,407.25,0.48438395481084,down,5,1,2026-09-22,0.0182486815883993,0.0,0.0,oil_r5:-|evt_china:-|gold_spy_mom:-,0.5546157441552996
2026-09-15,ASELS,stock,369.25,0.4835804013263207,down,5,1,2026-09-22,0.0247421514660142,0.0,0.0,oil_r5:-|gold_spy_mom:-|evt_china:-,0.5770038317164558
2026-09-15,N225,stock,63484.1015625,0.4738170832456333,down,5,1,2026-09-25,0.044368296090741,0.0,0.0,oil_r5:-|gold_spy_mom:-|evt_china:-,0.5489518463587466
2026-09-15,FTSE,stock,10616.2802734375,0.473218534410668,down,5,1,2026-09-22,0.0097672767632495,0.0,0.0,oil_r5:-|gold_spy_mom:-|evt_china:-,0.5375988057853466
2026-09-15,XU100,stock,13986.5302734375,0.4687241434999321,down,5,1,2026-09-22,-0.0539953385951827,1.0,0.0,oil_r5:-|gold_spy_mom:-|evt_china:-,0.4839260448022623
2026-09-15,AKBNK,stock,70.8499984741211,0.4592949506423709,down,5,1,2026-09-22,0.0167954202017046,0.0,1.0,oil_r5:-|gold_spy_mom:-|evt_china:-,0.491444588789226
2026-09-15,THYAO,stock,290.75,0.4562224915159722,down,5,1,2026-09-22,0.0068552110790528,0.0,0.0,oil_r5:-|gold_spy_mom:-|evt_china:-,0.4976245503272173
2026-09-15,HSI,stock,24667.240234375,0.4505332028363492,down,5,1,2026-09-22,0.0169036221842262,0.0,0.0,oil_r5:-|gold_spy_mom:-|evt_china:-,0.4993075568985521
2026-09-15,DAX,stock,25277.4296875,0.4482590093689252,down,5,1,2026-09-22,0.0069582488744869,0.0,0.0,oil_r5:-|gold_spy_mom:-|evt_china:-,0.5401450859783539
2026-09-15,GARAN,stock,130.5,0.4429199185516129,down,5,1,2026-09-22,0.0204785084324456,0.0,0.0,oil_r5:-|gold_spy_mom:-|evt_china:-,0.4895787704863383
2026-09-15,XAUUSD,commodity,4312.60009765625,0.4354152750688533,down,5,1,2026-09-22,0.0061950740637524,0.0,0.0,oil_r5:-|gold_spy_mom:-|evt_china:-,0.4591029098607677
2026-09-11,USDCNY,fx,6.708,0.4336791578251771,down,5,1,2026-09-18,-0.0015665215243357,1.0,0.0,vol21:-|evt_fed:+|oil_r5:-,0.4809859692058854
2026-09-15,SISE,stock,43.220001220703125,0.4273072934813039,down,5,1,2026-09-22,-0.0684641687145874,1.0,0.0,vol21:-|oil_r5:-|btc_r21:-,0.5095063595560392
2026-09-11,AUDUSD,fx,1.3939,0.4243163547189453,down,5,1,2026-09-18,0.0088565681403614,0.0,0.0,corr_spy63:-|gold_spy_mom:-|oil_r5:-,0.4676453774530539
2026-09-15,BNB,crypto,718.45,0.5238929055937661,up,5,1,2026-09-20,0.0726135619834466,1.0,0.0,evt_china:+|oil_r5:-|btc_r21:-,0.5216526971123097
2026-09-15,XLE,stock,66.01000213623047,0.5199915176324662,up,5,1,2026-09-22,-0.0545597074319008,0.0,0.0,oil_r5:-|hi52_dist:+|evt_fed:+,0.4822044039047169
2026-09-15,AAPL,stock,330.6700134277344,0.5149904132054026,up,5,1,2026-09-22,0.0320510354449389,1.0,0.0,oil_r5:-|btc_r21:-|evt_china:-,0.5199933329226042
2026-09-15,META,stock,666.5449829101562,0.5033101572264272,up,5,1,2026-09-22,0.1053530069348879,1.0,0.0,oil_r5:-|evt_fed:+|evt_china:-,0.5178555442965357
2026-09-15,COPX,stock,84.20500183105469,0.5000464736927303,up,5,1,2026-09-22,0.057122090640871,1.0,0.0,oil_r5:-|macd_hist:+|sma20_gap:+,0.5869482569030049
2026-09-15,MSFT,stock,499.4299926757813,0.49717082655591,down,5,1,2026-09-22,-0.0040326668198096,1.0,0.0,oil_r5:-|kurt63:+|range_pos60:+,0.5324385512887023
2026-09-15,XLC,stock,114.1750030517578,0.4838056951202201,down,5,1,2026-09-22,-0.0039051380867899,1.0,0.0,oil_r5:-|evt_china:-|gold_spy_mom:-,0.4600722489767997
2026-09-15,URA,stock,41.6349983215332,0.4837427860289617,down,5,1,2026-09-22,0.0427848426522832,0.0,0.0,oil_r5:-|sma20_gap:+|macd_hist:+,0.5734817120319902
2026-09-15,LIT,stock,69.93000030517578,0.4761642669663504,down,5,1,2026-09-22,0.0153259961977242,0.0,1.0,oil_r5:-|gold_spy_mom:-|evt_china:-,0.5662479988510019
2026-09-15,DBA,stock,28.906099319458008,0.4754674687179506,down,5,1,2026-09-22,-0.0102962935713256,1.0,0.0,oil_r5:-|gold_spy_mom:-|evt_china:-,0.4895975635275992
2026-09-15,XLV,stock,167.67999267578125,0.4743369573520767,down,5,1,2026-09-22,0.0143585108740989,0.0,0.0,oil_r5:-|gold_spy_mom:-|btc_r21:-,0.4831431592396308
2026-09-15,XLRE,stock,43.04499816894531,0.4739448665152529,down,5,1,2026-09-22,-0.0122714733321757,1.0,0.0,oil_r5:-|gold_spy_mom:-|evt_fed:+,0.5221779128719574
2026-09-15,SPY,stock,757.125,0.473724071153926,down,5,1,2026-09-22,0.0213843637548108,0.0,0.0,corr_spy63:+|oil_r5:-|evt_china:-,0.5311349945328971
2026-09-15,EWZ,stock,37.87009811401367,0.4713946159187694,down,5,1,2026-09-22,0.0021050777258731,0.0,0.0,oil_r5:-|gold_spy_mom:-|evt_china:-,0.4984954500629852
2026-09-15,AVGO,stock,338.12799072265625,0.4710379288893917,down,5,1,2026-09-22,0.0735370267431633,0.0,0.0,oil_r5:-|gold_spy_mom:-|evt_china:-,0.59161105610048
2026-09-15,O,stock,58.77000045776367,0.4666826325531312,down,5,1,2026-09-22,-0.0377108647601478,1.0,0.0,oil_r5:-|evt_fed:+|gold_spy_mom:-,0.530090563551997
2026-09-15,XLU,stock,41.48500061035156,0.4650749662754192,down,5,1,2026-09-22,-0.020456092367813,1.0,0.0,oil_r5:-|gold_spy_mom:-|evt_fed:+,0.4920623663243231
2026-09-15,SCHD,stock,34.419898986816406,0.4639745139608376,down,5,1,2026-09-22,-0.0186179435678671,1.0,0.0,oil_r5:-|gold_spy_mom:-|evt_china:-,0.5037742269458633
2026-09-15,XLP,stock,83.94000244140625,0.46205340244998,down,5,1,2026-09-22,-0.0139761851232147,1.0,0.0,oil_r5:-|gold_spy_mom:-|btc_r21:-,0.5039093673693508
2026-09-15,XLB,stock,50.65999984741211,0.4596748986663621,down,5,1,2026-09-22,-0.0056416212946826,1.0,1.0,oil_r5:-|gold_spy_mom:-|evt_china:-,0.4902766251865321
2026-09-15,GEV,stock,876.2000122070312,0.4575844243281813,down,5,1,2026-09-22,0.0835481969347513,0.0,0.0,oil_r5:-|gold_spy_mom:-|evt_china:-,0.5398374332263918
2026-09-15,GOOGL,stock,343.260009765625,0.4558916058919369,down,5,1,2026-09-22,0.0250861810568606,0.0,0.0,oil_r5:-|evt_china:-|gold_spy_mom:-,0.4860081950051388
2026-09-15,EWU,stock,47.78499984741211,0.4552126610933955,down,5,1,2026-09-22,-0.0033539460780605,1.0,1.0,oil_r5:-|gold_spy_mom:-|btc_r21:-,0.4997664421322964
2026-09-15,XLI,stock,169.02499389648438,0.4509315557040877,down,5,1,2026-09-22,0.004574694983302,0.0,0.0,oil_r5:-|gold_spy_mom:-|evt_china:-,0.5086341826416557
2026-09-15,VRT,stock,236.1000061035156,0.4490631522585694,down,5,1,2026-09-22,0.0719364389821344,0.0,0.0,oil_r5:-|sma20_gap:+|hi52_dist:-,0.5897870771483991
2026-09-15,EWG,stock,42.56499862670898,0.4487416478253151,down,5,1,2026-09-22,-0.0022343140047391,1.0,0.0,oil_r5:-|gold_spy_mom:-|evt_china:-,0.4838263821134685
2026-09-15,NVDA,stock,211.6584930419922,0.4448560185457528,down,5,1,2026-09-22,0.0782241761491397,0.0,0.0,oil_r5:-|gold_spy_mom:-|evt_china:-,0.5250121427294338
2026-09-15,EWJ,stock,96.80999755859376,0.4447095862608833,down,5,1,2026-09-22,0.0176097818126837,0.0,0.0,oil_r5:-|evt_china:-|gold_spy_mom:-,0.489552250464861
2026-09-15,PWR,stock,611.0900268554688,0.4422146767019289,down,5,1,2026-09-22,0.0525398230324125,0.0,0.0,oil_r5:-|gold_spy_mom:-|evt_china:-,0.5192715164060753
2026-09-15,XLF,stock,56.6349983215332,0.4422051289582518,down,5,1,2026-09-22,-0.0304764458647973,1.0,0.0,oil_r5:-|gold_spy_mom:-|evt_china:-,0.4715717993089257
2026-09-15,XLK,stock,183.8699951171875,0.4408752427379926,down,5,1,2026-09-22,0.062200597822173,0.0,0.0,oil_r5:-|evt_china:-|gold_spy_mom:-,0.4811500944070734
2026-09-15,QQQ,stock,704.7349853515625,0.4394716741313173,down,5,1,2026-09-22,0.0561125417045045,0.0,0.0,oil_r5:-|evt_china:-|gold_spy_mom:-,0.5145826134391249
2026-09-15,GRID,stock,172.5500030517578,0.4392692072123486,down,5,1,2026-09-22,0.0538765781962411,0.0,1.0,oil_r5:-|gold_spy_mom:-|evt_china:-,0.5523129283644113
2026-09-15,TSLA,stock,356.8999938964844,0.4389086444741734,down,5,1,2026-09-22,0.0572269551449816,0.0,0.0,oil_r5:-|evt_china:-|gold_spy_mom:-,0.5225028058030652
2026-09-15,EWQ,stock,44.29999923706055,0.4385426984435323,down,5,1,2026-09-22,-0.0033916982177682,1.0,1.0,oil_r5:-|gold_spy_mom:-|evt_china:-,0.4917073884185414
2026-09-15,HUBB,stock,438.1099853515625,0.436677394913615,down,5,1,2026-09-22,0.0415129238074871,0.0,0.0,oil_r5:-|gold_spy_mom:-|evt_china:-,0.5153938604344324
2026-09-15,XLY,stock,111.08999633789062,0.4364010289479005,down,5,1,2026-09-22,0.0116787719887147,0.0,0.0,oil_r5:-|evt_china:-|gold_spy_mom:-,0.5075416537351816
2026-09-15,JEPI,stock,56.23509979248047,0.4355533064877949,down,5,1,2026-09-22,0.0090088013408207,0.0,0.0,oil_r5:-|gold_spy_mom:-|evt_china:-,0.4648314274380667
2026-09-15,ETN,stock,391.8949890136719,0.4342353862522122,down,5,1,2026-09-22,0.1156216879646975,0.0,0.0,oil_r5:-|gold_spy_mom:-|evt_china:-,0.4845407221340262
2026-09-15,INDA,stock,47.595001220703125,0.4320071313548332,down,5,1,2026-09-22,0.013668088434009,0.0,1.0,oil_r5:-|gold_spy_mom:-|evt_china:-,0.4736403220923242
2026-09-15,EWY,stock,176.25,0.4303967863987761,down,5,1,2026-09-22,0.0801605754966961,0.0,0.0,oil_r5:-|gold_spy_mom:-|evt_china:-,0.5268632121537588
2026-09-15,MCHI,stock,52.9900016784668,0.4281642595245735,down,5,1,2026-09-22,0.0215623933549146,0.0,1.0,oil_r5:-|gold_spy_mom:-|evt_china:-,0.4765700897497887
2026-09-15,SLV,stock,57.310001373291016,0.4278196224586895,down,5,1,2026-09-22,0.0413592465541843,0.0,1.0,oil_r5:-|evt_china:-|hi52_dist:-,0.4970226764908048
2026-09-15,GLD,stock,393.7999877929688,0.421425475271944,down,5,1,2026-09-22,0.0101816093981969,0.0,0.0,oil_r5:-|gold_spy_mom:-|evt_china:-,0.4473136780029392
2026-09-15,AMZN,stock,247.90499877929688,0.4489733136283731,down,5,1,2026-09-22,0.0261766273150803,0.0,0.0,oil_r5:-|gold_spy_mom:-|evt_china:-,0.5429780665877202
2026-09-16,USDTRY,fx,48.65280151367188,0.8242983301210883,up,5,1,2026-09-23,0.0040326950003911,1.0,1.0,rsi14:+|vol21:+|hi52_dist:+,0.6363757338635985
2026-09-16,ETH,crypto,2390.46,0.5939321629637321,up,5,1,2026-09-21,0.1203798115262846,1.0,0.0,evt_china:+|macd_hist:+|kurt63:+,0.5468825560465198
2026-09-16,XRP,crypto,1.2785,0.5499781896642915,up,5,1,2026-09-21,0.1416815080896513,1.0,0.0,evt_china:+|hi52_dist:-|macd_hist:+,0.4756530207700995
2026-09-16,BTC,crypto,75456.36,0.5239599402401438,up,5,1,2026-09-21,0.1054658292661651,1.0,0.0,evt_china:+|oil_r5:-|evt_fed:+,0.5059622070605923
2026-09-16,SOL,crypto,96.62,0.5133912058103774,up,5,1,2026-09-21,0.1764914434866606,1.0,0.0,evt_china:+|hi52_dist:-|macd_hist:+,0.4749771629796319
2026-09-16,XU100,stock,13326.8203125,0.5010326313544851,up,5,1,2026-09-24,-0.0162712843841231,0.0,0.0,oil_r5:-|evt_fed:+|gold_spy_mom:-,0.5415478589317345
2026-09-16,THYAO,stock,279.5,0.4971223834430767,down,5,1,2026-09-23,0.0657676402375029,0.0,0.0,oil_r5:-|evt_fed:+|evt_china:-,0.585301966390884
2026-09-16,GARAN,stock,123.3000030517578,0.4949079226823896,down,5,1,2026-09-23,0.0817257355815122,0.0,0.0,oil_r5:-|evt_china:-|evt_fed:+,0.5254694220953626
2026-09-16,EREGL,stock,36.52000045776367,0.49015112647634,down,5,1,2026-09-23,0.0538366184801005,0.0,0.0,oil_r5:-|gold_spy_mom:-|evt_fed:+,0.5321280652657634
2026-09-16,KCHOL,stock,212.0,0.4827983733434208,down,5,1,2026-09-23,0.0420288407966145,0.0,0.0,oil_r5:-|gold_spy_mom:-|evt_china:-,0.5300514870972968
2026-09-16,ASELS,stock,368.0,0.4785881010690364,down,5,1,2026-09-23,0.0360279125555806,0.0,0.0,oil_r5:-|gold_spy_mom:-|evt_china:-,0.5389870377909896
2026-09-16,TUPRS,stock,401.5,0.4754481522805205,down,5,1,2026-09-23,0.0233856811094183,0.0,0.0,oil_r5:-|evt_china:-|gold_spy_mom:-,0.5403319851369824
2026-09-16,AKBNK,stock,66.5,0.4723252558352642,down,5,1,2026-09-23,0.0925722854734305,0.0,1.0,oil_r5:-|sma20_gap:+|evt_china:-,0.5711724782401909
2026-09-16,BIMAS,stock,408.0,0.4655231850825289,down,5,1,2026-09-23,0.0612011568569073,0.0,0.0,oil_r5:-|evt_china:-|gold_spy_mom:-,0.4863994288978296
2026-09-16,FTSE,stock,10695.5302734375,0.4623153472482137,down,5,1,2026-09-24,-0.0010046842256283,1.0,0.0,oil_r5:-|evt_china:-|gold_spy_mom:-,0.4993071061436893
2026-09-16,N225,stock,63923.0,0.4622711712759161,down,5,1,2026-09-28,0.0301195016500918,0.0,0.0,oil_r5:-|gold_spy_mom:-|evt_china:-,0.5393734578618854
2026-09-16,HSI,stock,24713.779296875,0.4474460315415618,down,5,1,2026-09-24,0.0019141652529971,0.0,0.0,oil_r5:-|gold_spy_mom:-|evt_china:-,0.4950935070473174
2026-09-16,DAX,stock,25390.419921875,0.4467305042838122,down,5,1,2026-09-24,-0.0071006688731828,1.0,0.0,oil_r5:-|gold_spy_mom:-|evt_china:-,0.517148181111116
2026-09-16,XAUUSD,commodity,4370.2998046875,0.4300986802791183,down,5,1,2026-09-23,-0.0030938138379079,1.0,0.0,oil_r5:-|gold_spy_mom:-|evt_china:-,0.4528084341935348
2026-09-16,SISE,stock,40.41999816894531,0.3954515013368473,down,5,1,2026-09-23,-0.0004948439383807,1.0,0.0,oil_r5:-|vol21:-|gold_spy_mom:-,0.5257976490619987
2026-09-16,AAPL,stock,333.0950012207031,0.5139163158218585,up,5,1,2026-09-23,0.0117145049296006,1.0,0.0,oil_r5:-|evt_china:-|evt_fed:+,0.521391033672643
2026-09-16,META,stock,675.1749877929688,0.5004270265491753,up,5,1,2026-09-23,0.0972035031429133,1.0,0.0,oil_r5:-|evt_china:-|evt_fed:+,0.5235080585649212
2026-09-16,SPY,stock,759.4500122070312,0.494816093110025,down,5,1,2026-09-23,0.0109478003696973,0.0,0.0,corr_spy63:+|oil_r5:-|evt_china:-,0.5652355584009493
2026-09-16,XLE,stock,64.68000030517578,0.4921831921626456,down,5,1,2026-09-23,-0.0363676660145799,1.0,0.0,oil_r5:-|gold_spy_mom:-|evt_fed:+,0.4686719228280905
2026-09-16,MSFT,stock,493.5150146484375,0.4862558261414107,down,5,1,2026-09-23,0.0142341122235587,0.0,0.0,oil_r5:-|kurt63:+|gold_spy_mom:-,0.5417337864307072
2026-09-16,COPX,stock,85.41999816894531,0.4788290380989799,down,5,1,2026-09-24,0.0053706970515349,0.0,0.0,oil_r5:-|macd_hist:+|gold_spy_mom:-,0.5372196015896201
2026-09-16,XLC,stock,113.84500122070312,0.4760172486191087,down,5,1,2026-09-24,-0.0016263167437932,1.0,0.0,oil_r5:-|gold_spy_mom:-|evt_china:-,0.4388761622965386
2026-09-16,O,stock,57.68000030517578,0.4734037111701468,down,5,1,2026-09-24,-0.0415952082641746,1.0,0.0,oil_r5:-|evt_fed:+|sma200_gap:-,0.532668504821513
2026-09-16,URA,stock,41.59000015258789,0.4727518685481213,down,5,1,2026-09-24,-0.0129471188295881,1.0,0.0,oil_r5:-|sma20_gap:+|macd_hist:+,0.5566537522701027
2026-09-16,DBA,stock,28.739999771118164,0.4726229189708404,down,5,1,2026-09-24,-0.0083857854123965,1.0,0.0,oil_r5:-|gold_spy_mom:-|evt_china:-,0.5000142297112246
2026-09-16,XLV,stock,168.4199981689453,0.4718920860467787,down,5,1,2026-09-24,0.0086543895463066,0.0,0.0,oil_r5:-|gold_spy_mom:-|round_dist:+,0.4601881693812966
2026-09-16,XLU,stock,41.47999954223633,0.4712504086231284,down,5,1,2026-09-24,-0.0467787721914539,1.0,0.0,oil_r5:-|gold_spy_mom:-|evt_fed:+,0.4847332925627492
2026-09-16,EWZ,stock,37.625,0.468155811862325,down,5,1,2026-09-24,-0.0193217129239282,1.0,0.0,oil_r5:-|gold_spy_mom:-|evt_china:-,0.496584693972608
2026-09-16,SCHD,stock,34.165000915527344,0.4656715117796834,down,5,1,2026-09-23,-0.0262451757567449,1.0,0.0,oil_r5:-|gold_spy_mom:-|evt_china:-,0.5203098320536927
2026-09-16,XLRE,stock,43.18999862670898,0.4654924546117326,down,5,1,2026-09-24,-0.0316366105192491,1.0,0.0,oil_r5:-|evt_china:-|gold_spy_mom:-,0.4870632332240773
2026-09-16,XLP,stock,84.01499938964844,0.4616968879717251,down,5,1,2026-09-24,-0.022022573112851,1.0,0.0,oil_r5:-|gold_spy_mom:-|evt_fed:+,0.4885994802599694
2026-09-16,EWJ,stock,97.9800033569336,0.4615795859343696,down,5,1,2026-09-24,-0.0245906063755656,1.0,0.0,oil_r5:-|evt_china:-|gold_spy_mom:-,0.4854839918594884
2026-09-16,XLI,stock,170.19000244140625,0.4543248602694552,down,5,1,2026-09-24,-0.0063660799809739,1.0,0.0,oil_r5:-|evt_china:-|gold_spy_mom:-,0.4870876459097013
2026-09-16,GOOGL,stock,345.0400085449219,0.4530170496221645,down,5,1,2026-09-23,-0.0211176064745783,1.0,0.0,oil_r5:-|evt_china:-|gold_spy_mom:-,0.4702729562496405
2026-09-16,LIT,stock,70.30999755859375,0.452040135973027,down,5,1,2026-09-24,-0.0208385347135757,1.0,1.0,oil_r5:-|gold_spy_mom:-|evt_china:-,0.5486272228761204
2026-09-16,EWU,stock,47.72999954223633,0.4494343704623337,down,5,1,2026-09-24,-0.0119080099141383,1.0,1.0,oil_r5:-|gold_spy_mom:-|evt_china:-,0.4909448058756963
2026-09-16,XLY,stock,111.28500366210938,0.4471263477863198,down,5,1,2026-09-24,-0.0069432583884709,1.0,0.0,oil_r5:-|evt_china:-|gold_spy_mom:-,0.4902329001333837
2026-09-16,AMZN,stock,247.4100036621093,0.4446719969769123,down,5,1,2026-09-23,0.0074897691697345,0.0,0.0,oil_r5:-|gold_spy_mom:-|evt_china:-,0.5245205918585751
2026-09-16,XLB,stock,50.94499969482422,0.443566213359206,down,5,1,2026-09-24,-0.025546836428581,1.0,1.0,oil_r5:-|gold_spy_mom:-|evt_china:-,0.4842470554043701
2026-09-16,AVGO,stock,339.7300109863281,0.4427282278459625,down,5,1,2026-09-23,0.0439383757318887,0.0,0.0,oil_r5:-|gold_spy_mom:-|evt_fed:+,0.5415779583248306
2026-09-16,QQQ,stock,709.0177001953125,0.4401135674707805,down,5,1,2026-09-23,0.0444035243646336,0.0,0.0,oil_r5:-|evt_china:-|gold_spy_mom:-,0.4830310448771666
2026-09-16,NVDA,stock,214.7949981689453,0.4393807089602548,down,5,1,2026-09-23,0.0486804031269259,0.0,0.0,oil_r5:-|gold_spy_mom:-|evt_china:-,0.4978786858705373
2026-09-16,EWQ,stock,44.470001220703125,0.4382214161364341,down,5,1,2026-09-24,-0.0170091407433723,1.0,1.0,oil_r5:-|evt_china:-|gold_spy_mom:-,0.4750586448899145
2026-09-16,XLF,stock,56.56499862670898,0.4377093965978466,down,5,1,2026-09-23,-0.0364560008965356,1.0,0.0,oil_r5:-|gold_spy_mom:-|evt_china:-,0.4687918495841721
2026-09-16,XLK,stock,185.134994506836,0.4374726193511623,down,5,1,2026-09-24,0.0478548233938549,0.0,0.0,oil_r5:-|gold_spy_mom:-|evt_china:-,0.4680479066325376
2026-09-16,EWG,stock,42.67499923706055,0.4357343740870251,down,5,1,2026-09-24,-0.0195214903277856,1.0,0.0,oil_r5:-|gold_spy_mom:-|evt_china:-,0.4663456650827123
2026-09-16,ETN,stock,401.5299987792969,0.435145930982511,down,5,1,2026-09-24,0.0817979226529636,0.0,0.0,oil_r5:-|gold_spy_mom:-|evt_china:-,0.4923824380917719
2026-09-16,MCHI,stock,52.6150016784668,0.433156517926617,down,5,1,2026-09-24,0.0040779637419042,0.0,1.0,oil_r5:-|gold_spy_mom:-|evt_china:-,0.4730594764327632
2026-09-16,GRID,stock,175.5399932861328,0.4304887393391244,down,5,1,2026-09-24,0.01388853366058,0.0,1.0,oil_r5:-|evt_china:-|gold_spy_mom:-,0.4954495790002365
2026-09-16,TSLA,stock,360.4649963378906,0.4273614494974966,down,5,1,2026-09-23,0.0530921250239893,0.0,0.0,oil_r5:-|evt_china:-|gold_spy_mom:-,0.4726540961796353
2026-09-16,INDA,stock,47.720001220703125,0.4270906630029127,down,5,1,2026-09-24,-0.0029380794517339,1.0,1.0,oil_r5:-|gold_spy_mom:-|evt_china:-,0.4626774250577383
2026-09-16,PWR,stock,626.7000122070312,0.4227592386931011,down,5,1,2026-09-24,0.0272307493954548,0.0,0.0,oil_r5:-|evt_china:-|gold_spy_mom:-,0.461075112448906
2026-09-16,JEPI,stock,56.27000045776367,0.4189794271489624,down,5,1,2026-09-24,0.0045215035784789,0.0,0.0,oil_r5:-|gold_spy_mom:-|evt_china:-,0.4910152212459808
2026-09-16,EWY,stock,178.35000610351562,0.4115269919337251,down,5,1,2026-09-23,0.0401152017196011,0.0,0.0,oil_r5:-|gold_spy_mom:-|evt_china:-,0.4798248360133881
2026-09-16,GLD,stock,398.2605895996094,0.4090826089745178,down,5,1,2026-09-23,-0.0136023046091227,1.0,0.0,oil_r5:-|gold_spy_mom:-|evt_china:-,0.4309663695216064
2026-09-16,HUBB,stock,444.1050109863281,0.4085345101340391,down,5,1,2026-09-23,0.0550106985200563,0.0,0.0,oil_r5:-|gold_spy_mom:-|evt_china:-,0.5023908378217469
2026-09-16,GEV,stock,924.5307006835938,0.4070163663397234,down,5,1,2026-09-24,0.0289530959213351,0.0,0.0,oil_r5:-|gold_spy_mom:-|evt_china:-,0.4898011019961441
2026-09-16,SLV,stock,58.09000015258789,0.3907311762321143,down,5,1,2026-09-23,0.0012042959704849,0.0,1.0,oil_r5:-|evt_china:-|hi52_dist:-,0.4325337479522986
2026-09-16,VRT,stock,243.0800018310547,0.3802714307916442,down,5,1,2026-09-24,0.0012744777674941,0.0,0.0,oil_r5:-|hi52_dist:-|evt_china:-,0.5669724976801703
2026-05-23,XRP,crypto,1.35782610818712,0.375061365891379,down,5,1,2026-05-28,-0.0331135112855377,1.0,0.0,evt_oil:-|hi52_dist:-|is_crypto:-,0.4925498181458642
2026-05-23,BTC,crypto,76619.8666090415,0.3422057362773202,down,5,1,2026-05-28,-0.0414001223557521,1.0,0.0,evt_oil:-|hi52_dist:-|gold_spy_mom:-,0.4421407041249715
2026-09-17,USDTRY,fx,48.674591064453125,0.833480906749579,up,5,1,2026-09-24,0.005697407947075,1.0,1.0,rsi14:+|vol21:+|hi52_dist:+,0.634966314955763
2026-09-17,ETH,crypto,2440.62,0.5707354291780823,up,5,1,2026-09-22,0.1149610121674978,1.0,0.0,evt_china:+|kurt63:+|evt_fed:+,0.5377167605536436
2026-09-17,BTC,crypto,76418.72,0.5425010571277107,up,5,1,2026-09-22,0.1163620137483097,1.0,0.0,evt_china:+|oil_r5:-|evt_fed:+,0.5185405069946506
2026-09-17,XRP,crypto,1.3021,0.5322689810590988,up,5,1,2026-09-22,0.1623345948684569,1.0,0.0,evt_china:+|hi52_dist:-|macd_hist:+,0.5008260120646354
2026-09-15,NATGAS,commodity,2.97,0.5291830824505874,up,5,1,2026-09-22,-0.02385121582218,0.0,0.0,hi52_dist:+|oil_r5:-|evt_china:-,0.599704633091547
2026-09-15,WTI,commodity,107.02,0.520697833094966,up,5,1,2026-09-22,-0.1044058022068695,0.0,0.0,rsi14:+|r1:-|oil_r5:-,0.4028108208405297
2026-09-17,SOL,crypto,100.11,0.5064681210057921,up,5,1,2026-09-22,0.1547070556948986,1.0,0.0,evt_china:+|hi52_dist:-|macd_hist:+,0.5448554613408852
2026-09-17,EREGL,stock,36.31999969482422,0.4947477792138999,down,5,1,2026-09-24,0.052558989365281,0.0,0.0,oil_r5:-|gold_spy_mom:-|evt_fed:+,0.5366627491249941
2026-09-17,THYAO,stock,281.75,0.4912005557963662,down,5,1,2026-09-24,0.0484943499386105,0.0,0.0,oil_r5:-|gold_spy_mom:-|evt_fed:+,0.5196524839241211
2026-09-17,TUPRS,stock,409.5,0.4906787184854749,down,5,1,2026-09-24,0.0030478536242533,0.0,0.0,oil_r5:-|gold_spy_mom:-|evt_china:-,0.5477306397273858
2026-09-17,XU100,stock,13296.7998046875,0.4906010194317304,down,5,1,2026-09-25,-0.0274435920632875,1.0,0.0,oil_r5:-|evt_china:-|gold_spy_mom:-,0.5484390630773842
2026-09-17,BIMAS,stock,417.25,0.4822423743243997,down,5,1,2026-09-24,0.0248533502303585,0.0,0.0,oil_r5:-|gold_spy_mom:-|evt_china:-,0.4841934612304083
2026-09-17,KCHOL,stock,213.5,0.4819006817907471,down,5,1,2026-09-24,0.0290812231850901,0.0,0.0,oil_r5:-|gold_spy_mom:-|evt_china:-,0.491705004980817
2026-09-17,FTSE,stock,10746.080078125,0.4794678152455144,down,5,1,2026-09-25,0.0005116836046366,0.0,0.0,oil_r5:-|evt_china:-|gold_spy_mom:-,0.4904900340086096
2026-09-17,ASELS,stock,371.75,0.4779704180362598,down,5,1,2026-09-24,-0.0026936043222229,1.0,0.0,oil_r5:-|gold_spy_mom:-|evt_china:-,0.5148377931739286
2026-09-17,N225,stock,64136.25,0.4694847482133588,down,5,1,2026-09-29,0.0207544136916258,0.0,0.0,oil_r5:-|evt_china:-|gold_spy_mom:-,0.5435103267295013
2026-09-17,GARAN,stock,128.39999389648438,0.4498040244090143,down,5,1,2026-09-24,0.0162228830420568,0.0,0.0,oil_r5:-|gold_spy_mom:-|evt_china:-,0.510834896643081
2026-09-17,AKBNK,stock,69.19999694824219,0.4481500545792409,down,5,1,2026-09-24,0.0340942341323652,0.0,1.0,oil_r5:-|gold_spy_mom:-|evt_china:-,0.4851259692100286
2026-09-15,BRENT,commodity,130.8,0.4480361769419074,down,5,1,2026-09-22,-0.129694290157825,1.0,0.0,corr_spy63:-|vol21:-|r5:-,0.4128547539781234
2026-09-17,HSI,stock,24604.2890625,0.4474973946237722,down,5,1,2026-09-25,-0.0038359167459184,1.0,0.0,oil_r5:-|gold_spy_mom:-|evt_china:-,0.4912213524648306
2026-09-17,DAX,stock,25648.9296875,0.4414330337522416,down,5,1,2026-09-25,-0.0050350988416758,1.0,0.0,oil_r5:-|evt_china:-|gold_spy_mom:-,0.4742682913008848
2026-09-17,XAUUSD,commodity,4355.7001953125,0.4387241207465649,down,5,1,2026-09-24,-0.012219448832524,1.0,0.0,oil_r5:-|gold_spy_mom:-|evt_china:-,0.4672406019688847
2026-09-17,SISE,stock,39.459999084472656,0.4286762790793963,down,5,1,2026-09-24,0.0095839591533484,0.0,0.0,oil_r5:-|vol21:-|gold_spy_mom:-,0.5079537601807306
2026-09-17,AAPL,stock,335.9700012207031,0.5179834036440564,up,5,1,2026-09-24,0.0038618900466831,1.0,0.0,oil_r5:-|evt_china:-|evt_fed:+,0.5193658359196387
2026-09-17,SPY,stock,762.4600219726562,0.5170709368688081,up,5,1,2026-09-24,0.0059367244599955,1.0,0.0,corr_spy63:+|oil_r5:-|evt_china:-,0.5437603155449434
2026-09-17,META,stock,678.0750122070312,0.5098760506198186,up,5,1,2026-09-24,0.1275610973568718,1.0,0.0,oil_r5:-|evt_china:-|evt_fed:+,0.4973655645458495
2026-09-17,XLE,stock,64.29000091552734,0.496107476257302,down,5,1,2026-09-24,-0.0201106950783204,1.0,0.0,oil_r5:-|gold_spy_mom:-|evt_fed:+,0.4539134567623102
2026-09-17,MSFT,stock,495.4800109863281,0.4895790908709677,down,5,1,2026-09-24,0.0016535461382214,0.0,0.0,oil_r5:-|kurt63:+|gold_spy_mom:-,0.5311969284034218
2026-09-17,O,stock,57.19499969482422,0.4857412374941066,down,5,1,2026-09-24,-0.0317063965164681,1.0,0.0,oil_r5:-|evt_fed:+|sma200_gap:-,0.5010285795949666
2026-09-17,EWZ,stock,37.78499984741211,0.4820105529943196,down,5,1,2026-09-24,-0.0234296815265096,1.0,0.0,oil_r5:-|evt_china:-|gold_spy_mom:-,0.5089186892927587
2026-09-17,DBA,stock,28.52499961853028,0.477223350305709,down,5,1,2026-09-24,0.000876027004128,0.0,0.0,oil_r5:-|gold_spy_mom:-|evt_china:-,0.5012655134858699
2026-09-17,XLU,stock,41.625,0.4763130992758231,down,5,1,2026-09-24,-0.0559508606096558,1.0,0.0,oil_r5:-|evt_fed:+|gold_spy_mom:-,0.4934096455534505
2026-09-17,XLV,stock,168.6199951171875,0.4743040964071809,down,5,1,2026-09-24,0.0073857763497757,0.0,0.0,oil_r5:-|gold_spy_mom:-|evt_fed:+,0.4920471548228798
2026-09-17,SCHD,stock,33.917598724365234,0.4737606450604745,down,5,1,2026-09-24,-0.0218209494551145,1.0,0.0,oil_r5:-|evt_china:-|evt_fed:+,0.494374949293382
2026-09-17,XLK,stock,188.0679931640625,0.4698723965485447,down,5,1,2026-09-24,0.0347077433979567,0.0,0.0,oil_r5:-|evt_china:-|gold_spy_mom:-,0.4545140568121205
2026-09-17,QQQ,stock,716.5800170898438,0.4673657245010411,down,5,1,2026-09-24,0.0316466154321297,0.0,0.0,oil_r5:-|evt_china:-|gold_spy_mom:-,0.4680417479706384
2026-09-17,XLRE,stock,43.040000915527344,0.4665459868448288,down,5,1,2026-09-24,-0.0328285318764757,1.0,0.0,oil_r5:-|gold_spy_mom:-|evt_fed:+,0.5304572928498279
2026-09-17,EWJ,stock,97.88999938964844,0.466074136297239,down,5,1,2026-09-24,-0.0214773548572292,1.0,0.0,oil_r5:-|evt_china:-|gold_spy_mom:-,0.475288172238727
2026-09-17,GOOGL,stock,345.4100036621094,0.464163741323306,down,5,1,2026-09-24,-0.0116773353530304,1.0,0.0,oil_r5:-|evt_china:-|gold_spy_mom:-,0.4803414390412887
2026-09-17,XLC,stock,112.4499969482422,0.4621581538382267,down,5,1,2026-09-24,0.0136020552416527,0.0,0.0,oil_r5:-|gold_spy_mom:-|evt_china:-,0.4746809528714628
2026-09-17,XLF,stock,56.034698486328125,0.4604422863097581,down,5,1,2026-09-24,-0.0280456690487649,1.0,0.0,oil_r5:-|gold_spy_mom:-|evt_fed:+,0.4904397945670432
2026-09-17,XLB,stock,50.82500076293945,0.4592266258974786,down,5,1,2026-09-24,-0.0227859307574629,1.0,1.0,oil_r5:-|evt_china:-|gold_spy_mom:-,0.4729729397477732
2026-09-17,AMZN,stock,251.0850067138672,0.4576261395161494,down,5,1,2026-09-24,-0.0063326387705388,1.0,0.0,oil_r5:-|evt_china:-|gold_spy_mom:-,0.4929091982867651
2026-09-17,XLP,stock,83.48500061035156,0.4568868434135106,down,5,1,2026-09-24,-0.0216130177990935,1.0,0.0,oil_r5:-|gold_spy_mom:-|evt_fed:+,0.4928571997500823
2026-09-17,XLI,stock,169.02999877929688,0.453345884181611,down,5,1,2026-09-24,-0.0011839044056178,1.0,0.0,oil_r5:-|evt_china:-|gold_spy_mom:-,0.4936139190186403
2026-09-17,NVDA,stock,219.3950042724609,0.4517481809499833,down,5,1,2026-09-24,0.020553518283706,0.0,0.0,oil_r5:-|evt_china:-|gold_spy_mom:-,0.4553798459762526
2026-09-17,EWU,stock,47.900001525878906,0.4510838690453146,down,5,1,2026-09-24,-0.0155694638387447,1.0,1.0,oil_r5:-|gold_spy_mom:-|evt_china:-,0.4820983692361815
2026-09-17,TSLA,stock,367.7900085449219,0.4489098481201664,down,5,1,2026-09-24,0.0321853292252422,0.0,0.0,oil_r5:-|evt_china:-|gold_spy_mom:-,0.4434722835103737
2026-09-17,LIT,stock,70.96499633789062,0.4473653258853378,down,5,1,2026-09-24,-0.0306923502118467,1.0,1.0,oil_r5:-|evt_china:-|gold_spy_mom:-,0.5280313667387013
2026-09-17,EWY,stock,182.94000244140625,0.4434066232696665,down,5,1,2026-09-24,-0.0021889532651329,1.0,0.0,oil_r5:-|evt_china:-|gold_spy_mom:-,0.4831170534498121
2026-09-17,EWG,stock,42.70500183105469,0.4431513153946153,down,5,1,2026-09-24,-0.0197464977541555,1.0,0.0,oil_r5:-|evt_china:-|gold_spy_mom:-,0.4664478629092718
2026-09-17,ETN,stock,410.5299987792969,0.4420976002456813,down,5,1,2026-09-24,0.0693257220558401,0.0,0.0,oil_r5:-|gold_spy_mom:-|evt_china:-,0.4366843650357132
2026-09-17,GEV,stock,930.638427734375,0.442078273807919,down,5,1,2026-09-24,0.0258823693517719,0.0,0.0,oil_r5:-|gold_spy_mom:-|evt_china:-,0.5105101236720403
2026-09-17,GRID,stock,176.9600067138672,0.4415348177236926,down,5,1,2026-09-24,0.0073193716131135,0.0,1.0,oil_r5:-|evt_china:-|gold_spy_mom:-,0.4771419301118799
2026-09-17,PWR,stock,614.9500122070312,0.4409609301818932,down,5,1,2026-09-24,0.0453810434973169,0.0,0.0,oil_r5:-|evt_china:-|gold_spy_mom:-,0.5098992461664867
2026-09-17,EWQ,stock,44.375,0.4393842919722323,down,5,1,2026-09-24,-0.0148705565663109,1.0,1.0,oil_r5:-|evt_china:-|gold_spy_mom:-,0.484542402913409
2026-09-17,XLY,stock,111.68000030517578,0.439338174524336,down,5,1,2026-09-24,-0.012252411027885,1.0,0.0,oil_r5:-|evt_china:-|gold_spy_mom:-,0.4684644399187589
2026-09-17,INDA,stock,48.01499938964844,0.42732858802782,down,5,1,2026-09-24,-0.0095213486807539,1.0,1.0,oil_r5:-|gold_spy_mom:-|evt_china:-,0.4736164670671763
2026-09-17,JEPI,stock,56.22010040283203,0.42629247078112,down,5,1,2026-09-24,0.005497097724797,0.0,0.0,oil_r5:-|gold_spy_mom:-|evt_china:-,0.4969382214729378
2026-09-17,MCHI,stock,52.744998931884766,0.426036013228247,down,5,1,2026-09-24,0.0014209402081079,0.0,1.0,oil_r5:-|gold_spy_mom:-|evt_china:-,0.4739045768195766
2026-09-17,HUBB,stock,443.6000061035156,0.4234780083651513,down,5,1,2026-09-24,0.042436517788742,0.0,0.0,oil_r5:-|gold_spy_mom:-|evt_china:-,0.4816109677558183
2026-09-17,COPX,stock,86.86000061035156,0.4227228001624621,down,5,1,2026-09-24,-0.0070475782220494,1.0,0.0,oil_r5:-|evt_china:-|gold_spy_mom:-,0.4748024696912803
2026-09-17,AVGO,stock,349.3500061035156,0.4224974344846366,down,5,1,2026-09-24,0.0007725339474597,0.0,0.0,oil_r5:-|gold_spy_mom:-|evt_china:-,0.5362810724493974
2026-09-17,GLD,stock,399.6199951171875,0.4162606169298367,down,5,1,2026-09-24,-0.0219343775588033,1.0,0.0,oil_r5:-|gold_spy_mom:-|evt_china:-,0.4324687547696792
2026-09-17,URA,stock,42.845001220703125,0.4003133038027388,down,5,1,2026-09-24,-0.0474373762851212,1.0,0.0,oil_r5:-|hi52_dist:-|evt_china:-,0.4872546779039496
2026-09-17,SLV,stock,59.22999954223633,0.3970840595087742,down,5,1,2026-09-24,-0.0302347008978868,1.0,1.0,oil_r5:-|hi52_dist:-|evt_china:-,0.4329958433134535
2026-09-17,VRT,stock,242.1100006103516,0.3924425666741202,down,5,1,2026-09-24,0.0130897928476552,0.0,0.0,oil_r5:-|hi52_dist:-|evt_china:-,0.5817538378701673
2026-09-18,USDTRY,fx,48.78160095214844,0.8290593178280616,up,5,1,2026-09-24,0.0035013457269674,1.0,1.0,rsi14:+|vol21:+|hi52_dist:+,0.6452105154670649
2026-09-18,ETH,crypto,2493.61,0.5676593623415557,up,5,1,2026-09-23,0.096395639147789,1.0,0.0,kurt63:+|evt_china:+|range_pos60:+,0.5275010847598147
2026-09-18,BTC,crypto,77812.65,0.534635671566537,up,5,1,2026-09-23,0.1021449091283599,1.0,0.0,evt_china:+|evt_fed:+|oil_r5:-,0.4732844685854729
2026-09-18,SOL,crypto,105.86,0.518702695697277,up,5,1,2026-09-23,0.1090755033827019,1.0,0.0,evt_china:+|oil_r5:-|evt_fed:+,0.5161863969853537
2026-09-18,TUPRS,stock,413.0,0.4902999407680737,down,5,1,2026-09-25,-0.009732436918231,1.0,0.0,oil_r5:-|evt_china:-|gold_spy_mom:-,0.5564424068691185
2026-09-18,XRP,crypto,1.3314,0.4895139347119953,down,5,1,2026-09-23,0.1904378469300303,0.0,0.0,evt_china:+|hi52_dist:-|vol21:-,0.5234581628849292
2026-09-18,KCHOL,stock,217.1000061035156,0.4801400564352305,down,5,1,2026-09-25,0.0041369577909989,0.0,0.0,oil_r5:-|gold_spy_mom:-|evt_china:-,0.4964375179444965
2026-09-18,FTSE,stock,10757.009765625,0.4788122864608346,down,5,1,2026-09-25,-0.0057578956182998,1.0,0.0,oil_r5:-|btc_r21:-|gold_spy_mom:-,0.4913577930034281
2026-09-18,BIMAS,stock,414.5,0.4723962027543971,down,5,1,2026-09-25,0.0314659381969532,0.0,0.0,oil_r5:-|gold_spy_mom:-|evt_china:-,0.4736140309254212
2026-09-18,XU100,stock,13290.73046875,0.4696292175050849,down,5,1,2026-09-25,-0.0298899427845675,1.0,0.0,oil_r5:-|gold_spy_mom:-|evt_china:-,0.5480687289232953
2026-09-18,EREGL,stock,36.220001220703125,0.467153932142047,down,5,1,2026-09-25,0.0511275646084614,0.0,0.0,oil_r5:-|gold_spy_mom:-|evt_china:-,0.5238116193460854
2026-09-18,XAUUSD,commodity,4432.89990234375,0.4558603915721528,down,5,1,2026-09-25,-0.023394081442218,1.0,0.0,oil_r5:-|gold_spy_mom:-|evt_china:-,0.4432713672454682
2026-09-18,AKBNK,stock,70.8499984741211,0.4546870103105727,down,5,1,2026-09-25,0.0049278309562253,0.0,1.0,gold_spy_mom:-|oil_r5:-|evt_china:-,0.4646515215660794
2026-09-18,N225,stock,65018.94921875,0.4537850397937001,down,5,1,2026-09-30,0.0263312534866431,0.0,0.0,oil_r5:-|gold_spy_mom:-|evt_china:-,0.482543082270966
2026-09-18,THYAO,stock,288.25,0.4490445401483422,down,5,1,2026-09-25,0.0163444498678989,0.0,0.0,oil_r5:-|gold_spy_mom:-|evt_china:-,0.4753896814304252
2026-09-18,ASELS,stock,375.25,0.4481118659528562,down,5,1,2026-09-25,-0.0093708851733068,1.0,0.0,oil_r5:-|gold_spy_mom:-|evt_china:-,0.47997849440357
2026-09-18,HSI,stock,24748.220703125,0.4380979956957317,down,5,1,2026-09-25,-0.0096687325186266,1.0,0.0,oil_r5:-|gold_spy_mom:-|evt_china:-,0.5102905755038846
2026-09-18,GARAN,stock,130.89999389648438,0.437196813062302,down,5,1,2026-09-25,-0.0022943627117849,1.0,0.0,r1:-|gold_spy_mom:-|squeeze:-,0.4824391999822781
2026-09-18,DAX,stock,25604.6796875,0.4357877997405999,down,5,1,2026-09-25,-0.0076858368102497,1.0,0.0,oil_r5:-|gold_spy_mom:-|btc_r21:-,0.478797248434631
2026-09-18,SISE,stock,39.79999923706055,0.4079482613149759,down,5,1,2026-09-25,-0.01162507628145,1.0,0.0,oil_r5:-|vol21:-|gold_spy_mom:-,0.5237085074384704
2026-09-18,AAPL,stock,334.7749938964844,0.522012130486443,up,5,1,2026-09-25,0.0157516315461446,1.0,0.0,oil_r5:-|gold_spy_mom:-|btc_r21:-,0.5360853515879991
2026-09-18,META,stock,672.1900024414062,0.5134817242092177,up,5,1,2026-09-25,0.1098254155113097,1.0,0.0,oil_r5:-|gold_spy_mom:-|r21:+,0.5363764524041751
2026-09-18,MSFT,stock,494.3500061035156,0.4912132977038533,down,5,1,2026-09-25,0.0458816750409167,0.0,0.0,kurt63:+|oil_r5:-|gold_spy_mom:-,0.5207712722047484
2026-09-18,XLE,stock,64.3499984741211,0.4850628892538965,down,5,1,2026-09-25,-0.0410000592230118,1.0,0.0,oil_r5:-|gold_spy_mom:-|btc_r21:-,0.4632877768136318
2026-09-18,SPY,stock,759.280029296875,0.4817676572155884,down,5,1,2026-09-25,0.015306319528787,0.0,0.0,corr_spy63:+|oil_r5:-|btc_r21:-,0.557611257735466
2026-09-18,O,stock,56.595001220703125,0.4801284815021963,down,5,1,2026-09-25,-0.0209801572582508,1.0,0.0,oil_r5:-|evt_fed:+|gold_spy_mom:-,0.5113340413816636
2026-09-18,AMZN,stock,253.13999938964844,0.4770892487245655,down,5,1,2026-09-25,-0.0140229401032164,1.0,0.0,oil_r5:-|kurt63:+|gold_spy_mom:-,0.5310272922025072
2026-09-18,SCHD,stock,33.625,0.476952373138058,down,5,1,2026-09-25,-0.0136240401651747,1.0,0.0,oil_r5:-|gold_spy_mom:-|evt_fed:+,0.5085249395419431
2026-09-18,XLV,stock,168.05499267578125,0.4751240299012344,down,5,1,2026-09-25,0.0120952720878255,0.0,0.0,oil_r5:-|gold_spy_mom:-|btc_r21:-,0.5136109853691675
2026-09-18,EWZ,stock,37.47499847412109,0.4733621844367,down,5,1,2026-09-25,-0.0199440075841833,1.0,0.0,oil_r5:-|gold_spy_mom:-|evt_china:-,0.5095875004223667
2026-09-18,PWR,stock,629.7650146484375,0.4647844120945221,down,5,1,2026-09-25,0.0325559120182327,0.0,0.0,oil_r5:-|gold_spy_mom:-|kurt63:+,0.481175049400486
2026-09-18,DBA,stock,28.145000457763672,0.4641744481789675,down,5,1,2026-09-25,0.0133095059219057,0.0,0.0,oil_r5:-|gold_spy_mom:-|evt_china:-,0.5081403965569529
2026-09-18,ETN,stock,419.9400024414063,0.4641647874347908,down,5,1,2026-09-25,0.0411476657946371,0.0,0.0,oil_r5:-|gold_spy_mom:-|btc_r21:-,0.4887189704025758
2026-09-18,XLK,stock,188.1199951171875,0.4640028839076098,down,5,1,2026-09-25,0.0444726046110537,0.0,0.0,oil_r5:-|btc_r21:-|gold_spy_mom:-,0.462290326860071
2026-09-18,GOOGL,stock,349.42999267578125,0.4637775138156532,down,5,1,2026-09-25,-0.0142962270534988,1.0,0.0,oil_r5:-|gold_spy_mom:-|btc_r21:-,0.4760035900972011
2026-09-18,QQQ,stock,717.0250244140625,0.4594586996727504,down,5,1,2026-09-25,0.0380452858215364,0.0,0.0,oil_r5:-|gold_spy_mom:-|evt_china:-,0.4834520210438622
2026-09-18,XLRE,stock,42.685001373291016,0.4590781059956894,down,5,1,2026-09-25,-0.0288772989408516,1.0,0.0,oil_r5:-|gold_spy_mom:-|evt_fed:+,0.5342998257419158
2026-09-18,XLU,stock,41.125,0.4589125669539683,down,5,1,2026-09-25,-0.04259662175043,1.0,0.0,oil_r5:-|gold_spy_mom:-|evt_fed:+,0.5047327080844701
2026-09-18,URA,stock,41.7140007019043,0.4577557959505743,down,5,1,2026-09-25,-0.0197067203447231,1.0,0.0,oil_r5:-|hi52_dist:-|macd_hist:+,0.5277008957922708
2026-09-18,XLC,stock,111.26000213623048,0.4559197789989394,down,5,1,2026-09-25,0.01418966589475,0.0,0.0,oil_r5:-|gold_spy_mom:-|evt_china:-,0.4856581150736043
2026-09-18,TSLA,stock,362.8900146484375,0.4557646462419388,down,5,1,2026-09-25,0.0283629126373602,0.0,0.0,oil_r5:-|gold_spy_mom:-|evt_china:-,0.5188873837648548
2026-09-18,NVDA,stock,219.9100036621093,0.4556720702215209,down,5,1,2026-09-25,0.022081726216276,0.0,0.0,oil_r5:-|gold_spy_mom:-|btc_r21:-,0.5296033291223149
2026-09-18,EWU,stock,47.21500015258789,0.4555961810782271,down,5,1,2026-09-25,0.0006351636797834,0.0,1.0,oil_r5:-|gold_spy_mom:-|btc_r21:-,0.5003384613838339
2026-09-18,GEV,stock,930.3825073242188,0.4521448734368962,down,5,1,2026-09-25,0.0220575877795232,0.0,0.0,oil_r5:-|gold_spy_mom:-|btc_r21:-,0.5477770492176139
2026-09-18,XLI,stock,168.82980346679688,0.4496151897402629,down,5,1,2026-09-25,0.0079067992241098,0.0,0.0,oil_r5:-|gold_spy_mom:-|evt_china:-,0.508213172411815
2026-09-18,HUBB,stock,447.43499755859375,0.4476248581180709,down,5,1,2026-09-25,0.0344333049194726,0.0,0.0,oil_r5:-|gold_spy_mom:-|r63:+,0.5365264214077008
2026-09-18,XLF,stock,55.79100036621094,0.4470742458810625,down,5,1,2026-09-25,-0.0179223925882635,1.0,0.0,oil_r5:-|gold_spy_mom:-|btc_r21:-,0.4987359142870393
2026-09-18,XLP,stock,83.07499694824219,0.4456494888202613,down,5,1,2026-09-25,-0.0136954907140482,1.0,0.0,oil_r5:-|gold_spy_mom:-|btc_r21:-,0.509863060736216
2026-09-18,COPX,stock,86.56999969482422,0.4453270309294213,down,5,1,2026-09-25,-0.0012714630520335,1.0,0.0,oil_r5:-|macd_hist:+|gold_spy_mom:-,0.5080458641343263
2026-09-18,LIT,stock,70.01000213623047,0.4444989823373873,down,5,1,2026-09-25,-0.0154015230001125,1.0,1.0,oil_r5:-|gold_spy_mom:-|evt_china:-,0.5515724258399054
2026-09-18,EWJ,stock,96.79499816894533,0.4440749630601799,down,5,1,2026-09-25,0.0098689992167828,0.0,0.0,oil_r5:-|gold_spy_mom:-|btc_r21:-,0.4946577972492504
2026-09-18,EWY,stock,179.6750030517578,0.4368251954029289,down,5,1,2026-09-25,0.0406004158419881,0.0,0.0,oil_r5:-|gold_spy_mom:-|evt_china:-,0.5228970704919862
2026-09-18,XLB,stock,50.04949951171875,0.4339436441211606,down,5,1,2026-09-25,-0.0056001038773274,1.0,1.0,oil_r5:-|gold_spy_mom:-|evt_china:-,0.4903360451177338
2026-09-18,XLY,stock,110.9800033569336,0.4332560378715009,down,5,1,2026-09-25,-0.003746429755303,1.0,0.0,oil_r5:-|gold_spy_mom:-|btc_r21:-,0.4872677425961229
2026-09-18,GRID,stock,177.27499389648438,0.43298035369223,down,5,1,2026-09-25,0.0117207016961303,0.0,1.0,oil_r5:-|gold_spy_mom:-|btc_r21:-,0.4889084074074965
2026-09-18,EWQ,stock,43.71500015258789,0.4323810028940306,down,5,1,2026-09-25,0.0015999933658826,0.0,1.0,oil_r5:-|gold_spy_mom:-|evt_china:-,0.5147428241343586
2026-09-18,EWG,stock,42.1150016784668,0.4274331455736016,down,5,1,2026-09-25,0.0030819666992854,0.0,0.0,oil_r5:-|gold_spy_mom:-|btc_r21:-,0.496556137170766
2026-09-18,AVGO,stock,354.6050109863281,0.426418568693078,down,5,1,2026-09-25,-0.0047489897352955,1.0,0.0,oil_r5:-|gold_spy_mom:-|evt_china:-,0.511510006748834
2026-09-18,JEPI,stock,56.095001220703125,0.4226414088072172,down,5,1,2026-09-25,0.0106393142827581,0.0,0.0,oil_r5:-|gold_spy_mom:-|evt_china:-,0.5229325834335442
2026-09-18,INDA,stock,48.0099983215332,0.4203317205734097,down,5,1,2026-09-25,-0.0039653319336553,1.0,1.0,oil_r5:-|gold_spy_mom:-|btc_r21:-,0.472795375091068
2026-09-18,GLD,stock,402.1900024414063,0.4164662177460913,down,5,1,2026-09-25,-0.0237768293909085,1.0,0.0,oil_r5:-|gold_spy_mom:-|evt_china:-,0.4637459330190708
2026-09-18,MCHI,stock,53.02000045776367,0.4156632370674763,down,5,1,2026-09-25,-0.0088089634125653,1.0,1.0,oil_r5:-|gold_spy_mom:-|btc_r21:-,0.4739789966404023
2026-09-18,SLV,stock,60.244998931884766,0.4000882772893873,down,5,1,2026-09-25,-0.0374576915911591,1.0,1.0,oil_r5:-|hi52_dist:-|evt_china:-,0.4707640842892109
2026-09-18,VRT,stock,247.55499267578125,0.3931092347696474,down,5,1,2026-09-25,0.015855984568061,0.0,0.0,oil_r5:-|hi52_dist:-|btc_r21:-,0.5444012450739976
2026-09-19,ETH,crypto,2629.24,0.5862741221338863,up,5,1,2026-09-24,0.0169666573989934,1.0,0.0,evt_china:+|kurt63:+|vix_pct:+,0.5531897583452239
2026-09-19,BTC,crypto,81132.69,0.5683508313629761,up,5,1,2026-09-24,0.0333902953430279,1.0,0.0,evt_china:+|vix_pct:+|btc_r21:-,0.4962874848321044
2026-09-19,SOL,crypto,111.76,0.5413316391866203,up,5,1,2026-09-24,0.0235221738916763,1.0,0.0,evt_china:+|vol21:-|btc_r21:-,0.5416303483821449
2026-09-19,XRP,crypto,1.4134,0.5256419046812231,up,5,1,2026-09-24,0.0539852952643089,1.0,0.0,evt_china:+|vol21:-|hi52_dist:-,0.5090909586895574
2026-09-20,USDTRY,fx,48.7599983215332,0.8367169703065502,up,5,1,2026-09-25,0.003200439392137,1.0,1.0,vol21:+|rsi14:+|hi52_dist:+,0.6508855523046739
2026-09-20,ETH,crypto,2575.73,0.5443337093480398,up,5,1,2026-09-25,0.0451464698223703,1.0,0.0,kurt63:+|evt_china:-|range_pos60:+,0.5226387557893536
2026-09-20,BTC,crypto,80300.52,0.5146075375316205,up,5,1,2026-09-25,0.0518133114531291,1.0,0.0,evt_china:-|evt_fed:+|try_r5:+,0.4988491260687377
2026-09-20,SOL,crypto,108.13,0.5018605463397405,up,5,1,2026-09-25,0.0826785041474762,1.0,0.0,vol21:-|evt_china:-|evt_fed:+,0.5175093096833647
2026-09-20,XRP,crypto,1.3792,0.4648778650695904,down,5,1,2026-09-25,0.1144906922156956,0.0,0.0,hi52_dist:-|vol21:-|evt_china:-,0.4895198544168007
2026-09-20,XAUUSD,commodity,4414.5,0.4447484184738828,down,5,1,2026-09-25,-0.0192346834101924,1.0,0.0,evt_china:-|gold_spy_mom:-|oil_r5:-,0.4305926857377713
2026-09-21,USDTRY,fx,48.7140007019043,0.802647361892529,up,5,1,2026-09-28,0.0053475833562404,1.0,1.0,vol21:+|rsi14:+|hi52_dist:+,0.6452031399436028
2026-09-21,XU100,stock,12981.8203125,0.5715641283648691,up,5,1,2026-09-28,-0.0343672689554813,0.0,0.0,evt_china:-|macd_hist:+|sma20_gap:+,0.6035060628203436
2026-09-21,ETH,crypto,2696.26,0.5399470451455234,up,5,1,2026-09-26,-0.0012803695150785,0.0,0.0,evt_china:-|kurt63:+|range_pos60:+,0.547171858588033
2026-09-21,SOL,crypto,115.27,0.4924325221186041,down,5,1,2026-09-26,0.0482653783588357,0.0,0.0,evt_china:-|vol21:-|gold_spy_mom:-,0.5111484635689935
2026-09-21,BTC,crypto,83849.23,0.4923294476443094,down,5,1,2026-09-26,0.0044555742384896,0.0,0.0,evt_china:-|boll_b:+|gold_spy_mom:-,0.5103788957319743
2026-09-21,FTSE,stock,10736.740234375,0.4815272360599949,down,5,1,2026-09-28,-0.0019186295618257,1.0,0.0,evt_china:-|gold_spy_mom:-|oil_r5:-,0.4979643811961615
2026-09-21,AKBNK,stock,70.44999694824219,0.4663007574705681,down,5,1,2026-09-28,-0.0056938786781842,1.0,1.0,evt_china:-|gold_spy_mom:-|r63:+,0.5111223687218069
2026-09-21,SISE,stock,39.0,0.4579196236273739,down,5,1,2026-09-28,-0.0118649593881761,1.0,0.0,evt_china:-|gold_spy_mom:-|r63:+,0.5532231862657281
2026-09-21,KCHOL,stock,213.3999938964844,0.455165167727163,down,5,1,2026-09-28,-0.0028155384579047,1.0,0.0,evt_china:-|gold_spy_mom:-|round_dist:+,0.4835153872149521
2026-09-21,XRP,crypto,1.4731,0.4531876766070827,down,5,1,2026-09-26,0.0529482950366194,0.0,0.0,evt_china:-|hi52_dist:-|vol21:-,0.5099043074814953
2026-09-21,EREGL,stock,36.0,0.4528174402007007,down,5,1,2026-09-28,0.0241504891941925,0.0,0.0,evt_china:-|gold_spy_mom:-|evt_fed:+,0.5429363991885896
2026-09-21,HSI,stock,25042.7109375,0.4521851067969151,down,5,1,2026-09-28,-0.0161098137995467,1.0,0.0,evt_china:-|gold_spy_mom:-|oil_r5:-,0.4741953373824331
2026-09-21,BIMAS,stock,414.0,0.4500449467711448,down,5,1,2026-09-28,0.0161728592456009,0.0,0.0,evt_china:-|gold_spy_mom:-|oil_r5:-,0.4876625151785012
2026-09-21,TUPRS,stock,406.0,0.4493223933564882,down,5,1,2026-09-28,-0.0192732108115747,1.0,0.0,evt_china:-|gold_spy_mom:-|evt_fed:+,0.4836845721175781
2026-09-21,THYAO,stock,284.75,0.4462664064813127,down,5,1,2026-09-28,0.0148150857851406,0.0,0.0,evt_china:-|gold_spy_mom:-|evt_fed:+,0.5082140568953228
2026-09-21,GARAN,stock,129.8000030517578,0.4438456470980952,down,5,1,2026-09-28,-0.010065923445946,1.0,0.0,evt_china:-|gold_spy_mom:-|sma200_gap:-,0.5102335247724163
2026-09-21,ASELS,stock,367.75,0.4424808554682454,down,5,1,2026-09-28,-0.0206051246019154,1.0,0.0,evt_china:-|gold_spy_mom:-|oil_r5:-,0.5494465523528804
2026-09-21,XAUUSD,commodity,4390.89990234375,0.4407724831491105,down,5,1,2026-09-27,-0.0223388070909141,1.0,0.0,evt_china:-|gold_spy_mom:-|oil_r5:-,0.440321321365297
2026-09-21,DAX,stock,25556.2109375,0.427799213043611,down,5,1,2026-09-28,-0.0065762142647187,1.0,0.0,evt_china:-|gold_spy_mom:-|oil_r5:-,0.4898647466345815
2026-09-21,O,stock,56.81499862670898,0.5398539660284909,up,5,1,2026-09-28,-0.0261237196118723,0.0,0.0,evt_china:-|gold_spy_mom:+|evt_fed:+,0.50088128269471
2026-09-21,MSFT,stock,498.385009765625,0.5394521902587172,up,5,1,2026-09-28,0.0215072553001479,1.0,0.0,evt_china:-|kurt63:+|gold_spy_mom:+,0.524150236446719
2026-09-21,XLC,stock,115.13500213623048,0.5316598196051547,up,5,1,2026-09-28,-0.0349548591935152,0.0,0.0,evt_china:-|gold_spy_mom:+|round_dist:+,0.4911402132720276
2026-09-21,META,stock,744.72998046875,0.5249325160001016,up,5,1,2026-09-28,-0.039872417362199,0.0,0.0,evt_china:-|rsi14:+|gold_spy_mom:+,0.4521598569111635
2026-09-21,AAPL,stock,338.77020263671875,0.52051069963414,up,5,1,2026-09-28,-0.0010933994998965,0.0,0.0,evt_china:-|hi52_dist:+|gold_spy_mom:+,0.5302258844652035
2026-09-21,AMZN,stock,258.67999267578125,0.5191005242355042,up,5,1,2026-09-28,-0.0496506668562828,0.0,0.0,evt_china:-|kurt63:+|gold_spy_mom:+,0.5245981463507848
2026-09-21,SPY,stock,774.5,0.5171493160424436,up,5,1,2026-09-28,-0.0115447772855168,0.0,0.0,evt_china:-|corr_spy63:+|oil_r5:-,0.5382474498348964
2026-09-21,XLP,stock,82.15499877929688,0.5099579111178588,up,5,1,2026-09-28,0.0015203579035352,1.0,0.0,evt_china:-|gold_spy_mom:+|oil_r5:-,0.5479073488889495
2026-09-21,XLU,stock,40.69499969482422,0.5079735133468596,up,5,1,2026-09-28,-0.0361537830514895,0.0,0.0,evt_china:-|gold_spy_mom:+|oil_r5:-,0.5421022883995632
2026-09-21,XLE,stock,62.94499969482422,0.5072618102049778,up,5,1,2026-09-28,-0.0135153600018161,0.0,0.0,evt_china:-|gold_spy_mom:+|r5:+,0.5017065090391343
2026-09-21,ETN,stock,436.4700012207031,0.5034459999737775,up,5,1,2026-09-28,-0.0116607246740065,0.0,0.0,evt_china:-|gold_spy_mom:+|oil_r5:-,0.4353458827367054
2026-09-21,PWR,stock,642.6799926757812,0.5034200077201875,up,5,1,2026-09-28,0.0026106316176869,1.0,0.0,evt_china:-|kurt63:+|gold_spy_mom:+,0.4986518666671626
2026-09-21,XLB,stock,49.935001373291016,0.5021834881716012,up,5,1,2026-09-28,-0.0093557372814288,0.0,1.0,evt_china:-|gold_spy_mom:+|oil_r5:-,0.4939292860663221
2026-09-21,NVDA,stock,228.4199981689453,0.501882809454936,up,5,1,2026-09-28,0.0019244339502038,1.0,0.0,evt_china:-|gold_spy_mom:+|oil_r5:-,0.4700909099276601
2026-09-21,XLRE,stock,42.59510040283203,0.4996836125975147,down,5,1,2026-09-28,-0.0296668480745237,1.0,0.0,evt_china:-|gold_spy_mom:+|evt_fed:+,0.5556509255387779
2026-09-21,EWZ,stock,38.095001220703125,0.4984995720929226,down,5,1,2026-09-28,-0.0507477734749063,1.0,0.0,evt_china:-|gold_spy_mom:+|evt_fed:+,0.4790053200944753
2026-09-21,DBA,stock,28.655000686645508,0.4975980884927899,down,5,1,2026-09-28,-0.0142345143737529,1.0,0.0,evt_china:-|gold_spy_mom:+|oil_r5:-,0.4662056173262722
2026-09-21,AVGO,stock,362.760009765625,0.4964855912466337,down,5,1,2026-09-28,-0.0370376368053231,1.0,0.0,evt_china:-|gold_spy_mom:+|oil_r5:-,0.4739557075686748
2026-09-21,XLV,stock,169.25999450683594,0.4954250235502393,down,5,1,2026-09-28,0.0117468757350888,0.0,0.0,evt_china:-|gold_spy_mom:+|oil_r5:-,0.4929136454496917
2026-09-21,TSLA,stock,376.0549926757813,0.4949670988455604,down,5,1,2026-09-28,-0.0507398634486263,1.0,0.0,evt_china:-|trendiness:+|gold_spy_mom:+,0.4495030005555008
2026-09-21,SCHD,stock,33.790000915527344,0.4919046763192422,down,5,1,2026-09-28,-0.0233544328029437,1.0,0.0,evt_china:-|gold_spy_mom:+|evt_fed:+,0.5109416397753958
2026-09-21,GEV,stock,952.4749755859376,0.4911302732829532,down,5,1,2026-09-28,-0.0028439637216029,1.0,0.0,evt_china:-|gold_spy_mom:+|oil_r5:-,0.4938791678167016
2026-09-21,XLY,stock,112.50499725341795,0.4868608786703988,down,5,1,2026-09-28,-0.0316497584591726,1.0,0.0,evt_china:-|gold_spy_mom:+|oil_r5:-,0.4907711744721342
2026-09-21,GOOGL,stock,355.42059326171875,0.4857374333181357,down,5,1,2026-09-28,-0.036300539498484,1.0,0.0,evt_china:-|gold_spy_mom:+|vix_z:+,0.481194897590292
2026-09-21,QQQ,stock,741.510009765625,0.4852305945432267,down,5,1,2026-09-28,-0.0067386527860757,1.0,0.0,evt_china:-|oil_r5:-|gold_spy_mom:+,0.5016763980637331
2026-09-21,EWY,stock,189.38999938964844,0.4839496667312623,down,5,1,2026-09-28,-0.0311578280598245,1.0,0.0,evt_china:-|gold_spy_mom:+|oil_r5:-,0.5134314295937698
2026-09-21,XLF,stock,55.97999954223633,0.4789480252230204,down,5,1,2026-09-28,-0.0324981116741614,1.0,0.0,evt_china:-|gold_spy_mom:+|oil_r5:-,0.5061069705720208
2026-09-21,MCHI,stock,53.970001220703125,0.4762500739654686,down,5,1,2026-09-28,-0.0268535575659969,1.0,1.0,evt_china:-|gold_spy_mom:+|oil_r5:-,0.4627450543214333
2026-09-21,HUBB,stock,455.8500061035156,0.475661585446336,down,5,1,2026-09-28,0.0214207763697059,0.0,0.0,evt_china:-|gold_spy_mom:+|r63:+,0.4979019543648066
2026-09-21,XLI,stock,170.41000366210938,0.4743618825147044,down,5,1,2026-09-28,-0.0096112351119821,1.0,0.0,evt_china:-|gold_spy_mom:+|oil_r5:-,0.5244790428936534
2026-09-21,LIT,stock,70.83999633789062,0.4715267906859445,down,5,1,2026-09-28,-0.0368068811707911,1.0,1.0,evt_china:-|gold_spy_mom:+|oil_r5:-,0.520506176747714
2026-09-21,INDA,stock,48.5099983215332,0.4708935777722423,down,5,1,2026-09-28,-0.0297092601608867,1.0,1.0,evt_china:-|gold_spy_mom:+|oil_r5:-,0.4795019287496413
2026-09-21,EWQ,stock,44.20000076293945,0.4689076118276262,down,5,1,2026-09-28,-0.0095477421326755,1.0,1.0,evt_china:-|gold_spy_mom:+|oil_r5:-,0.495663894915944
2026-09-21,EWJ,stock,98.05999755859376,0.4664578797092027,down,5,1,2026-09-28,-0.0126226287925882,1.0,0.0,evt_china:-|oil_r5:-|gold_spy_mom:+,0.488237350507301
2026-09-21,EWU,stock,47.7400016784668,0.4655383306066795,down,5,1,2026-09-28,-0.0098938015800176,1.0,1.0,evt_china:-|gold_spy_mom:+|oil_r5:-,0.4933966992571673
2026-09-21,XLK,stock,194.66900634765625,0.4648637467420479,down,5,1,2026-09-28,-0.000714326462499,1.0,0.0,evt_china:-|oil_r5:-|corr_spy63:-,0.4905941674736842
2026-09-21,EWG,stock,42.6150016784668,0.4624660538224651,down,5,1,2026-09-28,-0.0114462420172538,1.0,0.0,evt_china:-|gold_spy_mom:+|oil_r5:-,0.4755364342306931
2026-09-21,GLD,stock,398.5700073242188,0.4612036127797101,down,5,1,2026-09-28,-0.0532270781777772,1.0,0.0,evt_china:-|gold_spy_mom:+|oil_r5:-,0.4474150191670438
2026-09-21,JEPI,stock,56.709999084472656,0.4590900721274069,down,5,1,2026-09-28,-0.0035329619422854,1.0,0.0,evt_china:-|gold_spy_mom:+|oil_r5:-,0.4758779801827488
2026-09-21,GRID,stock,181.214599609375,0.4535468241082723,down,5,1,2026-09-28,-0.0205423603161462,1.0,1.0,evt_china:-|gold_spy_mom:+|oil_r5:-,0.4752194174780576
2026-09-21,COPX,stock,87.3550033569336,0.4488802712285641,down,5,1,2026-09-28,-0.0242748779624974,1.0,0.0,evt_china:-|gold_spy_mom:+|oil_r5:-,0.5001018959636644
2026-09-21,SLV,stock,59.665000915527344,0.4403081323841849,down,5,1,2026-09-28,-0.0823219044322025,1.0,1.0,evt_china:-|hi52_dist:-|gold_spy_mom:+,0.4662104501495588
2026-09-21,VRT,stock,252.6300048828125,0.436979936437754,down,5,1,2026-09-28,-0.0345938682656184,1.0,0.0,evt_china:-|oil_r5:-|hi52_dist:-,0.5160507347947624
2026-09-21,URA,stock,43.060001373291016,0.42915302696367,down,5,1,2026-09-28,-0.0704703129335129,1.0,0.0,evt_china:-|gold_spy_mom:+|oil_r5:-,0.4530481739007742
2026-09-21,BNB,crypto,800.56,0.5176054606747356,up,5,0,,,,0.0,evt_china:-|gold_spy_mom:+|rsi14:+,0.5780786143605879
2026-09-22,USDTRY,fx,48.81460189819336,0.8301592877874642,up,5,1,2026-09-29,0.0037908107833958,1.0,1.0,vol21:+|rsi14:+|hi52_dist:+,0.6442089562660439
2026-09-18,USDCHF,fx,0.8242,0.5568292624019341,up,5,1,2026-09-25,0.0048414522067498,1.0,0.0,corr_spy63:-|hi52_dist:+|evt_china:+,0.5369869783160938
2026-09-22,ETH,crypto,2737.96,0.5507482478927694,up,5,1,2026-09-27,-0.0108476785200408,0.0,0.0,evt_china:-|kurt63:+|gold_spy_mom:+,0.578764116025988
2026-09-22,BIMAS,stock,433.75,0.5379654493392876,up,5,1,2026-09-29,-0.0133451356792721,0.0,0.0,evt_china:-|gold_spy_mom:+|volu_trend:+,0.5203211548820943
2026-09-18,EURUSD,fx,0.8723,0.5341085434732149,up,5,1,2026-09-25,0.0056016151045603,1.0,0.0,corr_spy63:-|vol21:+|hi52_dist:+,0.4924867110441772
2026-09-18,GBPUSD,fx,0.7478,0.5242044513748724,up,5,1,2026-09-25,0.0091847567478095,1.0,0.0,corr_spy63:-|vol21:+|evt_china:+,0.4639429673288069
2026-09-22,BTC,crypto,85848.98,0.5233652972738866,up,5,1,2026-09-27,-0.0141443407913709,0.0,0.0,evt_china:-|gold_spy_mom:+|volu_trend:+,0.565439165526334
2026-09-22,FTSE,stock,10720.48046875,0.5188408231026462,up,5,1,2026-09-29,-0.0007456021711444,0.0,0.0,evt_china:-|gold_spy_mom:+|oil_r5:-,0.4849510615916515
2026-09-22,XU100,stock,13251.349609375,0.5164645387849369,up,5,1,2026-09-29,-0.0619579678408442,0.0,0.0,evt_china:-|gold_spy_mom:+|oil_r5:-,0.543350552641033
2026-09-22,KCHOL,stock,220.6000061035156,0.5148936520130128,up,5,1,2026-09-29,-0.0187605870446522,0.0,0.0,evt_china:-|gold_spy_mom:+|month:-,0.5333801964328508
2026-09-22,SOL,crypto,116.86,0.5133342858154295,up,5,1,2026-09-27,0.0570443106905779,1.0,0.0,evt_china:-|gold_spy_mom:+|volu_trend:+,0.5562281108591508
2026-09-18,USDJPY,fx,156.87,0.5109308687695214,up,5,1,2026-09-25,0.0019742085698798,1.0,0.0,corr_spy63:-|evt_china:+|kurt63:+,0.4957009979180302
2026-09-22,EREGL,stock,37.41999816894531,0.4979014510490855,down,5,1,2026-09-29,0.0016021732432482,0.0,0.0,evt_china:-|gold_spy_mom:+|month:-,0.4909133355787504
2026-09-22,TUPRS,stock,414.75,0.4963233987478379,down,5,1,2026-09-29,-0.0500567887846249,1.0,0.0,evt_china:-|gold_spy_mom:+|hi52_dist:+,0.5613441658832429
2026-09-22,XRP,crypto,1.5316,0.49619677024875,down,5,1,2026-09-27,-0.0024841484958801,1.0,0.0,evt_china:-|gold_spy_mom:+|vol21:-,0.5256833850109187
2026-09-22,DAX,stock,25453.9296875,0.4938380283850263,down,5,1,2026-09-29,0.0009730990442041,0.0,0.0,evt_china:-|gold_spy_mom:+|volu_trend:+,0.4972837848764827
2026-09-22,AKBNK,stock,72.05000305175781,0.4933312618959873,down,5,1,2026-09-29,-0.0203302419154609,1.0,1.0,evt_china:-|gold_spy_mom:+|month:-,0.504709333453567
2026-09-18,AUDUSD,fx,1.4063,0.4871512632842515,down,5,1,2026-09-25,0.0110318635261265,0.0,0.0,corr_spy63:-|evt_china:+|btc_r21:+,0.4929374313742862
2026-09-22,HSI,stock,25087.75,0.4836545387819929,down,5,1,2026-09-29,-0.0227449705497104,1.0,0.0,evt_china:-|gold_spy_mom:+|oil_r5:-,0.460812910980128
2026-09-22,GARAN,stock,133.1999969482422,0.4831558694371602,down,5,1,2026-09-29,-0.0273989041819925,1.0,0.0,evt_china:-|gold_spy_mom:+|month:-,0.4856795057259079
2026-09-22,XAUUSD,commodity,4339.39990234375,0.4683678193665045,down,5,1,2026-09-29,-0.0353455973113182,1.0,0.0,evt_china:-|gold_spy_mom:+|oil_r5:-,0.4423922458417417
2026-09-22,SISE,stock,40.36000061035156,0.46488740237622,down,5,1,2026-09-29,-0.0487406622315745,1.0,0.0,evt_china:-|gold_spy_mom:+|oil_r5:-,0.4904333899081437
2026-09-22,THYAO,stock,292.75,0.4644276535864423,down,5,1,2026-09-29,0.0008536065392406,0.0,0.0,evt_china:-|gold_spy_mom:+|month:-,0.481949094057194
2026-09-22,ASELS,stock,378.5,0.458062223415935,down,5,1,2026-09-29,-0.0747178522295479,1.0,0.0,evt_china:-|gold_spy_mom:+|dd20:-,0.485561172939954
2026-09-18,USDCNY,fx,6.6975,0.4263181527941658,down,5,1,2026-09-25,0.0020136487394755,0.0,0.0,vol21:-|corr_spy63:-|evt_china:+,0.4189374555791509
2026-09-22,O,stock,56.595001220703125,0.5550664593209661,up,5,1,2026-09-29,-0.0255919528450491,0.0,0.0,evt_china:-|gold_spy_mom:+|oil_r5:-,0.5232948746346657
2026-09-22,MSFT,stock,497.4200134277344,0.5520580456423886,up,5,1,2026-09-29,0.0266705816741965,1.0,0.0,evt_china:-|kurt63:+|oil_r5:-,0.5553526566780098
2026-09-22,XLE,stock,62.505001068115234,0.5331565308460249,up,5,1,2026-09-29,-0.0196298581957327,0.0,0.0,evt_china:-|gold_spy_mom:+|eur_r5:+,0.5037382734393385
2026-09-22,SPY,stock,773.489990234375,0.532477858248021,up,5,1,2026-09-29,-0.0113768350489488,0.0,0.0,evt_china:-|corr_spy63:+|oil_r5:-,0.5753140088492057
2026-09-22,XLF,stock,54.935001373291016,0.5319485270356088,up,5,1,2026-09-29,-0.016703762514425,0.0,0.0,evt_china:-|gold_spy_mom:+|oil_r5:-,0.5460711142171898
2026-09-22,META,stock,740.5999755859375,0.5290071639864259,up,5,1,2026-09-29,-0.0086042491389663,0.0,0.0,evt_china:-|rsi14:+|volu_trend:+,0.4763614384420758
2026-09-22,AAPL,stock,341.44000244140625,0.5282109067558857,up,5,1,2026-09-29,-0.0303589439762804,0.0,0.0,evt_china:-|hi52_dist:+|corr_spy63:+,0.5257650881514455
2026-09-22,XLU,stock,40.64500045776367,0.5211592457971442,up,5,1,2026-09-29,-0.0254156062635751,0.0,0.0,evt_china:-|gold_spy_mom:+|oil_r5:-,0.5057302597862829
2026-09-22,AMZN,stock,254.47999572753903,0.5211072887597709,up,5,1,2026-09-29,-0.0240208531338559,0.0,0.0,evt_china:-|kurt63:+|gold_spy_mom:+,0.5495243481147125
2026-09-22,QQQ,stock,745.4099731445312,0.5161553642750508,up,5,1,2026-09-29,-0.0090154474434567,0.0,0.0,evt_china:-|oil_r5:-|volu_trend:+,0.5254786666969933
2026-09-22,ETN,stock,439.9299926757813,0.514101018371988,up,5,1,2026-09-29,-0.0136517294499165,0.0,0.0,evt_china:-|volu_trend:+|oil_r5:-,0.4997021403610959
2026-09-22,XLV,stock,170.10499572753906,0.5121195970529577,up,5,1,2026-09-29,0.000852076702586,1.0,0.0,evt_china:-|gold_spy_mom:+|oil_r5:-,0.5051062034187592
2026-09-22,XLRE,stock,42.52000045776367,0.5082632159043595,up,5,1,2026-09-29,-0.0312936411050102,0.0,0.0,evt_china:-|gold_spy_mom:+|oil_r5:-,0.5187398258035222
2026-09-22,XLC,stock,113.7300033569336,0.5055622107126286,up,5,1,2026-09-29,-0.0218675977126982,0.0,0.0,evt_china:-|volu_trend:+|gold_spy_mom:+,0.4946897046277163
2026-09-22,AVGO,stock,363.9299926757813,0.5028187681954105,up,5,1,2026-09-29,-0.0210621551996746,0.0,0.0,evt_china:-|oil_r5:-|round_dist:+,0.4882096090406444
2026-09-22,GEV,stock,952.5499877929688,0.5019402287558625,up,5,1,2026-09-29,0.0103291428468772,1.0,0.0,evt_china:-|oil_r5:-|volu_trend:+,0.5105490274002485
2026-09-22,XLP,stock,82.7750015258789,0.4957709528125585,down,5,1,2026-09-29,-0.0125214224406008,1.0,0.0,evt_china:-|gold_spy_mom:+|oil_r5:-,0.4957138779184702
2026-09-22,DBA,stock,28.61000061035156,0.4950103056572303,down,5,1,2026-09-29,-0.012662870803073,1.0,0.0,evt_china:-|gold_spy_mom:+|oil_r5:-,0.4796501207295743
2026-09-22,NVDA,stock,228.88009643554688,0.4940994260399344,down,5,1,2026-09-29,-0.002318703718697,1.0,0.0,evt_china:-|oil_r5:-|month:-,0.5005026461058211
2026-09-22,SCHD,stock,33.78499984741211,0.4932418240289565,down,5,1,2026-09-29,-0.0297409035753509,1.0,0.0,evt_china:-|gold_spy_mom:+|oil_r5:-,0.4926897626038623
2026-09-22,PWR,stock,644.0549926757812,0.4931374253417558,down,5,1,2026-09-29,0.0138542346840449,0.0,0.0,evt_china:-|kurt63:+|oil_r5:-,0.4831329929483704
2026-09-22,EWZ,stock,37.94990158081055,0.4915942201728771,down,5,1,2026-09-29,-0.042110354778936,1.0,0.0,evt_china:-|gold_spy_mom:+|oil_r5:-,0.4779553605969001
2026-09-22,EWQ,stock,44.150001525878906,0.49102767745736,down,5,1,2026-09-29,-0.0222155294570246,1.0,1.0,evt_china:-|gold_spy_mom:+|oil_r5:-,0.4797564800574236
2026-09-22,GOOGL,stock,351.9800109863281,0.4881451520081271,down,5,1,2026-09-29,-0.032498131388685,1.0,0.0,evt_china:-|oil_r5:-|month:-,0.4852181608382315
2026-09-22,TSLA,stock,377.9200134277344,0.4873309538156107,down,5,1,2026-09-29,-0.0644539241438846,1.0,0.0,evt_china:-|trendiness:+|oil_r5:-,0.4871813699933139
2026-09-22,XLI,stock,169.8000030517578,0.4860838110090129,down,5,1,2026-09-29,-0.0043676247901899,1.0,0.0,evt_china:-|gold_spy_mom:+|oil_r5:-,0.5161678694828638
2026-09-22,XLK,stock,195.6699981689453,0.4737045226216433,down,5,1,2026-09-29,-0.0045588471661694,1.0,0.0,evt_china:-|oil_r5:-|month:-,0.4994530613215474
2026-09-22,XLB,stock,50.375,0.4736289619008097,down,5,1,2026-09-29,-0.0272666328285763,1.0,1.0,evt_china:-|gold_spy_mom:+|oil_r5:-,0.4713451306504345
2026-09-22,JEPI,stock,56.74399948120117,0.472873057828035,down,5,1,2026-09-29,-0.0044243317920489,1.0,0.0,evt_china:-|oil_r5:-|gold_spy_mom:+,0.465713415204286
2026-09-22,HUBB,stock,456.6799926757813,0.470984022298717,down,5,1,2026-09-29,0.0066564737621758,0.0,0.0,evt_china:-|oil_r5:-|month:-,0.4759696264085987
2026-09-22,INDA,stock,48.25,0.470318228104144,down,5,1,2026-09-29,-0.0277386914758819,1.0,1.0,evt_china:-|gold_spy_mom:+|oil_r5:-,0.4534769139455759
2026-09-22,XLY,stock,112.3949966430664,0.4702681154195425,down,5,1,2026-09-29,-0.0268714221432985,1.0,0.0,evt_china:-|gold_spy_mom:+|oil_r5:-,0.4807577716230307
2026-09-22,EWG,stock,42.470001220703125,0.4700391805721418,down,5,1,2026-09-29,-0.0148256284110391,1.0,0.0,evt_china:-|gold_spy_mom:+|oil_r5:-,0.4850968931080185
2026-09-22,EWY,stock,190.9600067138672,0.4693447024357958,down,5,1,2026-09-29,-0.0214726193434545,1.0,0.0,evt_china:-|oil_r5:-|month:-,0.5040495999727868
2026-09-22,EWJ,stock,98.52989959716795,0.4646806900093518,down,5,1,2026-09-29,-0.020661620970195,1.0,0.0,evt_china:-|oil_r5:-|hi52_dist:+,0.4837598480468196
2026-09-22,COPX,stock,89.15499877929688,0.4646689170337919,down,5,1,2026-09-29,-0.0437319278471991,1.0,0.0,evt_china:-|gold_spy_mom:+|oil_r5:-,0.4509508957609058
2026-09-22,EWU,stock,47.625,0.4641158397387919,down,5,1,2026-09-29,-0.0181158519215211,1.0,1.0,evt_china:-|gold_spy_mom:+|oil_r5:-,0.4903124306528251
2026-09-22,MCHI,stock,54.14500045776367,0.4640769313610333,down,5,1,2026-09-29,-0.0397490753773321,1.0,1.0,evt_china:-|oil_r5:-|gold_spy_mom:+,0.4545965225035748
2026-09-22,LIT,stock,71.01000213623047,0.4506487458387392,down,5,1,2026-09-29,-0.0351115035977701,1.0,1.0,evt_china:-|oil_r5:-|gold_spy_mom:+,0.4681612719361772
2026-09-22,GRID,stock,182.1013946533203,0.4495957059231213,down,5,1,2026-09-29,-0.0217413227183891,1.0,1.0,evt_china:-|oil_r5:-|month:-,0.4750455944996484
2026-09-22,GLD,stock,397.8299865722656,0.4467668360719835,down,5,1,2026-09-29,-0.0397929531628837,1.0,0.0,evt_china:-|oil_r5:-|gold_spy_mom:+,0.4114273995090699
2026-09-22,VRT,stock,253.7100067138672,0.4416624208015906,down,5,1,2026-09-29,-0.0196430599580565,1.0,0.0,evt_china:-|oil_r5:-|hi52_dist:-,0.5340246609822671
2026-09-22,SLV,stock,59.72999954223633,0.4305037329369263,down,5,1,2026-09-29,-0.0757964875359614,1.0,1.0,evt_china:-|hi52_dist:-|oil_r5:-,0.443332121661354
2026-09-22,URA,stock,43.45500183105469,0.4282784462305736,down,5,1,2026-09-29,-0.0820968195164488,1.0,0.0,evt_china:-|oil_r5:-|gold_spy_mom:+,0.4323505035454564
2026-09-23,USDTRY,fx,48.83100128173828,0.8489870349605312,up,5,1,2026-09-30,0.0037079762478777,1.0,1.0,rsi14:+|vol21:+|hi52_dist:+,0.6357864080048468
2026-09-23,ETH,crypto,2745.95,0.5783065233230716,up,5,1,2026-09-28,-0.0399923285307538,0.0,0.0,gold_spy_mom:+|kurt63:+|range_pos60:+,0.5872411012422901
2026-09-23,KCHOL,stock,221.8000030517578,0.5684233096021818,up,5,1,2026-09-30,-0.0311380605476561,0.0,0.0,gold_spy_mom:+|evt_fed:+|month:-,0.5259510367754548
2026-09-23,BIMAS,stock,432.75,0.566441182407811,up,5,1,2026-09-30,-0.0180710251319018,0.0,0.0,gold_spy_mom:+|evt_china:-|evt_fed:+,0.505195903702199
2026-09-23,XU100,stock,13271.8701171875,0.557100420734507,up,5,1,2026-09-30,-0.0829730278412391,0.0,0.0,gold_spy_mom:+|evt_china:-|evt_fed:+,0.5407630470486069
2026-09-23,FTSE,stock,10744.5703125,0.5551819231617372,up,5,1,2026-09-30,-0.006639342067612,0.0,0.0,gold_spy_mom:+|evt_china:-|evt_fed:+,0.4803213693509437
2026-09-23,XRP,crypto,1.6107,0.5480528025628439,up,5,1,2026-09-28,-0.0871299095565913,0.0,0.0,gold_spy_mom:+|vol21:-|evt_fed:+,0.5136481875518278
2026-09-23,TUPRS,stock,406.5,0.5467568124496958,up,5,1,2026-09-30,-0.05629054656916,0.0,0.0,gold_spy_mom:+|evt_china:-|evt_fed:+,0.5098523697311871
2026-09-23,BTC,crypto,86180.93,0.5452466889995796,up,5,1,2026-09-28,-0.0426361146476388,0.0,0.0,gold_spy_mom:+|evt_china:-|evt_fed:+,0.5264565577748693
2026-09-23,SOL,crypto,118.06,0.5432974561586549,up,5,1,2026-09-28,-0.0042441282618267,0.0,0.0,gold_spy_mom:+|vol21:-|evt_china:-,0.5600184554676273
2026-09-23,ASELS,stock,380.5,0.5355904390527263,up,5,1,2026-09-30,-0.0936033586717825,0.0,0.0,gold_spy_mom:+|evt_china:-|evt_fed:+,0.4917678426667106
2026-09-23,AKBNK,stock,73.25,0.5339931121992681,up,5,1,2026-09-30,-0.0626744586009347,0.0,1.0,gold_spy_mom:+|evt_china:-|month:-,0.5037306205584109
2026-09-23,DAX,stock,25555.169921875,0.5329929692418874,up,5,1,2026-09-30,-0.0060373346192535,0.0,0.0,gold_spy_mom:+|evt_china:-|month:-,0.4905697959061953
2026-09-23,SISE,stock,40.81999969482422,0.5278621561435067,up,5,1,2026-09-30,-0.0752769880031108,0.0,0.0,gold_spy_mom:+|evt_china:-|r5:+,0.4855371327940594
2026-09-23,EREGL,stock,38.29999923706055,0.5270917288139827,up,5,1,2026-09-30,-0.0388656607374958,0.0,0.0,gold_spy_mom:+|evt_china:-|month:-,0.4705139390519185
2026-09-23,GARAN,stock,134.10000610351562,0.5266439206094997,up,5,1,2026-09-30,-0.0473371152872433,0.0,0.0,gold_spy_mom:+|evt_fed:+|evt_china:-,0.4994886363242012
2026-09-23,THYAO,stock,299.75,0.5243705355765215,up,5,1,2026-09-30,-0.0304850025088498,0.0,0.0,gold_spy_mom:+|evt_china:-|evt_fed:+,0.484045658453748
2026-09-23,XAUUSD,commodity,4356.7998046875,0.5182502859868207,up,5,1,2026-09-30,-0.0315947068961579,0.0,0.0,gold_spy_mom:+|evt_china:-|is_commodity:+,0.4497736357927439
2026-09-23,HSI,stock,24834.119140625,0.5118813008191294,up,5,1,2026-09-30,-0.0089327701159341,0.0,0.0,gold_spy_mom:+|evt_china:-|evt_fed:+,0.4708747454147703
2026-09-23,O,stock,55.63999938964844,0.5678838124248381,up,5,1,2026-09-30,-0.0214358856509796,0.0,0.0,sma20_gap:+|gold_spy_mom:+|evt_china:-,0.5459182735390079
2026-09-23,SPY,stock,768.9949951171875,0.5617910871014061,up,5,1,2026-09-30,-0.0036673416630623,0.0,0.0,corr_spy63:+|evt_china:-|oil_r5:-,0.5705330862081639
2026-09-23,XLU,stock,39.959999084472656,0.5596996976434351,up,5,1,2026-09-30,-0.0106925792059321,0.0,0.0,gold_spy_mom:+|evt_china:-|r5:+,0.5279941301560511
2026-09-23,AAPL,stock,337.5799865722656,0.558050389911155,up,5,1,2026-09-30,-0.0046913195211255,0.0,0.0,evt_china:-|hi52_dist:+|evt_fed:+,0.5263848456492838
2026-09-23,XLRE,stock,42.10499954223633,0.5459976531902757,up,5,1,2026-09-30,-0.0262286490364662,0.0,0.0,evt_china:-|gold_spy_mom:+|rsi14:+,0.5369186343996057
2026-09-23,SCHD,stock,33.43009948730469,0.5450516775830319,up,5,1,2026-09-30,-0.0236210040501701,0.0,0.0,evt_china:-|r5:+|rsi14:+,0.5629489395623404
2026-09-23,XLE,stock,62.43999862670898,0.5409208416390412,up,5,1,2026-09-30,-0.0074750203530847,0.0,0.0,evt_china:-|gold_spy_mom:+|month:-,0.5607325693237866
2026-09-23,MSFT,stock,499.8699951171875,0.5382437437670791,up,5,1,2026-09-30,0.0344874902195981,1.0,0.0,kurt63:+|evt_china:-|range_pos60:+,0.5776389267461347
2026-09-23,XLV,stock,168.5399932861328,0.5316269921779989,up,5,1,2026-09-30,0.0047354360795982,1.0,0.0,evt_china:-|gold_spy_mom:+|round_dist:+,0.5281171403163174
2026-09-23,XLF,stock,54.79499816894531,0.5275111928707654,up,5,1,2026-09-30,-0.023636938467803,0.0,0.0,evt_china:-|gold_spy_mom:+|month:-,0.5564262562208014
2026-09-23,QQQ,stock,741.2849731445312,0.520299356672883,up,5,1,2026-09-30,0.0016781828496128,1.0,0.0,evt_china:-|oil_r5:-|month:-,0.509305880114302
2026-09-23,EWQ,stock,43.65999984741211,0.5163418103944823,up,5,1,2026-09-30,-0.0219992842094114,0.0,1.0,evt_china:-|gold_spy_mom:+|month:-,0.4940205439784669
2026-09-23,XLC,stock,113.19000244140624,0.5142747290436891,up,5,1,2026-09-30,-0.0141915871985881,0.0,0.0,evt_china:-|month:-|round_dist:+,0.4798151503784401
2026-09-23,META,stock,752.635009765625,0.5139672411112072,up,5,1,2026-09-30,-0.0272672165341322,0.0,0.0,evt_china:-|rsi14:+|month:-,0.5225899195857092
2026-09-23,EWJ,stock,97.25,0.5133418453051293,up,5,1,2026-09-30,0.0026186480730204,1.0,0.0,evt_china:-|evt_fed:+|month:-,0.4961450591780331
2026-09-23,XLP,stock,82.54499816894531,0.5122929467514977,up,5,1,2026-09-30,-0.0208098207062483,0.0,0.0,evt_china:-|gold_spy_mom:+|oil_r5:-,0.4858042699190742
2026-09-23,ETN,stock,439.1000061035156,0.5095016626258407,up,5,1,2026-09-30,-0.0160030417726774,0.0,0.0,evt_china:-|month:-|evt_fed:+,0.4663736657951564
2026-09-23,DBA,stock,28.575000762939453,0.5089831927174047,up,5,1,2026-09-30,-0.0149848953460405,0.0,0.0,evt_china:-|month:-|evt_fed:+,0.4752702756722888
2026-09-23,EWG,stock,41.88999938964844,0.5086565827788626,up,5,1,2026-09-30,-0.012611967169477,0.0,0.0,evt_china:-|gold_spy_mom:+|oil_r5:-,0.5100103411511093
2026-09-23,EWU,stock,47.185001373291016,0.5074462696224898,up,5,1,2026-09-30,-0.0119391966137141,0.0,1.0,evt_china:-|gold_spy_mom:+|oil_r5:-,0.4923338517385165
2026-09-23,TSLA,stock,379.7250061035156,0.5029345424254376,up,5,1,2026-09-30,-0.0767540485447089,0.0,0.0,evt_china:-|month:-|trendiness:+,0.4597826892354993
2026-09-23,NVDA,stock,225.3300018310547,0.5017240413586627,up,5,1,2026-09-30,0.0228649040664574,1.0,0.0,evt_china:-|month:-|evt_fed:+,0.4724649213363485
2026-09-23,XLI,stock,170.7949981689453,0.5016173357461746,up,5,1,2026-09-30,-0.0181680666197367,0.0,0.0,evt_china:-|oil_r5:-|round_dist:+,0.4971932845465751
2026-09-23,XLK,stock,195.2400054931641,0.500098332701348,up,5,1,2026-09-30,0.0067381166378664,1.0,0.0,evt_china:-|month:-|evt_fed:+,0.5012836195083843
2026-09-23,EWY,stock,186.5225067138672,0.4970651702389859,down,5,1,2026-09-30,-0.024820003947956,1.0,0.0,evt_china:-|oil_r5:-|month:-,0.4917582821966119
2026-09-23,HUBB,stock,469.2200012207031,0.496318270694364,down,5,1,2026-09-30,-0.0253932543493927,1.0,0.0,evt_china:-|month:-|oil_r5:-,0.4490178558010613
2026-09-23,PWR,stock,636.47998046875,0.4962284476424066,down,5,1,2026-09-30,0.0145368744427356,0.0,0.0,evt_china:-|kurt63:+|oil_r5:-,0.4495092215377612
2026-09-23,EWZ,stock,37.60499954223633,0.4961814951075671,down,5,1,2026-09-30,-0.0080096340013819,1.0,0.0,evt_china:-|month:-|evt_fed:+,0.4891135579835444
2026-09-23,XLY,stock,110.92009735107422,0.4960811238655148,down,5,1,2026-09-30,-0.0187015355349171,1.0,0.0,evt_china:-|oil_r5:-|round_dist:+,0.4793552222315766
2026-09-23,GEV,stock,943.489990234375,0.4886771883701248,down,5,1,2026-09-30,0.0112927954021525,0.0,0.0,evt_china:-|month:-|news_sent3:-,0.5042350632201755
2026-09-23,LIT,stock,69.69000244140625,0.4884701309329599,down,5,1,2026-09-30,-0.0183917176953243,1.0,1.0,evt_china:-|oil_r5:-|gold_spy_mom:+,0.4899704150046925
2026-09-23,AMZN,stock,249.2400054931641,0.4836390009796049,down,5,1,2026-09-30,0.0023443508165928,0.0,0.0,evt_china:-|range_pos60:-|oil_r5:-,0.5323500737556749
2026-09-23,GRID,stock,180.08999633789062,0.4823274851951912,down,5,1,2026-09-30,-0.0147678437023175,1.0,1.0,evt_china:-|month:-|oil_r5:-,0.4853189262299626
2026-09-23,GOOGL,stock,339.2900085449219,0.4795141367953691,down,5,1,2026-09-30,0.0271846891149369,0.0,0.0,evt_china:-|month:-|oil_r5:-,0.4560219249907088
2026-09-23,COPX,stock,86.93000030517578,0.4767482935615858,down,5,1,2026-09-30,-0.0215700160859782,1.0,0.0,evt_china:-|oil_r5:-|month:-,0.4734612052096972
2026-09-23,XLB,stock,50.500099182128906,0.4752722552558753,down,5,1,2026-09-30,-0.0300529447647491,1.0,1.0,evt_china:-|oil_r5:-|month:-,0.4747973690116438
2026-09-23,JEPI,stock,56.64059829711914,0.4733916705329353,down,5,1,2026-09-30,-0.0044341854896912,1.0,0.0,evt_china:-|oil_r5:-|month:-,0.465631742188709
2026-09-23,INDA,stock,48.1150016784668,0.4725211346310887,down,5,1,2026-09-30,-0.0308139371713246,1.0,1.0,evt_china:-|oil_r5:-|month:-,0.4568517678695893
2026-09-23,MCHI,stock,53.22999954223633,0.4722159213967915,down,5,1,2026-09-30,-0.0197312592429114,1.0,1.0,evt_china:-|oil_r5:-|month:-,0.4588830056766723
2026-09-23,AVGO,stock,355.4800109863281,0.4696854979900985,down,5,1,2026-09-30,-0.0056420820456058,1.0,0.0,evt_china:-|oil_r5:-|month:-,0.4496040918878815
2026-09-23,URA,stock,42.26499938964844,0.4675380313819892,down,5,1,2026-09-30,-0.0553298411089379,1.0,0.0,evt_china:-|hi52_dist:-|oil_r5:-,0.5151653212319062
2026-09-23,GLD,stock,393.5299987792969,0.4554968694990525,down,5,1,2026-09-30,-0.033263850845972,1.0,0.0,evt_china:-|oil_r5:-|month:-,0.4416692428502064
2026-09-23,VRT,stock,250.56500244140625,0.4528087652450264,down,5,1,2026-09-30,-0.0316038669812496,1.0,0.0,evt_china:-|hi52_dist:-|oil_r5:-,0.4834033775795765
2026-09-23,SLV,stock,58.38999938964844,0.4272906350342031,down,5,1,2026-09-30,-0.0714240365186857,1.0,1.0,evt_china:-|hi52_dist:-|oil_r5:-,0.419188947827682
2026-09-24,USDTRY,fx,48.85169982910156,0.8270767245571009,up,5,1,2026-10-01,0.00357585382491,1.0,1.0,rsi14:+|vol21:+|hi52_dist:+,0.6403340032520622
2026-09-22,NATGAS,commodity,2.9,0.5735784738857617,up,5,1,2026-09-29,0.0921704597996573,1.0,0.0,oil_r5:+|hi52_dist:+|evt_china:-,0.6052415096551749
2026-09-24,XU100,stock,13111.73046875,0.568825097820576,up,5,1,2026-10-01,-0.0808407819956664,0.0,0.0,evt_china:-|oil_r5:+|evt_fed:+,0.5365374855226933
2026-09-24,ETH,crypto,2674.23,0.551693340260061,up,5,1,2026-09-29,0.0042352310867661,1.0,0.0,evt_china:-|kurt63:+|oil_r5:+,0.5562303419892013
2026-09-24,TUPRS,stock,412.75,0.549788175492456,up,5,1,2026-10-01,-0.0912602452936325,0.0,0.0,oil_r5:+|evt_china:-|evt_fed:+,0.5411074888303847
2026-09-24,DAX,stock,25210.76953125,0.5414577074388341,up,5,1,2026-10-01,-0.00681348952694,0.0,0.0,evt_china:-|oil_r5:+|evt_fed:+,0.4934058682814217
2026-09-24,KCHOL,stock,220.5,0.5387110954361902,up,5,1,2026-10-01,-0.0602845141948032,0.0,0.0,oil_r5:+|evt_china:-|evt_fed:+,0.5211757922984533
2026-09-24,XAUUSD,commodity,4302.7998046875,0.5368789668141483,up,5,1,2026-10-01,-0.0282372357236968,0.0,0.0,oil_r5:+|evt_china:-|evt_fed:+,0.4509319615183338
2026-09-24,FTSE,stock,10684.7900390625,0.534504832159036,up,5,1,2026-10-01,-0.0231603801499973,0.0,0.0,evt_china:-|oil_r5:+|evt_fed:+,0.4782090214312814
2026-09-24,BIMAS,stock,429.5,0.5243711375273753,up,5,1,2026-10-01,-0.0337409929309058,0.0,0.0,evt_china:-|oil_r5:+|evt_fed:+,0.4866176756178276
2026-09-24,GARAN,stock,131.89999389648438,0.5185735872409177,up,5,1,2026-10-01,-0.0625692124989536,0.0,0.0,oil_r5:+|evt_china:-|evt_fed:+,0.481511103437948
2026-09-24,ASELS,stock,376.5,0.5177587369461601,up,5,1,2026-10-01,-0.037204155475651,0.0,0.0,oil_r5:+|evt_china:-|evt_fed:+,0.5029714099935074
2026-09-24,AKBNK,stock,72.0999984741211,0.5139146146223779,up,5,1,2026-10-01,-0.0808520754657256,0.0,1.0,oil_r5:+|evt_china:-|evt_fed:+,0.5036584318863901
2026-09-24,BTC,crypto,83887.47,0.5099626740060158,up,5,1,2026-09-29,-0.005538901546856,0.0,0.0,oil_r5:+|evt_china:-|evt_iran:+,0.509680359702169
2026-09-24,THYAO,stock,296.75,0.5093719448920674,up,5,1,2026-10-01,-0.0386480043937125,0.0,0.0,oil_r5:+|evt_china:-|evt_fed:+,0.4893043580389584
2026-09-24,N225,stock,65513.98828125,0.5075646604184181,up,5,1,2026-10-01,0.05121536190584,1.0,0.0,evt_china:+|gold_spy_mom:-|corr_spy63:-,0.5044962640809241
2026-09-24,SOL,crypto,114.42,0.5062592774620251,up,5,1,2026-09-29,0.0363020940413898,1.0,0.0,evt_china:-|oil_r5:+|gold_spy_mom:-,0.5287033618167766
2026-09-24,HSI,stock,24761.130859375,0.5044441712863944,up,5,1,2026-10-02,-0.0323765787454986,0.0,0.0,evt_china:-|oil_r5:+|evt_fed:+,0.4472590932233065
2026-09-24,EREGL,stock,38.459999084472656,0.4964494294226836,down,5,1,2026-10-01,-0.0578009961027811,1.0,0.0,evt_china:-|oil_r5:+|evt_fed:+,0.4897869322854092
2026-09-24,SISE,stock,40.13999938964844,0.4923229041859456,down,5,1,2026-10-01,-0.0803748936673831,1.0,0.0,oil_r5:+|evt_china:-|evt_fed:+,0.4659973441958651
2026-09-24,XRP,crypto,1.4918,0.4917670451234215,down,5,1,2026-09-29,0.0043476875280354,0.0,0.0,evt_china:-|oil_r5:+|gold_spy_mom:-,0.493705511669456
2026-09-22,WTI,commodity,96.41,0.4825593199877958,down,5,1,2026-09-29,-0.0025964598893915,1.0,0.0,corr_spy63:-|btc_r21:+|evt_fed:+,0.4989913161736634
2026-09-22,BRENT,commodity,114.89,0.4612556643859944,down,5,1,2026-09-29,-0.0081276392355659,1.0,0.0,corr_spy63:-|vol21:-|oil_r5:+,0.4794942428789868
2026-09-24,SPY,stock,767.0,0.6068416602073324,up,5,1,2026-10-01,-0.0034739700286003,0.0,0.0,evt_china:-|oil_r5:+|corr_spy63:+,0.5708558371833059
2026-09-24,QQQ,stock,739.6199951171875,0.5942791139036704,up,5,1,2026-10-01,0.004197423537534,1.0,0.0,oil_r5:+|evt_china:-|corr_spy63:+,0.5220139231329427
2026-09-24,MSFT,stock,496.2999877929688,0.5927486342856366,up,5,1,2026-10-01,0.0383446667303909,1.0,0.0,evt_china:-|oil_r5:+|kurt63:+,0.5064400533142657
2026-09-24,XLF,stock,54.48500061035156,0.5781705575617497,up,5,1,2026-10-01,-0.0214263866841121,0.0,0.0,oil_r5:+|evt_china:-|volu_trend:+,0.5281125588568185
2026-09-24,META,stock,770.3300170898438,0.5692426624914279,up,5,1,2026-10-01,-0.0586837904607308,0.0,0.0,oil_r5:+|evt_china:-|rsi14:+,0.5056921643894997
2026-09-24,O,stock,55.33000183105469,0.5684751776835205,up,5,1,2026-10-01,-0.0277630768058403,0.0,0.0,evt_china:-|sma20_gap:+|oil_r5:+,0.5738891135825636
2026-09-24,XLU,stock,39.58430099487305,0.5649778635145563,up,5,1,2026-10-01,0.0001414596031603,1.0,0.0,evt_china:-|oil_r5:+|evt_fed:+,0.5681744231535003
2026-09-24,AAPL,stock,337.2699890136719,0.5599629725074478,up,5,1,2026-10-01,-0.0224580021715104,0.0,0.0,evt_china:-|oil_r5:+|evt_iran:+,0.5294073696556156
2026-09-24,SCHD,stock,33.18550109863281,0.5557641890787092,up,5,1,2026-10-01,-0.0148847311902009,0.0,0.0,evt_china:-|oil_r5:+|evt_fed:+,0.5115181333872875
2026-09-24,PWR,stock,644.0,0.5547088699384579,up,5,1,2026-10-01,0.0249686335182378,1.0,0.0,evt_china:-|oil_r5:+|kurt63:+,0.5126473536008527
2026-09-24,NVDA,stock,223.9510040283203,0.550307369632316,up,5,1,2026-10-01,0.0344476481578529,1.0,0.0,evt_china:-|oil_r5:+|evt_fed:+,0.4790723777097789
2026-09-24,XLRE,stock,41.845001220703125,0.5499713473672605,up,5,1,2026-10-01,-0.0278671173769487,0.0,0.0,evt_china:-|oil_r5:+|gold_spy_mom:+,0.5158054332605437
2026-09-24,HUBB,stock,462.8299865722656,0.5457271483833801,up,5,1,2026-10-01,0.0049786800106376,1.0,0.0,evt_china:-|oil_r5:+|evt_iran:+,0.5015983073159674
2026-09-24,AMZN,stock,249.5,0.5404128273523666,up,5,1,2026-10-01,-0.0010025063496255,0.0,0.0,evt_china:-|oil_r5:+|evt_fed:+,0.5223915071378133
2026-09-24,XLV,stock,169.88389587402344,0.5301660180601111,up,5,1,2026-10-01,-0.019489522633259,0.0,0.0,evt_china:-|oil_r5:+|evt_fed:+,0.5076284245739178
2026-09-24,XLE,stock,63.0099983215332,0.5265712691890818,up,5,1,2026-10-01,-0.0078868991321807,0.0,0.0,evt_china:-|oil_r5:+|corr_spy63:-,0.460474145791334
2026-09-24,GOOGL,stock,341.3999938964844,0.5265273550128374,up,5,1,2026-10-01,-0.0085454857130116,0.0,0.0,evt_china:-|oil_r5:+|volu_trend:+,0.4778794012563321
2026-09-24,LIT,stock,68.86000061035156,0.5242340504945234,up,5,1,2026-10-01,-0.0117313464257324,0.0,1.0,evt_china:-|oil_r5:+|evt_fed:+,0.4952992636823281
2026-09-24,AVGO,stock,349.6199951171875,0.5210518571903027,up,5,1,2026-10-01,-0.0068594201936596,0.0,0.0,evt_china:-|oil_r5:+|evt_fed:+,0.4325190356401101
2026-09-24,TSLA,stock,379.8200073242188,0.5208732498006793,up,5,1,2026-10-01,-0.0615693164348984,0.0,0.0,evt_china:-|oil_r5:+|evt_fed:+,0.4607744591885316
2026-09-24,XLC,stock,113.66000366210938,0.5195348121772423,up,5,1,2026-10-01,-0.0322313244818295,0.0,0.0,evt_china:-|oil_r5:+|evt_fed:+,0.4629155930458241
2026-09-24,ETN,stock,435.7550048828125,0.5193690060854069,up,5,1,2026-10-01,0.004944677120393,1.0,0.0,evt_china:-|oil_r5:+|evt_fed:+,0.4914853797252964
2026-09-24,DBA,stock,28.5,0.5158145149392401,up,5,1,2026-10-01,-0.0139566071081906,0.0,0.0,evt_china:-|oil_r5:+|evt_fed:+,0.4698628995130079
2026-09-24,XLB,stock,49.65999984741211,0.5155045969946422,up,5,1,2026-10-01,-0.0225025946758947,0.0,1.0,evt_china:-|oil_r5:+|evt_fed:+,0.5010257568158567
2026-09-24,XLP,stock,82.18499755859375,0.5142787824085342,up,5,1,2026-10-01,-0.0217720366196188,0.0,0.0,evt_china:-|oil_r5:+|evt_fed:+,0.4846210999522177
2026-09-24,MCHI,stock,52.83000183105469,0.5116200829616837,up,5,1,2026-10-01,-0.0130509374837524,0.0,1.0,evt_china:-|oil_r5:+|evt_fed:+,0.4548499662401101
2026-09-24,EWG,stock,41.84999847412109,0.5100795927473839,up,5,1,2026-10-01,-0.0262679053323837,0.0,0.0,evt_china:-|oil_r5:+|evt_fed:+,0.4919742775885301
2026-09-24,EWZ,stock,36.90499877929688,0.5100723199643865,up,5,1,2026-10-01,0.0031113093655466,1.0,0.0,evt_china:-|oil_r5:+|evt_fed:+,0.4892905281040799
2026-09-24,GEV,stock,951.6900024414062,0.5086468077500469,up,5,1,2026-10-01,0.0371041951024917,1.0,0.0,evt_china:-|oil_r5:+|evt_fed:+,0.4873047664624557
2026-09-24,VRT,stock,243.38999938964844,0.5085414280873871,up,5,1,2026-10-01,0.0146220490762549,1.0,0.0,evt_china:-|oil_r5:+|r63:+,0.550015974422784
2026-09-24,GLD,stock,390.9500122070313,0.5078382256090458,up,5,1,2026-10-01,-0.0213544374527306,0.0,0.0,evt_china:-|oil_r5:+|evt_fed:+,0.4201047354937526
2026-09-24,EWQ,stock,43.720001220703125,0.5048334526917635,up,5,1,2026-10-01,-0.0481442214215638,0.0,1.0,evt_china:-|oil_r5:+|evt_fed:+,0.4838394628975291
2026-09-24,EWU,stock,47.165000915527344,0.504114984342668,up,5,1,2026-10-01,-0.0304603197914456,0.0,1.0,evt_china:-|oil_r5:+|evt_fed:+,0.4790778340346694
2026-09-24,XLK,stock,194.2100067138672,0.5030960965616048,up,5,1,2026-10-01,0.0195289141841493,1.0,0.0,evt_china:-|oil_r5:+|evt_fed:+,0.5036437880498519
2026-09-24,EWY,stock,182.5399932861328,0.5015891435429058,up,5,1,2026-10-01,0.0166784111908833,1.0,0.0,evt_china:-|oil_r5:+|evt_fed:+,0.4937654938720577
2026-09-24,JEPI,stock,56.525001525878906,0.4986588185725613,down,5,1,2026-10-01,-0.010305052954131,1.0,0.0,evt_china:-|oil_r5:+|evt_fed:+,0.451207752281107
2026-09-24,XLI,stock,169.11000061035156,0.4978490939185101,down,5,1,2026-10-01,-0.0051578303255868,1.0,0.0,evt_china:-|oil_r5:+|evt_fed:+,0.4883670926796374
2026-09-24,INDA,stock,47.58000183105469,0.4945739228181657,down,5,1,2026-10-01,-0.0252208386867138,1.0,1.0,evt_china:-|oil_r5:+|evt_fed:+,0.4519203568958172
2026-09-24,COPX,stock,85.87999725341797,0.4916467457313538,down,5,1,2026-10-01,-0.0295425015168412,1.0,0.0,evt_china:-|oil_r5:+|evt_fed:+,0.5019741496964274
2026-09-24,SLV,stock,57.46599960327149,0.4885415831654626,down,5,1,2026-10-01,-0.0452248572823033,1.0,1.0,evt_china:-|oil_r5:+|hi52_dist:-,0.3895171984349707
2026-09-24,GRID,stock,177.9949951171875,0.4866451587474759,down,5,1,2026-10-01,0.0023428865884061,0.0,1.0,evt_china:-|oil_r5:+|evt_fed:+,0.4855841609044433
2026-09-24,XLY,stock,110.51499938964844,0.4832714199317747,down,5,1,2026-10-01,-0.0134822876373547,1.0,0.0,evt_china:-|oil_r5:+|evt_fed:+,0.4728131732961142
2026-09-24,EWJ,stock,95.5999984741211,0.4820704772910782,down,5,1,2026-10-01,0.0174720484701635,0.0,0.0,evt_china:-|oil_r5:+|evt_fed:+,0.4957676285630653
2026-09-24,URA,stock,41.05500030517578,0.480669573445443,down,5,1,2026-10-01,-0.0412737222765989,1.0,0.0,evt_china:-|oil_r5:+|hi52_dist:-,0.529302535826511
2026-09-25,USDTRY,fx,48.96039962768555,0.8303463327892341,up,5,1,2026-10-01,0.0013532281183494,1.0,1.0,rsi14:+|vol21:+|hi52_dist:+,0.6408523177744907
2026-09-25,XU100,stock,12936.849609375,0.5814588653943149,up,5,1,2026-10-02,-0.0460254400378642,0.0,0.0,evt_china:-|oil_r5:+|sma20_gap:+,0.5544830372561418
2026-09-25,BIMAS,stock,427.75,0.5435680259200312,up,5,1,2026-10-02,-0.0363027069975672,0.0,0.0,evt_china:-|oil_r5:+|evt_fed:+,0.5173425266780554
2026-09-25,FTSE,stock,10751.580078125,0.5383784677533112,up,5,1,2026-10-02,-0.0277944717981456,0.0,0.0,evt_china:-|oil_r5:+|evt_fed:+,0.4940489749495855
2026-09-25,HSI,stock,24510.08984375,0.5241009285537347,up,5,1,2026-10-05,-0.0193516169666341,0.0,0.0,evt_china:-|oil_r5:+|evt_fed:+,0.4738640143666764
2026-09-25,DAX,stock,25520.109375,0.5209368341027395,up,5,1,2026-10-02,-0.0142407340022929,0.0,0.0,evt_china:-|oil_r5:+|volu_trend:+,0.5017181980766997
2026-09-25,XRP,crypto,1.5465,0.5196448422411709,up,5,1,2026-09-30,-0.0226933192670479,0.0,0.0,evt_china:-|oil_r5:+|volu_trend:+,0.4864472497283799
2026-09-25,ETH,crypto,2694.68,0.5185208460375782,up,5,1,2026-09-30,-0.002348116641844,0.0,0.0,evt_china:-|kurt63:+|oil_r5:+,0.5673256070573989
2026-09-25,SOL,crypto,117.45,0.5163624396777073,up,5,1,2026-09-30,0.0152094186635287,1.0,0.0,evt_china:-|oil_r5:+|evt_fed:+,0.5340420793858078
2026-09-25,KCHOL,stock,218.0,0.5148011100665526,up,5,1,2026-10-02,-0.0264946797051362,0.0,0.0,evt_china:-|oil_r5:+|evt_fed:+,0.5105840987890755
2026-09-25,XAUUSD,commodity,4330.39990234375,0.5132484805900871,up,5,1,2026-10-02,-0.0269391769852289,0.0,0.0,evt_china:-|oil_r5:+|evt_fed:+,0.4549564525267985
2026-09-25,TUPRS,stock,409.0,0.5117350677930113,up,5,1,2026-10-02,-0.0527098164195282,0.0,0.0,evt_china:-|oil_r5:+|evt_iran:+,0.5801194785443284
2026-09-25,BTC,crypto,84570.83,0.5101121805150985,up,5,1,2026-09-30,-0.0120294977535964,0.0,0.0,evt_china:-|oil_r5:+|evt_fed:+,0.5129348209392275
2026-09-25,EREGL,stock,38.119998931884766,0.5097007615005146,up,5,1,2026-10-02,-0.0395985276183262,0.0,0.0,evt_china:-|oil_r5:+|evt_iran:+,0.4916425884751673
2026-09-25,ASELS,stock,371.75,0.504696070389187,up,5,1,2026-10-02,0.003356834303551,1.0,0.0,evt_china:-|oil_r5:+|evt_fed:+,0.5115342230612356
2026-09-25,SISE,stock,39.34000015258789,0.4970824516548826,down,5,1,2026-10-02,-0.0489681442637985,1.0,0.0,evt_china:-|oil_r5:+|evt_iran:+,0.4863043541336154
2026-09-25,THYAO,stock,293.0,0.4963242881545632,down,5,1,2026-10-02,-0.0068493418455747,1.0,0.0,evt_china:-|oil_r5:+|evt_iran:+,0.4947725698505508
2026-09-25,N225,stock,66364.203125,0.4954014254192114,down,5,1,2026-10-02,0.0288904757511543,0.0,0.0,evt_china:-|oil_r5:-|evt_fed:+,0.4933148901574897
2026-09-25,GARAN,stock,130.60000610351562,0.4943515036531449,down,5,1,2026-10-02,-0.0390370216913716,1.0,0.0,evt_china:-|oil_r5:+|evt_iran:+,0.4863949460571855
2026-09-25,AKBNK,stock,71.19999694824219,0.4847501112236348,down,5,1,2026-10-02,-0.0526246659721935,1.0,1.0,evt_china:-|oil_r5:+|evt_iran:+,0.5066236072521277
2026-09-25,XLU,stock,39.40999984741211,0.6168342276881835,up,5,1,2026-10-02,0.0092190252515072,1.0,0.0,oil_r5:+|evt_china:-|evt_fed:+,0.5748197822422695
2026-09-25,O,stock,55.41999816894531,0.606215253442984,up,5,1,2026-10-02,-0.0260008949770732,0.0,0.0,oil_r5:+|evt_china:-|evt_fed:+,0.5454392349459609
2026-09-25,SPY,stock,770.9912109375,0.5964530787384414,up,5,1,2026-10-02,-0.0023129312207337,0.0,0.0,evt_china:-|corr_spy63:+|oil_r5:+,0.5813715038024829
2026-09-25,XLRE,stock,41.470001220703125,0.5873266660512139,up,5,1,2026-10-02,-0.0139624863135299,0.0,0.0,oil_r5:+|evt_china:-|evt_fed:+,0.5425650625658728
2026-09-25,QQQ,stock,744.8300170898438,0.5774714661219268,up,5,1,2026-10-02,0.0053826364704358,1.0,0.0,evt_china:-|oil_r5:+|corr_spy63:+,0.5666636446637521
2026-09-25,XLF,stock,54.79999923706055,0.5541957222610172,up,5,1,2026-10-02,-0.023354537271729,0.0,0.0,evt_china:-|oil_r5:+|evt_fed:+,0.5334943890713278
2026-09-25,PWR,stock,650.60498046875,0.5537117114505189,up,5,1,2026-10-02,0.0400418271756699,1.0,0.0,evt_china:-|oil_r5:+|evt_fed:+,0.5199711308817686
2026-09-25,MSFT,stock,517.5599975585938,0.553627700292384,up,5,1,2026-10-02,-0.004861614604947,0.0,0.0,evt_china:-|oil_r5:+|evt_fed:+,0.5709672590551793
2026-09-25,SCHD,stock,33.16999816894531,0.5514195077628906,up,5,1,2026-10-02,-0.0147294986761959,0.0,0.0,evt_china:-|oil_r5:+|evt_fed:+,0.513208657755671
2026-09-25,INDA,stock,47.81999969482422,0.5480054308932789,up,5,1,2026-10-02,-0.0276691275495037,0.0,1.0,oil_r5:+|evt_china:-|evt_fed:+,0.4316858902177343
2026-09-25,XLP,stock,81.94499969482422,0.5424860301776183,up,5,1,2026-10-02,-0.018474569482234,0.0,0.0,oil_r5:+|evt_china:-|evt_fed:+,0.4765890868420837
2026-09-25,AAPL,stock,340.0899963378906,0.5405469557412257,up,5,1,2026-10-02,-0.0194474538837649,0.0,0.0,evt_china:-|oil_r5:+|evt_fed:+,0.5684051273688467
2026-09-25,MCHI,stock,52.55500030517578,0.5404775496816921,up,5,1,2026-10-02,-0.0252422146418867,0.0,1.0,oil_r5:+|evt_china:-|evt_fed:+,0.4589039054135294
2026-09-25,NVDA,stock,224.82000732421875,0.5403186279435577,up,5,1,2026-10-02,0.0427097114805245,1.0,0.0,evt_china:-|oil_r5:+|evt_fed:+,0.4945467435271882
2026-09-25,XLB,stock,49.77000045776367,0.5402964214521349,up,5,1,2026-10-02,-0.0151840146297744,0.0,1.0,oil_r5:+|evt_china:-|evt_fed:+,0.5008155745805254
2026-09-25,XLI,stock,170.1699981689453,0.5391136956800041,up,5,1,2026-10-02,-0.0022944525032849,0.0,0.0,evt_china:-|oil_r5:+|evt_fed:+,0.5104444560914324
2026-09-25,AVGO,stock,352.92498779296875,0.538552022340103,up,5,1,2026-10-02,0.0075509856216526,1.0,0.0,evt_china:-|oil_r5:+|evt_fed:+,0.428311604627494
2026-09-25,XLC,stock,112.8499984741211,0.5383237402270991,up,5,1,2026-10-02,-0.0226742590234744,0.0,0.0,oil_r5:+|evt_china:-|evt_fed:+,0.4807675089334434
2026-09-25,EWZ,stock,36.73500061035156,0.5362674804049776,up,5,1,2026-10-02,0.0292402841574347,1.0,0.0,oil_r5:+|evt_china:-|evt_fed:+,0.4878891330873361
2026-09-25,XLV,stock,170.10000610351562,0.5350880412067416,up,5,1,2026-10-02,-0.0258154162569154,0.0,0.0,evt_china:-|oil_r5:+|evt_fed:+,0.4872975231390908
2026-09-25,EWU,stock,47.244998931884766,0.5334942121230313,up,5,1,2026-10-02,-0.0246662120357762,0.0,1.0,evt_china:-|oil_r5:+|evt_fed:+,0.4868213323059604
2026-09-25,TSLA,stock,373.3299865722656,0.5328289414007651,up,5,1,2026-10-02,-0.0062471582756636,0.0,0.0,evt_china:-|oil_r5:+|evt_fed:+,0.4520778813172836
2026-09-25,JEPI,stock,56.69499969482422,0.5322980243004154,up,5,1,2026-10-02,-0.0109959240290706,0.0,0.0,oil_r5:+|evt_china:-|evt_fed:+,0.4379869713339345
2026-09-25,HUBB,stock,463.1099853515625,0.5302965466425597,up,5,1,2026-10-02,0.0218440765794356,1.0,0.0,evt_china:-|oil_r5:+|evt_fed:+,0.4911027230711363
2026-09-25,EWG,stock,42.244998931884766,0.5299772169840677,up,5,1,2026-10-02,-0.0239561109051286,0.0,0.0,evt_china:-|oil_r5:+|evt_fed:+,0.4743043951182259
2026-09-25,ETN,stock,437.5799865722656,0.5282754643331131,up,5,1,2026-10-02,-0.0013148676867547,0.0,0.0,evt_china:-|oil_r5:+|evt_fed:+,0.4809914268367008
2026-09-25,AMZN,stock,249.6150054931641,0.5245895260917742,up,5,1,2026-10-02,0.0037387607360049,1.0,0.0,evt_china:-|oil_r5:+|evt_fed:+,0.5305223579348215
2026-09-25,LIT,stock,68.94000244140625,0.5239579983566754,up,5,1,2026-10-02,0.0011596725305301,1.0,1.0,evt_china:-|oil_r5:+|evt_fed:+,0.4840931449043565
2026-09-25,EWQ,stock,43.78499984741211,0.5232665617281855,up,5,1,2026-10-02,-0.0375822651515742,0.0,1.0,evt_china:-|oil_r5:+|evt_fed:+,0.4586661573298684
2026-09-25,GRID,stock,179.36500549316406,0.5223890136762182,up,5,1,2026-10-02,0.0178751351299301,1.0,1.0,evt_china:-|oil_r5:+|evt_fed:+,0.4829687173205501
2026-09-25,URA,stock,40.900001525878906,0.521034262639002,up,5,1,2026-10-02,-0.0292752304466296,0.0,0.0,evt_china:-|oil_r5:+|hi52_dist:-,0.5482017327922751
2026-09-25,DBA,stock,28.5221004486084,0.5209189374753618,up,5,1,2026-10-02,-0.0118893385171254,0.0,0.0,evt_china:-|oil_r5:+|evt_fed:+,0.5187719592869436
2026-09-25,XLE,stock,61.76499938964844,0.520752697495992,up,5,1,2026-10-02,0.0172549647086755,1.0,0.0,evt_china:-|oil_r5:+|corr_spy63:-,0.5034595314422595
2026-09-25,XLY,stock,110.56500244140624,0.5207125121116009,up,5,1,2026-10-02,-0.0056688207513176,0.0,0.0,evt_china:-|oil_r5:+|evt_fed:+,0.4836319291701317
2026-09-25,META,stock,750.219970703125,0.5178784456951677,up,5,1,2026-10-02,-0.0298799738216644,0.0,0.0,evt_china:-|oil_r5:+|evt_iran:+,0.4199568882723214
2026-09-25,EWJ,stock,97.75499725341795,0.5125316413054882,up,5,1,2026-10-02,0.0097725531225268,1.0,0.0,evt_china:-|oil_r5:+|evt_fed:+,0.4802435588766884
2026-09-25,GOOGL,stock,344.4700012207031,0.5097890322249291,up,5,1,2026-10-02,-0.0030527804912221,0.0,0.0,evt_china:-|oil_r5:+|evt_fed:+,0.4522865157197053
2026-09-25,EWY,stock,187.1199951171875,0.5051824519979524,up,5,1,2026-10-02,0.0163260378849244,1.0,0.0,evt_china:-|oil_r5:+|evt_fed:+,0.4975496940886755
2026-09-25,GEV,stock,951.1325073242188,0.5048890151910859,up,5,1,2026-10-02,0.0403949580644262,1.0,0.0,evt_china:-|oil_r5:+|evt_fed:+,0.4963901735479027
2026-09-25,COPX,stock,86.45999908447266,0.5022248131065711,up,5,1,2026-10-02,-0.0095294120559207,0.0,0.0,evt_china:-|oil_r5:+|evt_fed:+,0.4750716749327246
2026-09-25,GLD,stock,392.739990234375,0.5010619125274726,up,5,1,2026-10-02,-0.0339638670908021,0.0,0.0,evt_china:-|oil_r5:+|evt_fed:+,0.4664521887916201
2026-09-25,SLV,stock,58.03010177612305,0.4990103300059447,down,5,1,2026-10-02,-0.0632200192344992,1.0,1.0,oil_r5:+|evt_china:-|hi52_dist:-,0.4320948789302992
2026-09-25,XLK,stock,196.6750030517578,0.4974301642367588,down,5,1,2026-10-02,0.0154888928666929,0.0,0.0,evt_china:-|oil_r5:+|evt_fed:+,0.5127414957471351
2026-09-25,VRT,stock,251.51150512695312,0.4946211267298378,down,5,1,2026-10-02,0.0019403529863243,0.0,0.0,evt_china:-|oil_r5:+|evt_fed:+,0.5326684720654854
2026-09-26,ETH,crypto,2692.81,0.5175612683944903,up,5,1,2026-10-01,-0.0036012345604933,0.0,0.0,evt_china:-|oil_r5:+|kurt63:+,0.5380415552074646
2026-09-26,XRP,crypto,1.5532,0.4894974050075795,down,5,1,2026-10-01,-0.0471947339655972,1.0,0.0,evt_china:-|oil_r5:+|vol21:-,0.4782637349704338
2026-09-26,BTC,crypto,84223.66,0.4815948576275812,down,5,1,2026-10-01,-0.0074363066861018,1.0,0.0,evt_china:-|oil_r5:+|evt_fed:+,0.5306297073475869
2026-09-26,SOL,crypto,120.97,0.4790618544050998,down,5,1,2026-10-01,-0.0302964471370305,1.0,0.0,evt_china:-|oil_r5:+|vol21:-,0.5399985583077648
2026-09-27,USDTRY,fx,48.928001403808594,0.8440357910118774,up,5,1,2026-10-02,0.0041891887550039,1.0,1.0,rsi14:+|vol21:+|hi52_dist:+,0.653265632546501
2026-09-27,ETH,crypto,2708.42,0.5031428633386283,up,5,1,2026-10-02,0.0149627081732043,1.0,0.0,evt_china:-|kurt63:+|oil_r5:+,0.5501912744946311
2026-09-27,SOL,crypto,123.72,0.48906395201782,down,5,1,2026-10-02,-0.0151481029965205,1.0,0.0,evt_china:-|oil_r5:+|vol21:-,0.5407343534185743
2026-09-27,XRP,crypto,1.5278,0.4676495721470111,down,5,1,2026-10-02,0.0078886871271079,0.0,0.0,evt_china:-|oil_r5:+|vol21:-,0.4905208195931387
2026-09-27,BTC,crypto,84643.25,0.4633318280532091,down,5,1,2026-10-02,0.0206162661151477,0.0,0.0,evt_china:-|oil_r5:+|try_r5:+,0.5130612284515674
2026-09-27,XAUUSD,commodity,4293.89990234375,0.507349575912172,up,5,1,2026-10-02,-0.0184746711690454,0.0,0.0,oil_r5:+|evt_china:-|is_commodity:+,0.4412444687427848
2026-09-28,USDTRY,fx,48.97949981689453,0.8404917303195555,up,5,1,2026-10-05,0.0031799862094633,1.0,1.0,rsi14:+|vol21:+|hi52_dist:+,0.6543769135757124
2026-09-28,XU100,stock,12543.25,0.6061890616994439,up,5,1,2026-10-05,-0.0094930072057661,0.0,0.0,evt_china:-|oil_r5:+|sma20_gap:+,0.5982203994079924
2026-09-28,ASELS,stock,360.25,0.523626852059155,up,5,1,2026-10-05,0.0347801847641839,1.0,0.0,evt_china:-|oil_r5:+|evt_iran:+,0.529245380609732
2026-09-28,XAUUSD,commodity,4183.2998046875,0.5217435970525157,up,5,1,2026-10-04,-0.0024891477173984,0.0,0.0,evt_china:-|oil_r5:+|sma200_gap:-,0.5035577799300813
2026-09-28,TUPRS,stock,398.25,0.5050953071833029,up,5,1,2026-10-05,-0.0331874745899327,0.0,0.0,evt_china:-|oil_r5:+|evt_iran:+,0.5381144964141547
2026-09-28,ETH,crypto,2638.3,0.5039948802186422,up,5,1,2026-10-03,0.0173969707251325,1.0,0.0,evt_china:-|kurt63:+|oil_r5:+,0.5585546605773403
2026-09-28,BIMAS,stock,420.75,0.5038142318962324,up,5,1,2026-10-05,-0.0137603128402171,0.0,0.0,evt_china:-|oil_r5:+|evt_iran:+,0.5244728424625054
2026-09-28,KCHOL,stock,212.8000030517578,0.5026395905477768,up,5,1,2026-10-05,-0.0014107834439848,0.0,0.0,evt_china:-|oil_r5:+|evt_iran:+,0.5264076424973728
2026-09-28,FTSE,stock,10716.16015625,0.5019244004640614,up,5,1,2026-10-05,-0.0216079351259191,0.0,0.0,evt_china:-|oil_r5:+|vix_chg5:-,0.4976810541829229
2026-09-28,SISE,stock,38.540000915527344,0.4972126604879009,down,5,1,2026-10-05,-0.0188586315803228,1.0,0.0,evt_china:-|oil_r5:+|evt_iran:+,0.5491014082386589
2026-09-28,GARAN,stock,128.5,0.4959280152479757,down,5,1,2026-10-05,0.0162103592414778,0.0,0.0,evt_china:-|oil_r5:+|evt_iran:+,0.4798701411639398
2026-09-28,AKBNK,stock,70.05000305175781,0.4909990764330274,down,5,1,2026-10-05,-0.0143783922967892,1.0,1.0,evt_china:-|oil_r5:+|evt_iran:+,0.5031322741179468
2026-09-28,N225,stock,65877.6171875,0.4901151077392685,down,5,1,2026-10-05,0.059937066288164,0.0,0.0,evt_china:-|oil_r5:-|evt_fed:+,0.4807372434357591
2026-09-28,THYAO,stock,289.0,0.4796753706836629,down,5,1,2026-10-05,0.0137459209046351,0.0,0.0,evt_china:-|oil_r5:+|evt_iran:+,0.4680808346701916
2026-09-28,EREGL,stock,36.880001068115234,0.4778410480270057,down,5,1,2026-10-05,0.0188026150591956,0.0,0.0,evt_china:-|oil_r5:+|evt_iran:+,0.5041645392134048
2026-09-28,DAX,stock,25388.69921875,0.4750241962998176,down,5,1,2026-10-05,-0.0075133376727446,1.0,0.0,evt_china:-|oil_r5:+|evt_iran:+,0.4907387661366178
2026-09-28,BTC,crypto,82583.74,0.4736144067597053,down,5,1,2026-10-03,0.0243760352849151,0.0,0.0,evt_china:-|oil_r5:+|is_crypto:-,0.520634321833454
2026-09-28,HSI,stock,24642.509765625,0.4714030902071841,down,5,1,2026-10-06,-0.0147969381504577,1.0,0.0,evt_china:-|oil_r5:+|evt_iran:+,0.4420703281228317
2026-09-28,SOL,crypto,117.56,0.4634756537696779,down,5,1,2026-10-03,0.0151952949047341,0.0,0.0,evt_china:-|oil_r5:+|vol21:-,0.5365807104052817
2026-09-28,XRP,crypto,1.4763,0.4246965310709081,down,5,1,2026-10-03,0.005404323090677,0.0,0.0,evt_china:-|oil_r5:+|vol21:-,0.4774374462985313
2026-09-28,XLU,stock,39.25,0.59849985643208,up,5,1,2026-10-05,0.0181777590352976,1.0,0.0,evt_china:-|oil_r5:+|evt_fed:+,0.5740321640053795
2026-09-28,O,stock,55.34999847412109,0.5874945767008527,up,5,1,2026-10-05,-0.0289609322518718,0.0,0.0,oil_r5:+|evt_china:-|evt_fed:+,0.5751531495736032
2026-09-28,INDA,stock,47.09000015258789,0.5873887018488462,up,5,1,2026-10-05,-0.0111041170545785,0.0,1.0,evt_china:-|oil_r5:+|evt_fed:+,0.4701457452462571
2026-09-28,XLF,stock,54.18999862670898,0.5849259316023259,up,5,1,2026-10-05,-0.005736992869746,0.0,0.0,evt_china:-|oil_r5:+|evt_fed:+,0.5149329600490394
2026-09-28,XLB,stock,49.470001220703125,0.5819363884783267,up,5,1,2026-10-05,0.0006062196594035,1.0,1.0,oil_r5:+|evt_china:-|evt_fed:+,0.505103286486775
2026-09-28,URA,stock,40.130001068115234,0.575842983658334,up,5,1,2026-10-05,0.0014939633959385,1.0,0.0,evt_china:-|oil_r5:+|sma20_gap:+,0.5572324857813846
2026-09-28,GLD,stock,377.9100036621094,0.569216558001239,up,5,1,2026-10-05,0.0043302265781754,1.0,0.0,oil_r5:+|evt_china:-|evt_fed:+,0.5191874575209021
2026-09-28,MSFT,stock,509.2200012207031,0.5686573308583445,up,5,1,2026-10-05,0.0308609014194478,1.0,0.0,evt_china:-|oil_r5:+|kurt63:+,0.5132314092038215
2026-09-28,SCHD,stock,33.0099983215332,0.5635143419218719,up,5,1,2026-10-05,-0.00882394597578,0.0,0.0,evt_china:-|oil_r5:+|evt_fed:+,0.5454219304365838
2026-09-28,AMZN,stock,246.1499938964844,0.5627358833487082,up,5,1,2026-10-05,0.0211041904697519,1.0,0.0,evt_china:-|oil_r5:+|evt_fed:+,0.520237861353987
2026-09-28,XLRE,stock,41.34999847412109,0.5622437525466135,up,5,1,2026-10-05,-0.0165817096712664,0.0,0.0,evt_china:-|oil_r5:+|evt_fed:+,0.5071746350755358
2026-09-28,XLY,stock,109.0,0.5619538994247711,up,5,1,2026-10-05,0.0129433780441185,1.0,0.0,evt_china:-|oil_r5:+|evt_fed:+,0.5046836259534749
2026-09-28,XLP,stock,82.27999877929688,0.5617510899521877,up,5,1,2026-10-05,-0.0151851787111365,0.0,0.0,oil_r5:+|evt_china:-|evt_iran:+,0.4842816605643233
2026-09-28,LIT,stock,68.27999877929688,0.5605561897474529,up,5,1,2026-10-05,0.0267337433363274,1.0,1.0,evt_china:-|oil_r5:+|evt_fed:+,0.484482550879949
2026-09-28,MCHI,stock,52.540000915527344,0.5596869275467052,up,5,1,2026-10-05,-0.0049609362760453,0.0,1.0,oil_r5:+|evt_china:-|evt_fed:+,0.4728362930971193
2026-09-28,AAPL,stock,338.3999938964844,0.5559026702654126,up,5,1,2026-10-05,-0.0164164606128058,0.0,0.0,evt_china:-|oil_r5:+|evt_fed:+,0.5419001057394269
2026-09-28,SLV,stock,54.95000076293945,0.555463982385337,up,5,1,2026-10-05,0.003270357242196,1.0,1.0,evt_china:-|oil_r5:+|hi52_dist:-,0.5924736223584784
2026-09-28,AVGO,stock,349.57000732421875,0.5480255930006178,up,5,1,2026-10-05,0.036348238365655,1.0,0.0,evt_china:-|oil_r5:+|evt_fed:+,0.4562971227194777
2026-09-28,EWZ,stock,36.209999084472656,0.5467740820739081,up,5,1,2026-10-05,0.1713995820700203,1.0,0.0,oil_r5:+|evt_china:-|evt_fed:+,0.4796608474429067
2026-09-28,META,stock,715.6199951171875,0.5430047723678326,up,5,1,2026-10-05,0.036065203107523,1.0,0.0,evt_china:-|oil_r5:+|evt_iran:+,0.440103839592928
2026-09-28,NVDA,stock,228.8600006103516,0.5425673893515641,up,5,1,2026-10-05,0.0429345632268615,1.0,0.0,evt_china:-|oil_r5:+|evt_fed:+,0.4908576477628151
2026-09-28,COPX,stock,85.26000213623047,0.5421165430758244,up,5,1,2026-10-05,0.0124717470648309,1.0,0.0,evt_china:-|oil_r5:+|evt_fed:+,0.4562617681167232
2026-09-28,GOOGL,stock,342.75,0.5412396985033178,up,5,1,2026-10-05,0.0107949198759399,1.0,0.0,evt_china:-|oil_r5:+|evt_fed:+,0.4878138811809885
2026-09-28,PWR,stock,644.3599853515625,0.5403077607823298,up,5,1,2026-10-05,0.0588520262876773,1.0,0.0,evt_china:-|oil_r5:+|evt_iran:+,0.4419445038568109
2026-09-28,GEV,stock,949.77001953125,0.5397486729745797,up,5,1,2026-10-05,0.0414850725452284,1.0,0.0,oil_r5:+|evt_china:-|evt_iran:+,0.4800927212570126
2026-09-28,DBA,stock,28.25,0.5389030162912454,up,5,1,2026-10-05,0.00740610290034,1.0,0.0,evt_china:-|oil_r5:+|evt_fed:+,0.4831853949267332
2026-09-28,XLI,stock,168.77999877929688,0.5345262501352577,up,5,1,2026-10-05,0.0077904507864314,1.0,0.0,evt_china:-|oil_r5:+|evt_fed:+,0.4976598945914776
2026-09-28,QQQ,stock,736.530029296875,0.5323898709307041,up,5,1,2026-10-05,0.0263558995518695,1.0,0.0,evt_china:-|oil_r5:+|gold_spy_mom:-,0.5433448343741866
2026-09-28,VRT,stock,244.0399932861328,0.5323339999074,up,5,1,2026-10-05,0.0385049457819668,1.0,0.0,evt_china:-|oil_r5:+|r63:+,0.5030874110298071
2026-09-28,HUBB,stock,465.7200012207031,0.5315421369813538,up,5,1,2026-10-05,0.0315547440234386,1.0,0.0,evt_china:-|oil_r5:+|evt_iran:+,0.4810213419298928
2026-09-28,EWQ,stock,43.77999877929688,0.5292212302362961,up,5,1,2026-10-05,-0.0465199658444175,0.0,1.0,evt_china:-|oil_r5:+|evt_fed:+,0.4430368150899704
2026-09-28,XLE,stock,62.09999847412109,0.5272725113602984,up,5,1,2026-10-05,0.0215062418165452,1.0,0.0,evt_china:-|oil_r5:+|corr_spy63:-,0.5069482625975512
2026-09-28,XLV,stock,171.25999450683594,0.5262014898237177,up,5,1,2026-10-05,-0.0229759361712635,0.0,0.0,evt_china:-|oil_r5:+|evt_iran:+,0.5003549875784983
2026-09-28,SPY,stock,765.6099853515625,0.524743773297241,up,5,1,2026-10-05,0.0119707899376885,1.0,0.0,evt_china:-|oil_r5:+|corr_spy63:+,0.5955049587266797
2026-09-28,TSLA,stock,357.45001220703125,0.5242745636632793,up,5,1,2026-10-05,0.0578280527939627,1.0,0.0,evt_china:-|oil_r5:+|evt_fed:+,0.5397450386531231
2026-09-28,EWU,stock,47.27000045776367,0.5236978466613167,up,5,1,2026-10-05,-0.0231125597780014,0.0,1.0,evt_china:-|oil_r5:+|evt_fed:+,0.4916143894714957
2026-09-28,JEPI,stock,56.5099983215332,0.5191406374564703,up,5,1,2026-10-05,-0.0039006681992206,0.0,0.0,evt_china:-|oil_r5:+|evt_fed:+,0.436602083508312
2026-09-28,XLC,stock,111.18000030517578,0.5180881939907982,up,5,1,2026-10-05,0.0038601448660298,1.0,0.0,evt_china:-|oil_r5:+|evt_fed:+,0.484130489249127
2026-09-28,ETN,stock,431.4100036621094,0.5165973755746255,up,5,1,2026-10-05,0.0027546051097074,1.0,0.0,evt_china:-|oil_r5:+|evt_fed:+,0.4615891502901036
2026-09-28,EWY,stock,183.5800018310547,0.5161031946282352,up,5,1,2026-10-05,0.0420283948197936,1.0,0.0,evt_china:-|oil_r5:+|evt_fed:+,0.4929217578705657
2026-09-28,EWG,stock,42.130001068115234,0.5105136559895104,up,5,1,2026-10-05,-0.0211089885630768,0.0,0.0,evt_china:-|oil_r5:+|evt_fed:+,0.4811445100789915
2026-09-28,EWJ,stock,96.83000183105467,0.5029218203049961,up,5,1,2026-10-05,0.0251887192504004,1.0,0.0,evt_china:-|oil_r5:+|evt_fed:+,0.4885071819534674
2026-09-28,GRID,stock,177.52999877929688,0.5005297206124756,up,5,1,2026-10-05,0.0254713016166149,1.0,1.0,evt_china:-|oil_r5:+|evt_fed:+,0.4779483077474284
2026-09-28,XLK,stock,194.52999877929688,0.4804631751733312,down,5,1,2026-10-05,0.0323701657102822,0.0,0.0,evt_china:-|oil_r5:+|gold_spy_mom:-,0.4935624752989929
2026-09-29,USDTRY,fx,48.98619842529297,0.8651991440754436,up,5,1,2026-10-06,0.0037491623661432,1.0,1.0,rsi14:+|vol21:+|hi52_dist:+,0.6605022999112372
2026-09-29,XAUUSD,commodity,4152.10009765625,0.5474825883515426,up,5,1,2026-10-06,0.0060269585083556,1.0,0.0,evt_china:-|oil_r5:+|evt_fed:+,0.5160686280016576
2026-09-29,BTC,crypto,83424.11,0.4976630643238893,down,5,1,2026-10-04,0.0215732201849899,0.0,0.0,evt_china:-|oil_r5:+|evt_fed:+,0.5509064502047019
2026-09-29,N225,stock,65476.609375,0.4949595805178272,down,5,1,2026-10-06,0.0765259372802935,0.0,0.0,evt_china:-|oil_r5:-|evt_fed:+,0.4742609870277152
2026-09-29,SOL,crypto,118.65,0.488483603247664,down,5,1,2026-10-04,0.0231599821839549,0.0,0.0,evt_china:-|oil_r5:+|evt_fed:+,0.5520385809195266
2026-09-29,XRP,crypto,1.4983,0.475400922936082,down,5,1,2026-10-04,0.0008005871399652,0.0,0.0,evt_china:-|oil_r5:+|evt_fed:+,0.4941558998394803
2026-09-29,ETH,crypto,2685.58,0.4749264798086553,down,5,1,2026-10-04,0.0061695365131731,0.0,0.0,squeeze:-|evt_china:-|btc_r21:+,0.6003792720312594
2026-09-29,XU100,stock,12455.240234375,0.6668211853490257,up,5,1,2026-10-06,-0.0058846970995658,0.0,0.0,oil_r5:+|macd_hist:+|sma20_gap:+,0.6581949553609419
2026-09-29,ASELS,stock,351.25,0.5983213464689793,up,5,1,2026-10-06,0.050652519740301,1.0,0.0,oil_r5:+|sma20_gap:+|evt_china:-,0.5763710489892849
2026-09-29,TUPRS,stock,394.5,0.5851223499012094,up,5,1,2026-10-06,-0.0348197651592279,0.0,0.0,macd_hist:+|oil_r5:+|evt_china:-,0.5403115184595984
2026-09-25,GBPUSD,fx,0.7547,0.5814764148186238,up,5,1,2026-10-02,0.0011918163365318,1.0,0.0,vol21:+|oil_r5:+|corr_spy63:-,0.5227050156634967
2026-09-25,USDCHF,fx,0.8282,0.58097852483788,up,5,1,2026-10-02,0.0013273003456911,1.0,0.0,hi52_dist:+|oil_r5:+|corr_spy63:-,0.5504595639374384
2026-09-25,EURUSD,fx,0.8772,0.568779026697633,up,5,1,2026-10-02,0.0124619263142688,1.0,0.0,vol21:+|corr_spy63:-|oil_r5:+,0.5329377041103321
2026-09-29,SISE,stock,38.43999862670898,0.5591292197314006,up,5,1,2026-10-06,-0.0073107057950668,0.0,0.0,oil_r5:+|evt_china:-|evt_fed:+,0.5740855742441112
2026-09-29,FTSE,stock,10712.490234375,0.5523165922057834,up,5,1,2026-10-06,-0.01375964626601,0.0,0.0,oil_r5:+|evt_china:-|evt_fed:+,0.5079277042895454
2026-09-29,DAX,stock,25478.7109375,0.5396632674530686,up,5,1,2026-10-06,-0.001655323650891,0.0,0.0,oil_r5:+|evt_china:-|evt_fed:+,0.4735051798297496
2026-09-29,BIMAS,stock,428.0,0.5377852970571546,up,5,1,2026-10-06,-0.0417472666893138,0.0,0.0,oil_r5:+|evt_china:-|evt_iran:+,0.5099377798707441
2026-09-29,KCHOL,stock,216.5,0.536589331776867,up,5,1,2026-10-06,-0.0018492556857637,0.0,0.0,oil_r5:+|evt_china:-|evt_fed:+,0.5151847238340793
2026-09-29,GARAN,stock,129.60000610351562,0.534861583255305,up,5,1,2026-10-06,0.0038506014192897,1.0,0.0,oil_r5:+|evt_china:-|evt_fed:+,0.4866759413199386
2026-09-29,AKBNK,stock,70.5999984741211,0.5329296001431518,up,5,1,2026-10-06,-0.0236485629073175,0.0,1.0,oil_r5:+|evt_china:-|evt_fed:+,0.4822548552365216
2026-09-29,HSI,stock,24523.5703125,0.5311388706170431,up,5,1,2026-10-07,-0.0161581081288321,0.0,0.0,oil_r5:+|evt_china:-|evt_fed:+,0.4417464831797629
2026-09-25,USDJPY,fx,157.18,0.5178509991531909,up,5,1,2026-10-02,0.0040001323220125,1.0,0.0,corr_spy63:-|oil_r5:+|evt_fed:+,0.4921978359425664
2026-09-29,EREGL,stock,37.47999954223633,0.5106504015466298,up,5,1,2026-10-06,-0.0085745353172788,0.0,0.0,oil_r5:+|evt_china:-|gold_spy_mom:-,0.5152520860152028
2026-09-29,THYAO,stock,293.0,0.507858902066154,up,5,1,2026-10-06,0.0,0.0,0.0,oil_r5:+|evt_china:-|evt_iran:+,0.4530245539067949
2026-09-25,USDCNY,fx,6.711,0.4799630432340664,down,5,1,2026-10-02,-0.001073441376892,1.0,0.0,vol21:-|evt_fed:+|oil_r5:+,0.4783077163526831
2026-09-25,AUDUSD,fx,1.4219,0.4325549003081821,down,5,1,2026-10-02,0.011398326266065,0.0,0.0,corr_spy63:-|evt_china:-|evt_fed:+,0.4475710243853327
2026-09-29,XLB,stock,49.02000045776367,0.6102466529483118,up,5,1,2026-10-06,0.016489142609977,1.0,1.0,oil_r5:+|evt_fed:+|evt_china:-,0.4985476783607834
2026-09-29,INDA,stock,46.93000030517578,0.6058132214429278,up,5,1,2026-10-06,-0.0042686669440722,0.0,1.0,oil_r5:+|evt_china:-|evt_fed:+,0.4726672642861821
2026-09-29,XLU,stock,39.625,0.6056023440550934,up,5,1,2026-10-06,0.0322808724173724,1.0,0.0,oil_r5:+|evt_fed:+|evt_china:-,0.5238970385013032
2026-09-29,URA,stock,40.02999877929688,0.5997544887037082,up,5,1,2026-10-06,0.0504185619344057,1.0,0.0,oil_r5:+|sma20_gap:+|evt_china:-,0.5756884537239016
2026-09-29,MCHI,stock,52.03499984741211,0.5969517182238322,up,5,1,2026-10-06,0.0049650510687225,1.0,1.0,oil_r5:+|evt_fed:+|evt_china:-,0.4860943907260932
2026-09-29,O,stock,55.165000915527344,0.5967832091493408,up,5,1,2026-10-06,-0.0194021162454742,0.0,0.0,oil_r5:+|evt_fed:+|volu_trend:+,0.6023213348377137
2026-09-29,SPY,stock,764.739990234375,0.59131529265213,up,5,1,2026-10-06,0.0197707021287694,1.0,0.0,corr_spy63:+|oil_r5:+|evt_china:-,0.5679824634832493
2026-09-29,XLF,stock,54.025001525878906,0.5832126871412756,up,5,1,2026-10-06,-0.0006480553182194,0.0,0.0,oil_r5:+|evt_fed:+|evt_china:-,0.4988141652302579
2026-09-29,TSLA,stock,354.3299865722656,0.5825124768508086,up,5,1,2026-10-06,0.0709815132488583,1.0,0.0,oil_r5:+|evt_china:-|evt_fed:+,0.5411874518829438
2026-09-29,XLRE,stock,41.209999084472656,0.5823516252302362,up,5,1,2026-10-06,-0.0023078638880135,0.0,0.0,oil_r5:+|evt_fed:+|evt_china:-,0.5121911417212618
2026-09-29,EWQ,stock,43.18000030517578,0.5737566402191654,up,5,1,2026-10-06,-0.0315246087505819,0.0,1.0,oil_r5:+|evt_fed:+|evt_china:-,0.4669793763929205
2026-09-29,MSFT,stock,510.864990234375,0.572613916304325,up,5,1,2026-10-06,0.0389767401726702,1.0,0.0,oil_r5:+|evt_china:-|evt_fed:+,0.5174171010425205
2026-09-29,SCHD,stock,32.79499816894531,0.5665493293500954,up,5,1,2026-10-06,0.0018279175046366,1.0,0.0,oil_r5:+|evt_china:-|evt_fed:+,0.564788029552603
2026-09-29,EWU,stock,46.77000045776367,0.5661709497451953,up,5,1,2026-10-06,-0.0061122884874471,0.0,1.0,oil_r5:+|evt_china:-|evt_fed:+,0.4995640988965043
2026-09-29,LIT,stock,68.55999755859375,0.5635639044959797,up,5,1,2026-10-06,0.0393272971239438,1.0,1.0,oil_r5:+|evt_china:-|evt_fed:+,0.4915094698169368
2026-09-29,QQQ,stock,738.719970703125,0.5617843126581442,up,5,1,2026-10-06,0.0292546846280765,1.0,0.0,oil_r5:+|evt_china:-|corr_spy63:+,0.5049962924514758
2026-09-29,XLC,stock,111.2699966430664,0.5610706029427452,up,5,1,2026-10-06,0.0033645144117088,1.0,0.0,oil_r5:+|evt_china:-|evt_fed:+,0.4912340271246532
2026-09-29,EWZ,stock,36.3849983215332,0.5598978021523626,up,5,1,2026-10-06,0.1666946761572692,1.0,0.0,oil_r5:+|evt_china:-|evt_fed:+,0.4759158539065192
2026-09-29,XLY,stock,109.41500091552734,0.5597172725199893,up,5,1,2026-10-06,0.0191007942224744,1.0,0.0,oil_r5:+|evt_china:-|evt_fed:+,0.5037051313425981
2026-09-29,EWG,stock,41.845001220703125,0.5574292654682285,up,5,1,2026-10-06,-0.0069544863079656,0.0,0.0,oil_r5:+|evt_china:-|evt_fed:+,0.4931821883973357
2026-09-29,SLV,stock,55.369998931884766,0.5560419642297763,up,5,1,2026-10-06,0.0059440297331884,1.0,1.0,oil_r5:+|evt_china:-|hi52_dist:-,0.5562242565338738
2026-09-29,GLD,stock,382.30999755859375,0.5543336869559998,up,5,1,2026-10-06,0.001594333702545,1.0,0.0,oil_r5:+|evt_china:-|evt_fed:+,0.4851935745906962
2026-09-29,HUBB,stock,459.7300109863281,0.5491291002088945,up,5,1,2026-10-06,0.0575631375168165,1.0,0.0,oil_r5:+|evt_china:-|gold_spy_mom:-,0.4616206385599188
2026-09-29,XLP,stock,81.74500274658203,0.5491116171238706,up,5,1,2026-10-06,0.0,0.0,0.0,oil_r5:+|evt_fed:+|evt_iran:+,0.4906131989308365
2026-09-29,PWR,stock,653.0399780273438,0.5486999463083528,up,5,1,2026-10-06,0.0985290720329742,1.0,0.0,oil_r5:+|evt_china:-|gold_spy_mom:-,0.4606762541447153
2026-09-29,AMZN,stock,248.44000244140625,0.548282959681001,up,5,1,2026-10-06,0.0310887432626992,1.0,0.0,oil_r5:+|evt_china:-|evt_fed:+,0.502196155594619
2026-09-29,JEPI,stock,56.493499755859375,0.5465841153375749,up,5,1,2026-10-06,0.0001150551874549,1.0,0.0,oil_r5:+|evt_china:-|evt_fed:+,0.4347534304140024
2026-09-29,AAPL,stock,331.2300109863281,0.5442601012996172,up,5,1,2026-10-06,0.0054495972566327,1.0,0.0,oil_r5:+|evt_china:-|evt_fed:+,0.504848301713149
2026-09-29,EWJ,stock,96.51499938964844,0.5421713459442224,up,5,1,2026-10-06,0.0305094361998887,1.0,0.0,oil_r5:+|evt_china:-|evt_fed:+,0.4958277526786157
2026-09-29,GOOGL,stock,340.7251892089844,0.5406502128559326,up,5,1,2026-10-06,0.0217294658827636,1.0,0.0,oil_r5:+|evt_china:-|evt_fed:+,0.4666540712022443
2026-09-29,AVGO,stock,356.3450012207031,0.5386899582860131,up,5,1,2026-10-06,0.0586508420753776,1.0,0.0,oil_r5:+|evt_china:-|evt_fed:+,0.429860244709412
2026-09-29,XLI,stock,169.05999755859375,0.5380864747313464,up,5,1,2026-10-06,0.0147085507171718,1.0,0.0,oil_r5:+|evt_china:-|evt_fed:+,0.4868123545114749
2026-09-29,GRID,stock,178.18499755859375,0.5362409737446469,up,5,1,2026-10-06,0.035477309406011,1.0,1.0,oil_r5:+|evt_china:-|gold_spy_mom:-,0.4895418710092402
2026-09-29,NVDA,stock,228.3500061035156,0.5358603454845053,up,5,1,2026-10-06,0.0492383879680821,1.0,0.0,oil_r5:+|evt_china:-|gold_spy_mom:-,0.4875361352599839
2026-09-29,XLE,stock,61.290000915527344,0.5348725887030213,up,5,1,2026-10-06,0.0424066216775401,1.0,0.0,oil_r5:+|corr_spy63:-|evt_fed:+,0.5047821154488048
2026-09-29,GEV,stock,962.4400024414062,0.533920468308251,up,5,1,2026-10-06,0.0686318234863214,1.0,0.0,oil_r5:+|evt_china:-|gold_spy_mom:-,0.4937160018555857
2026-09-29,COPX,stock,85.34010314941406,0.5336608183958781,up,5,1,2026-10-06,0.0170773078332654,1.0,0.0,oil_r5:+|evt_china:-|evt_fed:+,0.4723864503174397
2026-09-29,EWY,stock,186.9033050537109,0.5323162628115103,up,5,1,2026-10-06,0.0040936937007828,1.0,0.0,oil_r5:+|evt_china:-|evt_fed:+,0.4959445811370648
2026-09-29,META,stock,734.2550048828125,0.5320412139833326,up,5,1,2026-10-06,0.0129696076708008,1.0,0.0,oil_r5:+|evt_china:-|gold_spy_mom:-,0.4710464505158621
2026-09-29,XLV,stock,170.25,0.5292224235708839,up,5,1,2026-10-06,-0.0177782460212839,0.0,0.0,oil_r5:+|evt_china:-|evt_fed:+,0.4849934904245292
2026-09-29,ETN,stock,433.9649963378906,0.5289593492365448,up,5,1,2026-10-06,0.0221848086483681,1.0,0.0,oil_r5:+|evt_china:-|evt_fed:+,0.47628631408286
2026-09-29,DBA,stock,28.25,0.5246807094989357,up,5,1,2026-10-06,0.0209992269320742,1.0,0.0,oil_r5:+|evt_china:-|evt_fed:+,0.5093424546721566
2026-09-29,VRT,stock,248.7749938964844,0.5225192446308888,up,5,1,2026-10-06,0.0170777561466332,1.0,0.0,oil_r5:+|evt_china:-|r63:+,0.4653273222041525
2026-09-29,XLK,stock,194.77999877929688,0.5075343327546135,up,5,1,2026-10-06,0.0384246511340089,1.0,0.0,oil_r5:+|evt_china:-|gold_spy_mom:-,0.4928593251351176
2026-09-30,USDTRY,fx,49.00519943237305,0.854243517674475,up,5,1,2026-10-07,0.0037558542833925,1.0,1.0,rsi14:+|vol21:+|hi52_dist:+,0.6677800485922516
2026-09-30,XU100,stock,12215.1103515625,0.6309377815933762,up,5,1,2026-10-07,-0.0080585107411628,0.0,0.0,macd_hist:+|sma20_gap:+|oil_r5:+,0.6744261960439033
2026-09-30,TUPRS,stock,384.25,0.5725571562843692,up,5,1,2026-10-07,-0.0170607812658563,0.0,0.0,macd_hist:+|oil_r5:+|evt_china:-,0.6215155307818627
2026-09-30,ASELS,stock,346.5,0.565575167376968,up,5,1,2026-10-07,0.0221200599408318,1.0,0.0,macd_hist:+|sma20_gap:+|evt_china:-,0.5558366340331027
2026-09-30,SISE,stock,37.86000061035156,0.557106047037911,up,5,1,2026-10-07,-0.008488106356043,0.0,0.0,sma20_gap:+|evt_china:-|oil_r5:+,0.5734877903334901
2026-09-30,XAUUSD,commodity,4221.2998046875,0.5388913763904843,up,5,1,2026-10-07,-0.018988495033673,0.0,0.0,oil_r5:+|evt_fed:+|evt_china:-,0.4813554636523934
2026-09-30,FTSE,stock,10673.4697265625,0.5205043667567497,up,5,1,2026-10-07,-0.0174246122069545,0.0,0.0,oil_r5:+|evt_china:-|evt_fed:+,0.4994746150524821
2026-09-30,ETH,crypto,2688.36,0.5159494616959636,up,5,1,2026-10-05,0.0097316893673146,1.0,0.0,kurt63:+|evt_china:-|squeeze:-,0.562102814366208
2026-09-30,KCHOL,stock,215.0,0.5112947924555896,up,5,1,2026-10-07,-0.0225785842031652,0.0,0.0,evt_china:-|oil_r5:+|evt_fed:+,0.5172885082190404
2026-09-30,DAX,stock,25401.349609375,0.5072729142208209,up,5,1,2026-10-07,-0.0098131751189678,0.0,0.0,oil_r5:+|evt_china:-|evt_fed:+,0.4918942657364801
2026-09-30,GARAN,stock,127.9000015258789,0.4979615196053799,down,5,1,2026-10-07,0.0062353703748523,0.0,0.0,evt_china:-|oil_r5:+|evt_fed:+,0.4733838783052683
2026-09-30,BIMAS,stock,425.0,0.4974182782561746,down,5,1,2026-10-07,-0.0562591643067948,1.0,0.0,evt_china:-|oil_r5:+|evt_fed:+,0.518004591270966
2026-09-30,N225,stock,66753.71875,0.4963211674788043,down,5,1,2026-10-07,0.0479952608748882,0.0,0.0,evt_china:-|oil_r5:-|gold_spy_mom:-,0.4825720032183561
2026-09-30,THYAO,stock,290.75,0.4859784566521402,down,5,1,2026-10-07,-0.0147252552439795,1.0,0.0,evt_china:-|oil_r5:+|gold_spy_mom:-,0.4849561864128843
2026-09-30,AKBNK,stock,68.80000305175781,0.4827045595930988,down,5,1,2026-10-07,-0.0080263552311727,1.0,1.0,evt_china:-|oil_r5:+|evt_fed:+,0.4809475661507272
2026-09-30,EREGL,stock,36.84000015258789,0.480279662859024,down,5,1,2026-10-07,-0.0120153989665697,1.0,0.0,evt_china:-|oil_r5:+|gold_spy_mom:-,0.5082505266223796
2026-09-30,BTC,crypto,83559.58,0.4775871868183246,down,5,1,2026-10-05,0.0296987147059424,0.0,0.0,evt_china:-|gold_spy_mom:-|oil_r5:+,0.5533951779558188
2026-09-30,HSI,stock,24613.26953125,0.4740867789488058,down,5,1,2026-10-08,-0.0341974052184649,1.0,0.0,oil_r5:+|evt_china:-|evt_fed:+,0.4531650065137161
2026-09-30,SOL,crypto,119.25,0.4676647416752584,down,5,1,2026-10-05,0.0115058798088417,0.0,0.0,evt_china:-|gold_spy_mom:-|is_crypto:-,0.5496629758844445
2026-09-30,XRP,crypto,1.5118,0.453471293439688,down,5,1,2026-10-05,0.0033677847395503,0.0,0.0,evt_china:-|gold_spy_mom:-|evt_fed:+,0.5000362046640393
2026-09-30,XLB,stock,49.005001068115234,0.6024276097790816,up,5,1,2026-10-07,0.0010197683192594,1.0,1.0,oil_r5:+|evt_fed:+|evt_china:-,0.5052155077941195
2026-09-30,SPY,stock,766.1799926757812,0.6016163502231808,up,5,1,2026-10-07,0.0140361133446533,1.0,0.0,corr_spy63:+|oil_r5:+|evt_china:-,0.5488514465342675
2026-09-30,INDA,stock,46.65499877929688,0.6002393717704122,up,5,1,2026-10-07,-0.0114249741608286,0.0,1.0,oil_r5:+|evt_fed:+|evt_china:-,0.4780069753975258
2026-09-30,XLF,stock,53.51499938964844,0.5882462598334304,up,5,1,2026-10-07,0.0042886425201703,1.0,0.0,oil_r5:+|evt_fed:+|evt_china:-,0.5131807866102314
2026-09-30,MCHI,stock,52.18999862670898,0.5839578825061756,up,5,1,2026-10-07,-0.0104974850197677,0.0,1.0,oil_r5:+|volu_trend:+|evt_fed:+,0.495936837090092
2026-09-30,URA,stock,39.9900016784668,0.5752659665742232,up,5,1,2026-10-07,-0.0033816084367301,0.0,0.0,oil_r5:+|sma20_gap:+|hi52_dist:-,0.5563206498432451
2026-09-30,EWG,stock,41.3650016784668,0.5649101630081164,up,5,1,2026-10-07,-0.0109383868634559,0.0,0.0,oil_r5:+|evt_fed:+|evt_china:-,0.4980234557869293
2026-09-30,EWU,stock,46.625,0.5636697806062888,up,5,1,2026-10-07,-0.0145830125585959,0.0,1.0,oil_r5:+|evt_fed:+|evt_china:-,0.4995014622307374
2026-09-30,TSLA,stock,351.6700134277344,0.5619191045292673,up,5,1,2026-10-07,0.0707448678735345,1.0,0.0,oil_r5:+|evt_china:-|r63:+,0.5685905577555956
2026-09-30,XLC,stock,111.59500122070312,0.5619101950534896,up,5,1,2026-10-07,-0.0024673230985767,0.0,0.0,oil_r5:+|evt_china:-|volu_trend:+,0.4773431581319503
2026-09-30,XLU,stock,39.53499984741211,0.5569249571262856,up,5,1,2026-10-07,0.0406449058711868,1.0,0.0,oil_r5:+|volu_trend:+|evt_china:-,0.5219796636900506
2026-09-30,XLI,stock,167.72000122070312,0.550904468024611,up,5,1,2026-10-07,0.0019953336151337,1.0,0.0,oil_r5:+|evt_fed:+|evt_china:-,0.4752690331101295
2026-09-30,SLV,stock,54.3650016784668,0.5500851053973599,up,5,1,2026-10-07,-0.0090540468998333,0.0,1.0,oil_r5:+|hi52_dist:-|evt_china:-,0.5771855337584079
2026-09-30,XLRE,stock,41.01499938964844,0.548474476398795,up,5,1,2026-10-07,-0.0084471636766464,0.0,0.0,oil_r5:+|evt_fed:+|evt_china:-,0.5138566722972989
2026-09-30,SCHD,stock,32.64970016479492,0.5477202186608744,up,5,1,2026-10-07,0.000664348867378,1.0,0.0,oil_r5:+|evt_china:-|evt_fed:+,0.5364603914104421
2026-09-30,XLP,stock,80.84500122070312,0.5474073693659751,up,5,1,2026-10-07,0.012111402674719,1.0,0.0,oil_r5:+|corr_spy63:-|evt_fed:+,0.4974539206331911
2026-09-30,O,stock,54.459999084472656,0.5466542280762029,up,5,1,2026-10-07,-0.019655695893948,0.0,0.0,oil_r5:+|evt_fed:+|corr_spy63:-,0.5735276371025888
2026-09-30,EWQ,stock,42.709999084472656,0.5450825016104318,up,5,1,2026-10-07,-0.033691680495627,0.0,1.0,oil_r5:+|evt_fed:+|evt_china:-,0.456008049394166
2026-09-30,LIT,stock,68.41999816894531,0.5448146730709037,up,5,1,2026-10-07,0.0159492798823501,1.0,1.0,oil_r5:+|evt_china:-|evt_fed:+,0.4813942635163734
2026-09-30,EWJ,stock,97.50499725341795,0.5393693157431723,up,5,1,2026-10-07,0.0080695119598366,1.0,0.0,oil_r5:+|volu_trend:+|evt_china:-,0.4736858177547174
2026-09-30,QQQ,stock,742.530029296875,0.5386870582956507,up,5,1,2026-10-07,0.0196103084923406,1.0,0.0,oil_r5:+|corr_spy63:+|gold_spy_mom:-,0.5019914592252636
2026-09-30,GLD,stock,380.6549987792969,0.5378818956809978,up,5,1,2026-10-07,-0.0111613623630403,0.0,0.0,oil_r5:+|evt_china:-|evt_fed:+,0.4675322545886214
2026-09-30,XLY,stock,108.86499786376952,0.5371920423365979,up,5,1,2026-10-07,0.0229738501655462,1.0,0.0,oil_r5:+|evt_china:-|evt_fed:+,0.4896265797666499
2026-09-30,MSFT,stock,517.4099731445312,0.5337971708777308,up,5,1,2026-10-07,0.0230409058123622,1.0,0.0,oil_r5:+|kurt63:+|evt_china:-,0.4753911590941189
2026-09-30,VRT,stock,242.7700042724609,0.5296343749156148,up,5,1,2026-10-07,0.0082861620377325,1.0,0.0,oil_r5:+|r63:+|evt_china:-,0.5052076441079613
2026-09-30,EWZ,stock,37.30500030517578,0.5284474407535065,up,5,1,2026-10-07,0.1304943670944513,1.0,0.0,oil_r5:+|evt_china:-|round_dist:+,0.4492321827723291
2026-09-30,AAPL,stock,336.0,0.5251816947927553,up,5,1,2026-10-07,0.0004760880274333,1.0,0.0,oil_r5:+|evt_china:-|corr_spy63:-,0.549906250699078
2026-09-30,GEV,stock,954.2050170898438,0.5246793578075145,up,5,1,2026-10-07,0.0444437781125664,1.0,0.0,oil_r5:+|r63:+|evt_china:-,0.4485510806229273
2026-09-30,EWY,stock,181.9499969482422,0.5245541040337024,up,5,1,2026-10-07,0.010932057674974,1.0,0.0,oil_r5:+|evt_china:-|evt_fed:+,0.4822371399056576
2026-09-30,NVDA,stock,230.54150390625,0.5211292955420471,up,5,1,2026-10-07,0.0275026494371454,1.0,0.0,oil_r5:+|evt_china:-|gold_spy_mom:-,0.4650490542770669
2026-09-30,PWR,stock,645.7999877929688,0.5210123519091772,up,5,1,2026-10-07,0.0801403908517365,1.0,0.0,oil_r5:+|evt_china:-|kurt63:+,0.451074104380999
2026-09-30,DBA,stock,28.14999961853028,0.5200682720052748,up,5,1,2026-10-07,0.0121813217045382,1.0,0.0,oil_r5:+|evt_china:-|corr_spy63:-,0.5026055490178688
2026-09-30,JEPI,stock,56.38999938964844,0.5174356872493886,up,5,1,2026-10-07,0.0011520660710295,1.0,0.0,oil_r5:+|evt_china:-|evt_fed:+,0.4321790607088855
2026-09-30,COPX,stock,85.07499694824219,0.5148988891234016,up,5,1,2026-10-07,-0.0184471005744295,0.0,0.0,oil_r5:+|evt_china:-|evt_fed:+,0.4713496910066412
2026-09-30,XLE,stock,61.97499847412109,0.510968385700287,up,5,1,2026-10-07,0.023048186937944,1.0,0.0,corr_spy63:-|oil_r5:+|round_dist:+,0.4949296667362509
2026-09-30,ETN,stock,432.1289978027344,0.5065759684627226,up,5,1,2026-10-07,-0.0024536427950402,0.0,0.0,oil_r5:+|evt_china:-|evt_fed:+,0.4673320717457786
2026-09-30,HUBB,stock,457.4549865722656,0.5049451420593086,up,5,1,2026-10-07,0.0404849077757139,1.0,0.0,oil_r5:+|evt_china:-|evt_fed:+,0.4492347092702587
2026-09-30,AMZN,stock,249.8249969482422,0.5033831369420763,up,5,1,2026-10-07,0.0389204325519788,1.0,0.0,oil_r5:+|evt_china:-|evt_fed:+,0.4833124270885645
2026-09-30,AVGO,stock,353.4800109863281,0.501220596423738,up,5,1,2026-10-07,0.0583254329262261,1.0,0.0,oil_r5:+|evt_china:-|evt_fed:+,0.4676961441764626
2026-09-30,GRID,stock,177.4499969482422,0.500944967308175,up,5,1,2026-10-07,0.0133786844475143,1.0,1.0,oil_r5:+|evt_china:-|gold_spy_mom:-,0.4637441067201987
2026-09-30,GOOGL,stock,348.6400146484375,0.498778864886133,down,5,1,2026-10-07,0.0018626339684735,0.0,0.0,oil_r5:+|evt_china:-|evt_fed:+,0.4809531771294574
2026-09-30,XLV,stock,169.33999633789062,0.4962888210526025,down,5,1,2026-10-07,-0.0036679631827505,1.0,0.0,oil_r5:+|corr_spy63:-|evt_china:-,0.4960331654332234
2026-09-30,META,stock,732.3900146484375,0.4958115447920762,down,5,1,2026-10-07,-0.0144403859600491,1.0,0.0,oil_r5:+|evt_china:-|gold_spy_mom:-,0.4409740667349896
2026-09-30,XLK,stock,196.5599975585937,0.4946312805189212,down,5,1,2026-10-07,0.0239280024968812,0.0,0.0,oil_r5:+|gold_spy_mom:-|evt_china:-,0.496431792352043
2026-10-01,USDTRY,fx,48.95000076293945,0.8568210997393554,up,5,1,2026-10-08,0.005264970830012,1.0,1.0,vol21:+|rsi14:+|hi52_dist:+,0.6441374466614719
2026-10-01,XU100,stock,12093.48046875,0.6609874725367997,up,5,1,2026-10-08,-0.0018440367626504,0.0,0.0,sma20_gap:+|macd_hist:+|r63:+,0.6538434538417999
2026-10-01,SISE,stock,37.040000915527344,0.6092583574198285,up,5,1,2026-10-08,0.0139412564074158,1.0,0.0,sma20_gap:+|macd_hist:+|try_r5:-,0.6682892104499939
2026-10-01,TUPRS,stock,376.75,0.6044501379742255,up,5,1,2026-10-08,0.0274886417903732,1.0,0.0,macd_hist:+|sma20_gap:+|gold_spy_mom:+,0.6314400637927992
2026-10-01,KCHOL,stock,207.6000061035156,0.5719823704709467,up,5,1,2026-10-08,0.0138724724303387,1.0,0.0,evt_china:+|gold_spy_mom:+|try_r5:-,0.5712577646636049
2026-10-01,XAUUSD,commodity,4183.0,0.5709070093406474,up,5,1,2026-10-08,-0.010550295966506,0.0,0.0,gold_spy_mom:+|evt_china:+|evt_fed:+,0.5352243474644164
2026-10-01,FTSE,stock,10440.169921875,0.5687764943581273,up,5,1,2026-10-08,-0.0037051047751642,0.0,0.0,gold_spy_mom:+|evt_china:+|try_r5:-,0.5171982618631531
2026-10-01,GARAN,stock,123.9000015258789,0.5618107242260041,up,5,1,2026-10-08,0.0309917648720997,1.0,0.0,try_r5:-|evt_china:+|gold_spy_mom:+,0.5587872892424902
2026-10-01,AKBNK,stock,66.5,0.56009258673365,up,5,1,2026-10-08,0.0178841871787565,1.0,0.0,sma20_gap:+|try_r5:-|evt_china:+,0.5610153521573528
2026-10-01,DAX,stock,25039.580078125,0.5576120159358722,up,5,1,2026-10-08,-0.0082577787631817,0.0,0.0,evt_china:+|gold_spy_mom:+|try_r5:-,0.5050818310232088
2026-10-01,ETH,crypto,2683.13,0.5553259035518923,up,5,1,2026-10-06,0.0120031226272587,1.0,0.0,kurt63:+|squeeze:-|range_pos60:+,0.6068117091054045
2026-09-29,NATGAS,commodity,3.18,0.5495669565781899,up,5,1,2026-10-06,-0.0483185772708078,0.0,0.0,hi52_dist:+|range_pos60:+|month:-,0.5679005310976124
2026-10-01,BIMAS,stock,415.25,0.5475787641466715,up,5,1,2026-10-08,-0.043057081275508,0.0,0.0,try_r5:-|evt_china:+|round_dist:+,0.4952191793420092
2026-10-01,EREGL,stock,36.29999923706055,0.5473540402816106,up,5,1,2026-10-08,-0.0016541927631026,0.0,0.0,try_r5:-|evt_china:+|r5:+,0.5500918274514586
2026-10-01,THYAO,stock,285.5,0.5410134910361613,up,5,1,2026-10-08,-0.0061484603004524,0.0,0.0,r63:+|evt_china:+|try_r5:-,0.5180894316047007
2026-10-01,SOL,crypto,117.36,0.5362663441654254,up,5,1,2026-10-06,0.0298830360765309,1.0,0.0,is_crypto:-|try_r5:-|round_dist:+,0.5986248819609082
2026-10-01,N225,stock,68956.71875,0.5321238497521941,up,5,1,2026-10-08,0.0012375559569382,1.0,0.0,try_r5:-|corr_spy63:-|evt_fed:+,0.5414497522692717
2026-10-01,BTC,crypto,83599.67,0.5207053911438354,up,5,1,2026-10-06,0.0267279880416457,1.0,0.0,is_crypto:-|try_r5:-|gold_spy_mom:+,0.5604636825240851
2026-09-29,BRENT,commodity,113.96,0.5088764223349704,up,5,1,2026-10-06,0.0959800469723901,1.0,0.0,corr_spy63:-|r10:+|vix_pct:+,0.5248288916756009
2026-10-01,ASELS,stock,362.75,0.5038371824107736,up,5,1,2026-10-08,-0.0596344161602383,0.0,0.0,r1:-|try_r5:-|evt_china:+,0.527710771154655
2026-10-01,XRP,crypto,1.4816,0.4965554616084008,down,5,1,2026-10-06,0.016865611925971,0.0,0.0,squeeze:-|is_crypto:-|try_r5:-,0.5604973639490286
2026-09-29,WTI,commodity,96.16,0.4492313066170965,down,5,1,2026-10-06,0.0008316008795259,0.0,0.0,corr_spy63:-|vol_ratio:-|month:-,0.4821053501773199
2026-10-01,SPY,stock,764.340087890625,0.5988863473462238,up,5,1,2026-10-08,0.0117318078764019,1.0,0.0,corr_spy63:+|evt_china:+|evt_fed:+,0.5522801161930011
2026-10-01,EWQ,stock,41.665000915527344,0.5747152809250441,up,5,1,2026-10-08,-0.0089200868858584,0.0,1.0,try_r5:-|evt_china:+|gold_spy_mom:+,0.555666937359378
2026-10-01,O,stock,53.81499862670898,0.5737993792567087,up,5,1,2026-10-08,0.0024127901486174,1.0,0.0,r63:+|sma20_gap:+|evt_china:+,0.601862908805526
2026-10-01,URA,stock,39.39500045776367,0.5584883704132766,up,5,1,2026-10-08,-0.0280584723817131,0.0,0.0,sma20_gap:+|try_r5:-|evt_china:+,0.588927178204266
2026-10-01,MSFT,stock,515.7000122070312,0.5583219638997158,up,5,1,2026-10-08,0.012487117275531,1.0,0.0,kurt63:+|evt_china:+|range_pos60:+,0.517628987212141
2026-10-01,EWU,stock,45.75,0.5580399927027765,up,5,1,2026-10-08,0.0100044133483238,1.0,1.0,evt_china:+|gold_spy_mom:+|try_r5:-,0.4992949354823509
2026-10-01,XLU,stock,39.58990097045898,0.5528919961254869,up,5,1,2026-10-08,0.0360949214520568,1.0,0.0,r63:+|evt_china:+|try_r5:-,0.5601521055263852
2026-10-01,INDA,stock,46.39500045776367,0.5508019587446987,up,5,1,2026-10-08,-0.0184908966782285,0.0,0.0,evt_china:+|try_r5:-|gold_spy_mom:+,0.4816711227141471
2026-10-01,XLB,stock,48.55500030517578,0.5481021542121775,up,5,1,2026-10-08,0.0129423438461479,1.0,1.0,evt_china:+|try_r5:-|gold_spy_mom:+,0.4819391092674117
2026-10-01,XLRE,stock,40.69499969482422,0.5469179270480035,up,5,1,2026-10-08,0.0041687647616416,1.0,0.0,evt_china:+|try_r5:-|evt_sanction:+,0.4655925164440013
2026-10-01,XLF,stock,53.33000183105469,0.5466049909555281,up,5,1,2026-10-08,0.0179330489977454,1.0,0.0,evt_china:+|try_r5:-|gold_spy_mom:+,0.4847852185684921
2026-10-01,QQQ,stock,742.7310180664062,0.543229919176288,up,5,1,2026-10-08,0.0051621394107208,1.0,0.0,corr_spy63:+|evt_china:+|evt_fed:+,0.5069377369141765
2026-10-01,EWG,stock,40.76499938964844,0.5398320975157301,up,5,1,2026-10-08,-0.0035633252854982,0.0,1.0,try_r5:-|evt_china:+|evt_sanction:+,0.5089915480326676
2026-10-01,XLC,stock,110.05500030517578,0.5390591772694302,up,5,1,2026-10-08,0.0168487877861189,1.0,0.0,evt_china:+|try_r5:-|gold_spy_mom:+,0.5172228781709565
2026-10-01,COPX,stock,83.37999725341797,0.53871152727188,up,5,1,2026-10-08,-0.0180376195161479,0.0,0.0,evt_china:+|try_r5:-|gold_spy_mom:+,0.5143038694760603
2026-10-01,EWY,stock,185.6100006103516,0.5355965118476416,up,5,1,2026-10-08,-0.054186915418847,0.0,1.0,try_r5:-|evt_china:+|evt_fed:+,0.5067418577765873
2026-10-01,SCHD,stock,32.6952018737793,0.5326005658188863,up,5,1,2026-10-08,0.0130599488580324,1.0,0.0,evt_china:+|gold_spy_mom:+|try_r5:-,0.5327826903365099
2026-10-01,XLK,stock,198.0399932861328,0.5315268220416779,up,5,1,2026-10-08,-0.0031102157501974,0.0,0.0,evt_oil:-|evt_china:+|try_r5:-,0.4999942104075857
2026-10-01,XLY,stock,109.03500366210938,0.5308224821385872,up,5,1,2026-10-08,0.0230728736363662,1.0,0.0,evt_china:+|try_r5:-|evt_oil:-,0.4861875071561227
2026-10-01,LIT,stock,68.05690002441406,0.530188033657816,up,5,1,2026-10-08,0.0114407977976278,1.0,1.0,try_r5:-|evt_china:+|evt_sanction:+,0.519583236027185
2026-10-01,AAPL,stock,329.7799987792969,0.5298489355386479,up,5,1,2026-10-08,0.034775529386411,1.0,0.0,kurt63:+|gold_spy_mom:+|corr_spy63:-,0.5118358054519864
2026-10-01,SLV,stock,54.92499923706055,0.5265861254239552,up,5,1,2026-10-08,-0.0283451532999562,0.0,1.0,evt_china:+|hi52_dist:-|try_r5:-,0.5644368317963484
2026-10-01,PWR,stock,660.2822265625,0.524651879350532,up,5,1,2026-10-08,0.0334687311808291,1.0,0.0,kurt63:+|evt_china:+|evt_oil:-,0.4708839710652576
2026-10-01,MCHI,stock,52.14500045776367,0.5245691793180776,up,5,1,2026-10-08,-0.0161426166333835,0.0,1.0,evt_china:+|try_r5:-|evt_oil:-,0.4911139964505842
2026-10-01,JEPI,stock,55.945499420166016,0.5245353399686231,up,5,1,2026-10-08,0.0128440585660779,1.0,0.0,evt_china:+|try_r5:-|gold_spy_mom:+,0.4548565570606321
2026-10-01,DBA,stock,28.104999542236328,0.523068908386669,up,5,1,2026-10-08,0.0085031433852801,1.0,0.0,evt_china:+|corr_spy63:-|gold_spy_mom:+,0.4811501357314331
2026-10-01,HUBB,stock,465.1400146484375,0.5212974089227526,up,5,1,2026-10-08,0.0227326704905063,1.0,0.0,evt_china:+|evt_oil:-|try_r5:-,0.4589334955743285
2026-10-01,EWJ,stock,97.28500366210938,0.5178213420305607,up,5,1,2026-10-08,-0.0013886610365716,0.0,1.0,evt_china:+|try_r5:-|evt_oil:-,0.478852695933196
2026-10-01,XLP,stock,80.41500091552734,0.5168691474279068,up,5,1,2026-10-08,0.0380650122163195,1.0,0.0,corr_spy63:-|evt_china:+|gold_spy_mom:+,0.4742608112562853
2026-10-01,XLI,stock,168.24000549316406,0.5168604199019077,up,5,1,2026-10-08,-8.915868896560164e-05,0.0,0.0,evt_china:+|try_r5:-|evt_oil:-,0.4900302820495064
2026-10-01,GOOGL,stock,338.4949951171875,0.5153551985674877,up,5,1,2026-10-08,0.0273770731899528,1.0,0.0,evt_china:+|try_r5:-|evt_fed:+,0.4831062653692715
2026-10-01,XLV,stock,166.60499572753906,0.5135109558962027,up,5,1,2026-10-08,0.0080703816393864,1.0,0.0,evt_china:+|try_r5:-|evt_oil:-,0.5167117263678297
2026-10-01,EWZ,stock,37.02000045776367,0.512497887364784,up,5,1,2026-10-08,0.1416861522319444,1.0,0.0,try_r5:-|evt_china:+|evt_oil:-,0.4895318433623508
2026-10-01,AVGO,stock,347.2300109863281,0.5104014045889094,up,5,1,2026-10-08,0.0318575617117648,1.0,0.0,evt_china:+|try_r5:-|evt_sanction:+,0.4903730937554383
2026-10-01,GLD,stock,382.6900024414063,0.5082928890034858,up,5,1,2026-10-08,-0.01132627377902,0.0,0.0,evt_china:+|try_r5:-|evt_oil:-,0.4703406512971057
2026-10-01,ETN,stock,437.9150085449219,0.5072279696262475,up,5,1,2026-10-08,-0.0313955553476967,0.0,0.0,evt_china:+|try_r5:-|evt_oil:-,0.461272361727184
2026-10-01,AMZN,stock,249.25,0.5047476533532105,up,5,1,2026-10-08,0.0216692606083213,1.0,0.0,evt_china:+|try_r5:-|gold_spy_mom:+,0.485077216470911
2026-10-01,META,stock,726.4249877929688,0.5041432296571113,up,5,1,2026-10-08,-0.0098148943632187,0.0,0.0,try_r5:-|gold_spy_mom:+|evt_oil:-,0.4521312686729405
2026-10-01,NVDA,stock,231.8000030517578,0.5039033881822182,up,5,1,2026-10-08,-0.0054505900206159,0.0,0.0,evt_china:+|evt_oil:-|try_r5:-,0.4756219027342935
2026-10-01,GRID,stock,178.41250610351562,0.5014061446343401,up,5,1,2026-10-08,-0.0004625424338106,0.0,1.0,try_r5:-|evt_china:+|evt_fed:+,0.479330994771435
2026-10-01,TSLA,stock,357.1401062011719,0.4998834327659642,down,5,1,2026-10-08,0.0432357963009083,0.0,0.0,evt_china:+|try_r5:-|evt_oil:-,0.5180830077348704
2026-10-01,GEV,stock,987.6649780273438,0.4981145708191135,down,5,1,2026-10-08,0.0057546105089367,0.0,0.0,r1:-|evt_oil:-|try_r5:-,0.4983941935649121
2026-10-01,XLE,stock,62.51499938964844,0.4969219787594425,down,5,1,2026-10-08,0.0442744265462136,0.0,0.0,corr_spy63:-|evt_china:+|try_r5:-,0.494226811444608
2026-10-01,VRT,stock,246.9750061035156,0.4856586304851187,down,5,1,2026-10-08,-0.0161639743247167,1.0,0.0,r63:+|evt_china:+|r1:-,0.5283028100051383
2026-10-02,USDTRY,fx,49.13970184326172,0.8732913686001895,up,5,1,2026-10-08,0.0013970558136941,1.0,1.0,vol21:+|rsi14:+|hi52_dist:+,0.661489070620178
2026-10-02,XU100,stock,12354.919921875,0.563870245309353,up,5,1,2026-10-09,-0.0089382626208593,0.0,0.0,sma20_gap:+|evt_china:-|r63:+,0.6258282687180649
2026-10-02,ETH,crypto,2749.25,0.5349210287393493,up,5,1,2026-10-07,-0.0594656592273455,0.0,0.0,kurt63:+|evt_china:-|evt_fed:+,0.6177687930118486
2026-10-02,SISE,stock,37.459999084472656,0.5288248414244874,up,5,1,2026-10-09,0.0137860207555736,1.0,0.0,sma20_gap:+|evt_china:-|vix_chg5:-,0.5866057096092296
2026-10-02,TUPRS,stock,388.0,0.521345321889472,up,5,1,2026-10-09,-0.0123178218713498,0.0,0.0,macd_hist:+|evt_china:-|gold_spy_mom:+,0.597073401972764
2026-10-02,N225,stock,68309.4609375,0.5208247977022793,up,5,1,2026-10-09,0.0105062700285866,1.0,0.0,evt_fed:+|evt_china:-|corr_spy63:-,0.5333935567253003
2026-10-02,BIMAS,stock,412.5,0.5116008303538628,up,5,1,2026-10-09,-0.0245411089161176,0.0,0.0,evt_china:-|evt_fed:+|vix_chg5:-,0.5178854043353704
2026-10-02,SOL,crypto,121.86,0.504921270170175,up,5,1,2026-10-07,-0.033884573602862,0.0,0.0,is_crypto:-|evt_fed:+|evt_china:-,0.5539903839114666
2026-10-02,BTC,crypto,86406.39,0.5028874329554794,up,5,1,2026-10-07,-0.029418378043308,0.0,0.0,is_crypto:-|evt_fed:+|evt_china:-,0.5643981897183957
2026-10-02,FTSE,stock,10456.8603515625,0.489702171794521,down,5,1,2026-10-09,0.0056586879115211,0.0,0.0,evt_china:-|vix_chg5:-|evt_fed:+,0.4841936558917737
2026-10-02,EREGL,stock,36.63999938964844,0.4891049345567629,down,5,1,2026-10-09,0.0103177963627958,0.0,0.0,evt_china:-|vix_chg5:-|evt_fed:+,0.5516262580205362
2026-10-02,XRP,crypto,1.5399,0.4864489597559095,down,5,1,2026-10-07,-0.0576054488020879,1.0,0.0,is_crypto:-|evt_china:-|evt_fed:+,0.5235738722314677
2026-10-02,AKBNK,stock,67.55000305175781,0.481875664874353,down,5,1,2026-10-09,0.0014792675883181,0.0,0.0,evt_china:-|evt_fed:+|try_r5:-,0.4634297044951223
2026-10-02,HSI,stock,23972.2890625,0.4812254700748715,down,5,1,2026-10-09,0.0099229744810092,0.0,0.0,evt_china:-|evt_fed:+|try_r5:-,0.5146971223262209
2026-10-02,KCHOL,stock,212.3000030517578,0.4805817498455286,down,5,1,2026-10-09,-0.0175818112578581,1.0,0.0,evt_china:-|vix_chg5:-|evt_fed:+,0.4931027745129374
2026-10-02,XAUUSD,commodity,4215.2998046875,0.4765175780312904,down,5,1,2026-10-09,-0.0022799224636664,1.0,0.0,evt_china:-|vix_chg5:-|evt_fed:+,0.5230675419225076
2026-10-02,ASELS,stock,373.0,0.4763378710997124,down,5,1,2026-10-09,-0.058657723649317,1.0,0.0,evt_china:-|vix_chg5:-|evt_fed:+,0.5376667264200532
2026-10-02,GARAN,stock,125.5999984741211,0.4716004455308796,down,5,1,2026-10-09,0.0204892787965254,0.0,0.0,evt_china:-|evt_fed:+|gold_spy_mom:+,0.4820114707279841
2026-10-02,THYAO,stock,291.0,0.4705988012876927,down,5,1,2026-10-09,-0.0155847310166982,1.0,0.0,evt_china:-|r63:+|vix_chg5:-,0.5157346657815587
2026-10-02,DAX,stock,25159.259765625,0.4602460420850292,down,5,1,2026-10-09,-0.0052216037890731,1.0,0.0,evt_china:-|vix_chg5:-|evt_fed:+,0.4790179607843857
2026-10-02,SPY,stock,769.2100219726562,0.5034553643986935,up,5,1,2026-10-09,0.0125494518383195,1.0,0.0,corr_spy63:+|evt_china:-|vix_chg5:-,0.5207301409180616
2026-10-02,O,stock,53.99760055541992,0.468767970427919,down,5,1,2026-10-09,0.0047555623409588,0.0,0.0,evt_china:-|r63:+|vix_chg5:-,0.602292548243027
2026-10-02,AAPL,stock,333.5400085449219,0.442520043708594,down,5,1,2026-10-09,0.0126023341447711,0.0,0.0,evt_china:-|kurt63:+|vix_chg5:-,0.5288226561303151
2026-10-02,TSLA,stock,371.0050048828125,0.4416913987025161,down,5,1,2026-10-09,0.0340363144080796,0.0,0.0,evt_china:-|kurt63:+|r1:-,0.5201829044963169
2026-10-02,HUBB,stock,473.3374938964844,0.4391242128684944,down,5,1,2026-10-09,0.0042637290881204,0.0,0.0,evt_china:-|vix_chg5:-|round_dist:+,0.4855530765693102
2026-10-02,QQQ,stock,748.8499755859375,0.4378311961863913,down,5,1,2026-10-09,0.0031598487724033,0.0,0.0,evt_china:-|vix_chg5:-|vix_pct:-,0.5244710808396881
2026-10-02,MSFT,stock,515.0499267578125,0.4371079121357951,down,5,1,2026-10-09,0.0397770547883062,0.0,0.0,evt_china:-|kurt63:+|vix_pct:-,0.4959826698560383
2026-10-02,XLK,stock,199.7449951171875,0.4332857303146276,down,5,1,2026-10-09,-0.0041890490708988,1.0,0.0,evt_china:-|vix_chg5:-|evt_oil:-,0.5025962541396809
2026-10-02,EWJ,stock,98.71499633789062,0.4311636430561044,down,5,1,2026-10-09,-0.0088522670863354,1.0,1.0,evt_china:-|evt_oil:-|vix_chg5:-,0.4714911115821982
2026-10-02,GRID,stock,182.6000061035156,0.4305454768993842,down,5,1,2026-10-09,-0.0096300094393172,1.0,1.0,evt_china:-|vix_chg5:-|vix_pct:-,0.4957833270661773
2026-10-02,XLU,stock,39.775001525878906,0.4288138862449092,down,5,1,2026-10-09,0.0409332019827241,0.0,0.0,evt_china:-|r63:+|vix_pct:-,0.4940879322384656
2026-10-02,EWQ,stock,42.16999816894531,0.4247276222268008,down,5,1,2026-10-09,-0.0152929960883014,1.0,1.0,evt_china:-|round_dist:+|try_r5:-,0.5150224662421685
2026-10-02,GEV,stock,990.3400268554688,0.4228037389402135,down,5,1,2026-10-09,0.012832049967794,0.0,0.0,evt_china:-|vix_chg5:-|r63:+,0.5360139117565147
2026-10-02,XLV,stock,165.76499938964844,0.4204855498702893,down,5,1,2026-10-09,0.0300392943679962,0.0,0.0,evt_china:-|vix_chg5:-|evt_oil:-,0.5317758129054924
2026-10-02,ETN,stock,437.0050048828125,0.4185874007408834,down,5,1,2026-10-09,-0.0152528394389114,1.0,0.0,evt_china:-|eur_r5:-|vix_chg5:-,0.5295629464178904
2026-10-02,INDA,stock,46.51499938964844,0.4158041700377157,down,5,1,2026-10-09,-0.0106987335446354,1.0,0.0,evt_china:-|vix_chg5:-|evt_oil:-,0.5098813792581987
2026-10-02,NVDA,stock,234.6300048828125,0.415376879269536,down,5,1,2026-10-09,-0.0211051383859906,1.0,0.0,evt_china:-|vix_chg5:-|evt_oil:-,0.48022687580168
2026-10-02,URA,stock,39.720001220703125,0.4124429083508968,down,5,1,2026-10-09,-0.020174464202627,1.0,0.0,evt_china:-|sma20_gap:+|vix_chg5:-,0.533876093849764
2026-10-02,PWR,stock,677.1849975585938,0.4102671418420262,down,5,1,2026-10-09,0.0368005544178603,0.0,0.0,evt_china:-|vix_chg5:-|evt_oil:-,0.4994527745815763
2026-10-02,SLV,stock,54.47499847412109,0.4097854889521784,down,5,1,2026-10-09,0.0097749758827274,0.0,1.0,evt_china:-|eur_r5:-|hi52_dist:-,0.5445518977911635
2026-10-02,XLE,stock,62.84000015258789,0.4077528249760753,down,5,1,2026-10-09,0.0365608622758444,0.0,0.0,evt_china:-|vix_pct:-|corr_spy63:-,0.5149510723600637
2026-10-02,SCHD,stock,32.685001373291016,0.4075124601682831,down,5,1,2026-10-09,0.0115287532082018,0.0,0.0,evt_china:-|eur_r5:-|vix_pct:-,0.5330718097688514
2026-10-02,DBA,stock,28.184999465942383,0.4059213381112009,down,5,1,2026-10-09,0.0058335752715245,0.0,0.0,evt_china:-|vix_chg5:-|vix_pct:-,0.4930795308875821
2026-10-02,XLI,stock,169.77999877929688,0.4047239431301793,down,5,1,2026-10-09,-0.0021226459242892,1.0,0.0,evt_china:-|vix_chg5:-|round_dist:+,0.4908506996819437
2026-10-02,GOOGL,stock,343.4200134277344,0.4036269108866672,down,5,1,2026-10-09,0.0227716875167425,0.0,0.0,evt_china:-|vix_chg5:-|vix_pct:-,0.4981830201779706
2026-10-02,EWU,stock,46.09389877319336,0.4029686039971428,down,5,1,2026-10-09,0.0078035479181324,0.0,1.0,evt_china:-|vix_chg5:-|vix_pct:-,0.498083288569674
2026-10-02,XLY,stock,109.94000244140624,0.3987453997466618,down,5,1,2026-10-09,0.0263904985734544,0.0,0.0,evt_china:-|vix_chg5:-|evt_oil:-,0.4920685007493764
2026-10-02,XLRE,stock,40.89500045776367,0.3972389584974604,down,5,1,2026-10-09,0.0174529021507023,0.0,0.0,evt_china:-|vix_pct:-|vix_chg5:-,0.4816426908913361
2026-10-02,XLC,stock,110.31999969482422,0.3963003010756595,down,5,1,2026-10-09,0.0016510723557038,0.0,0.0,evt_china:-|vix_chg5:-|evt_oil:-,0.5020175957252921
2026-10-02,GLD,stock,379.625,0.3961192737259039,down,5,1,2026-10-09,0.0139035609633681,0.0,0.0,evt_china:-|eur_r5:-|vix_chg5:-,0.5076288239475257
2026-10-02,EWY,stock,190.1999969482422,0.3959150942798707,down,5,1,2026-10-09,-0.0709664207889655,1.0,1.0,evt_china:-|vix_chg5:-|evt_oil:-,0.4988469297634533
2026-10-02,META,stock,728.135009765625,0.3951245719023852,down,5,1,2026-10-09,-0.0120133489774269,1.0,0.0,evt_china:-|eur_r5:-|vix_pct:-,0.4815492450141045
2026-10-02,XLP,stock,80.44499969482422,0.3949103927924786,down,5,1,2026-10-09,0.0366224227734535,0.0,0.0,evt_china:-|vix_pct:-|vix_chg5:-,0.4921441040915705
2026-10-02,XLF,stock,53.53499984741211,0.394211866645189,down,5,1,2026-10-09,0.0231720695000888,0.0,0.0,evt_china:-|vix_chg5:-|vix_pct:-,0.4867124314608067
2026-10-02,EWZ,stock,37.82500076293945,0.3930208521902694,down,5,1,2026-10-09,0.1367008079706572,0.0,0.0,evt_china:-|vix_chg5:-|evt_oil:-,0.4710139866465108
2026-10-02,EWG,stock,41.244998931884766,0.3925582902588839,down,5,1,2026-10-09,-0.0064457357755159,1.0,1.0,evt_china:-|vix_chg5:-|try_r5:-,0.4818963250110181
2026-10-02,MCHI,stock,51.244998931884766,0.3925116379017797,down,5,1,2026-10-09,0.0244808000120955,0.0,1.0,evt_china:-|eur_r5:-|vix_chg5:-,0.4702656322308773
2026-10-02,AMZN,stock,250.5500030517578,0.3889550951293624,down,5,1,2026-10-09,0.0418192896930523,0.0,0.0,evt_china:-|vix_chg5:-|vix_pct:-,0.4984729859385844
2026-10-02,LIT,stock,69.0199966430664,0.3862245758038089,down,5,1,2026-10-09,0.0100909691277283,0.0,1.0,evt_china:-|vix_chg5:-|vix_pct:-,0.4724678780289743
2026-10-02,AVGO,stock,355.6000061035156,0.3850227324443623,down,5,1,2026-10-09,0.0187447138367992,0.0,0.0,evt_china:-|vix_chg5:-|vix_pct:-,0.4610625457487135
2026-10-02,XLB,stock,49.02000045776367,0.3819112499362043,down,5,1,2026-10-09,0.0115608161397609,0.0,1.0,evt_china:-|vix_chg5:-|vix_pct:-,0.4830674601979737
2026-10-02,JEPI,stock,56.07500076293945,0.3688401566942117,down,5,1,2026-10-09,0.0125821096445246,0.0,0.0,evt_china:-|vix_chg5:-|vix_pct:-,0.4561185657809091
2026-10-02,COPX,stock,85.63999938964844,0.36501640554427,down,5,1,2026-10-09,0.0029149440773958,0.0,0.0,evt_china:-|vix_chg5:-|evt_oil:-,0.4366234214095395
2026-10-02,VRT,stock,252.0,0.3424979940338399,down,5,1,2026-10-09,-0.0345585718939275,1.0,0.0,evt_china:-|r63:+|hi52_dist:-,0.4682427984288726
2026-10-03,ETH,crypto,2684.6,0.4772840444494917,down,5,1,2026-10-08,-0.0431395790863687,1.0,0.0,evt_china:-|kurt63:+|range_pos60:+,0.5857353785934235
2026-10-03,SOL,crypto,119.36,0.4529266479360984,down,5,1,2026-10-08,-0.0263150741822461,1.0,0.0,evt_china:-|round_dist:+|is_crypto:-,0.5712095759316068
2026-10-03,BTC,crypto,84621.54,0.4163279881128282,down,5,1,2026-10-08,-0.0160531890451553,1.0,0.0,evt_china:-|is_crypto:-|vix_pct:-,0.5692699443156835
2026-10-03,XRP,crypto,1.4843,0.3909455558143133,down,5,1,2026-10-08,-0.0435120610329033,1.0,0.0,evt_china:-|squeeze:-|is_crypto:-,0.546763963070582
2026-10-03,USDTRY,fx,49.12049865722656,0.8736502682170465,up,5,1,2026-10-08,0.001787919788769,1.0,1.0,vol21:+|rsi14:+|sma50_gap:+,0.6736065250458478
2026-10-04,ETH,crypto,2702.2,0.4945827442165401,down,5,1,2026-10-09,-0.0872603633807816,1.0,0.0,evt_china:-|kurt63:+|round_dist:+,0.6031511163524834
2026-10-04,SOL,crypto,121.43,0.4538351897214541,down,5,1,2026-10-09,-0.1081735859107753,1.0,0.0,evt_china:-|round_dist:+|is_crypto:-,0.60025189483659
2026-10-04,BTC,crypto,85243.39,0.4318947062283551,down,5,1,2026-10-09,-0.0427432742357906,1.0,0.0,evt_china:-|is_crypto:-|eur_r5:-,0.570537208930707
2026-10-04,XRP,crypto,1.4995,0.4058669904297503,down,5,1,2026-10-09,-0.0793593800080109,1.0,0.0,evt_china:-|is_crypto:-|eur_r5:-,0.5709378095826604
2026-10-04,USDTRY,fx,49.13249969482422,0.8772046721615228,up,5,1,2026-10-09,0.004157639662412347,1.0,1.0,vol21:+|rsi14:+|sma50_gap:+,0.6739068002753997
2026-10-04,XAUUSD,commodity,4172.89990234375,0.4232150248709987,down,5,1,2026-10-09,0.0078295801559834,0.0,0.0,evt_china:-|eur_r5:-|vix_chg5:-,0.5299234146040723
2026-10-05,USDTRY,fx,49.155540466308594,0.8797008734741868,up,5,0,,,,1.0,vol21:+|rsi14:+|sma50_gap:+,0.6730430977436231
2026-10-05,N225,stock,69946.859375,0.4945287740759536,down,5,0,,,,0.0,evt_china:-|pv_diverge:+|evt_fed:+,0.5450882002935425
2026-10-05,ETH,crypto,2714.65,0.4933872247946962,down,5,0,,,,0.0,evt_china:-|kurt63:+|range_pos60:+,0.6014851291250339
2026-10-05,XU100,stock,12424.740234375,0.489146036194391,down,5,0,,,,0.0,evt_china:-|r63:+|sma20_gap:+,0.6327549444263977
2026-10-05,SOL,crypto,120.63,0.4552240504914944,down,5,0,,,,0.0,evt_china:-|round_dist:+|is_crypto:-,0.5782630079278936
2026-10-05,THYAO,stock,293.0,0.4459610612959413,down,5,0,,,,0.0,evt_china:-|r63:+|vix_chg5:-,0.5266275024573117
2026-10-05,BTC,crypto,86078.41,0.436306083039491,down,5,0,,,,0.0,evt_china:-|is_crypto:-|eur_r5:-,0.5605207467625972
2026-10-05,BIMAS,stock,415.0,0.4340921241353919,down,5,0,,,,0.0,evt_china:-|round_dist:+|vix_chg5:-,0.5206641606820406
2026-10-05,FTSE,stock,10487.08984375,0.4258470223839669,down,5,0,,,,0.0,evt_china:-|vix_chg5:-|round_dist:+,0.5212377319543195
2026-10-05,ASELS,stock,373.0,0.4204693537741265,down,5,0,,,,0.0,evt_china:-|round_dist:+|vix_chg5:-,0.5200765914883876
2026-10-05,SISE,stock,37.81999969482422,0.4183370564802389,down,5,0,,,,0.0,evt_china:-|sma20_gap:+|vix_chg5:-,0.5029590827068225
2026-10-05,XAUUSD,commodity,4187.39990234375,0.4174278538641467,down,5,0,,,,0.0,evt_china:-|vix_chg5:-|eur_r5:-,0.5274244324662708
2026-10-05,TUPRS,stock,385.25,0.4165434000393729,down,5,0,,,,0.0,evt_china:-|macd_hist:+|vix_chg5:-,0.5831634206408828
2026-10-05,KCHOL,stock,212.5,0.4158972879135695,down,5,0,,,,0.0,evt_china:-|vix_chg5:-|round_dist:+,0.5129662532313103
2026-10-05,GARAN,stock,130.60000610351562,0.4124790612630335,down,5,0,,,,0.0,evt_china:-|r1:-|eur_r5:-,0.4672277884946209
2026-10-05,XRP,crypto,1.5169,0.4122557379354217,down,5,0,,,,0.0,evt_china:-|is_crypto:-|eur_r5:-,0.5752665181935932
2026-10-05,HSI,stock,24040.33984375,0.403573591780195,down,5,0,,,,0.0,evt_china:-|eur_r5:-|vix_pct:-,0.5329928018580671
2026-10-05,EREGL,stock,37.58000183105469,0.4017531096817713,down,5,0,,,,0.0,evt_china:-|vix_chg5:-|eur_r5:-,0.5096395939558782
2026-10-05,DAX,stock,25198.66015625,0.3813625969167284,down,5,0,,,,0.0,evt_china:-|vix_chg5:-|eur_r5:-,0.4792424256124112
2026-10-05,AKBNK,stock,69.05000305175781,0.3811603702321673,down,5,0,,,,0.0,evt_china:-|vix_pct:-|r1:-,0.4245421391921352
2026-10-05,EWZ,stock,42.97999954223633,0.5220075722188876,up,5,0,,,,0.0,evt_china:-|rsi14:+|hi52_dist:+,0.4967465485986645
2026-10-05,SPY,stock,774.8300170898438,0.4966766723145648,down,5,0,,,,0.0,evt_china:-|corr_spy63:+|vix_chg5:-,0.4816991226159705
2026-10-05,O,stock,53.77000045776367,0.4719705974054604,down,5,0,,,,0.0,evt_china:-|r63:+|vix_pct:-,0.6041441487258236
2026-10-05,QQQ,stock,756.2000122070312,0.4435451344507327,down,5,0,,,,0.0,evt_china:-|vix_chg5:-|corr_spy63:+,0.5342429431881626
2026-10-05,XLK,stock,200.92999267578125,0.4409171005005631,down,5,0,,,,0.0,evt_china:-|vix_chg5:-|eur_r5:-,0.5299991554381692
2026-10-05,PWR,stock,683.4199829101562,0.4352912474129066,down,5,0,,,,0.0,evt_china:-|kurt63:+|vix_pct:-,0.5257819960643432
2026-10-05,GEV,stock,990.0,0.433679828031444,down,5,0,,,,0.0,evt_china:-|vix_pct:-|eur_r5:-,0.4814062802348567
2026-10-05,AVGO,stock,362.510009765625,0.4333460867834969,down,5,0,,,,0.0,evt_china:-|round_dist:+|vix_pct:-,0.4539036076634731
2026-10-05,EWQ,stock,41.790000915527344,0.4306615005082125,down,5,0,,,,1.0,evt_china:-|round_dist:+|eur_r5:-,0.5466228511126706
2026-10-05,NVDA,stock,238.8999938964844,0.4282228984665577,down,5,0,,,,0.0,evt_china:-|vix_chg5:-|vix_pct:-,0.518541674231797
2026-10-05,TSLA,stock,378.7300109863281,0.4261976239277073,down,5,0,,,,0.0,evt_china:-|kurt63:+|vix_pct:-,0.4961822777264468
2026-10-05,META,stock,741.9000244140625,0.4261169047570711,down,5,0,,,,0.0,evt_china:-|eur_r5:-|vix_pct:-,0.4927843729297197
2026-10-05,XLI,stock,170.10000610351562,0.4261067745046116,down,5,0,,,,0.0,evt_china:-|round_dist:+|vix_pct:-,0.4783533847442677
2026-10-05,EWJ,stock,99.3000030517578,0.4250162377077754,down,5,0,,,,1.0,evt_china:-|vix_chg5:-|eur_r5:-,0.4865450611464866
2026-10-05,XLV,stock,167.3699951171875,0.4238474086463041,down,5,0,,,,0.0,evt_china:-|round_dist:+|vix_chg5:-,0.5135975681842739
2026-10-05,INDA,stock,46.56999969482422,0.4213921021667308,down,5,0,,,,0.0,evt_china:-|round_dist:+|vix_pct:-,0.5080717376208292
2026-10-05,AAPL,stock,332.8900146484375,0.4162578866367803,down,5,0,,,,0.0,evt_china:-|kurt63:+|vix_pct:-,0.52348371065882
2026-10-05,XLRE,stock,40.66999816894531,0.4158030952463351,down,5,0,,,,0.0,evt_china:-|vix_pct:-|eur_r5:-,0.4680559270444198
2026-10-05,XLY,stock,110.41999816894533,0.4149393930629504,down,5,0,,,,0.0,evt_china:-|round_dist:+|eur_r5:-,0.4866460703322821
2026-10-05,EWY,stock,191.4600067138672,0.413360866182108,down,5,0,,,,1.0,evt_china:-|eur_r5:-|vix_chg5:-,0.506378098944494
2026-10-05,XLU,stock,39.970001220703125,0.4111831585230513,down,5,0,,,,0.0,evt_china:-|r63:+|eur_r5:-,0.4930606733397856
2026-10-05,XLC,stock,111.61000061035156,0.4111414189835708,down,5,0,,,,0.0,evt_china:-|round_dist:+|vix_chg5:-,0.4949977158431867
2026-10-05,MSFT,stock,525.1799926757812,0.4111181123233949,down,5,0,,,,0.0,evt_china:-|kurt63:+|eur_r5:-,0.4903822774804433
2026-10-05,MCHI,stock,52.27999877929688,0.4101161859584938,down,5,0,,,,1.0,evt_china:-|round_dist:+|vix_pct:-,0.4668021551741912
2026-10-05,SCHD,stock,32.720001220703125,0.4067203029019676,down,5,0,,,,0.0,evt_china:-|vix_pct:-|eur_r5:-,0.5309042972829214
2026-10-05,HUBB,stock,480.6499938964844,0.4049159600538845,down,5,0,,,,0.0,evt_china:-|eur_r5:-|vix_pct:-,0.4822494682229538
2026-10-05,GRID,stock,182.1100006103516,0.4035144967484569,down,5,0,,,,1.0,evt_china:-|eur_r5:-|vix_chg5:-,0.491873452913005
2026-10-05,XLE,stock,63.45000076293945,0.4032226717565266,down,5,0,,,,0.0,evt_china:-|corr_spy63:-|eur_r5:-,0.4747111716180111
2026-10-05,DBA,stock,28.459999084472656,0.4014949735687171,down,5,0,,,,0.0,evt_china:-|eur_r5:-|vix_chg5:-,0.4823264487521297
2026-10-05,GOOGL,stock,346.4700012207031,0.4006352537039475,down,5,0,,,,0.0,evt_china:-|eur_r5:-|vix_pct:-,0.4899971258008687
2026-10-05,XLP,stock,81.04000091552734,0.3981683917154024,down,5,0,,,,0.0,evt_china:-|vix_pct:-|eur_r5:-,0.4651562869687264
2026-10-05,EWU,stock,46.18999862670898,0.396225779291164,down,5,0,,,,1.0,evt_china:-|eur_r5:-|vix_pct:-,0.4897541964812189
2026-10-05,EWG,stock,41.25,0.39509959663384,down,5,0,,,,1.0,evt_china:-|vix_chg5:-|eur_r5:-,0.4868327230193592
2026-10-05,GLD,stock,379.5499877929688,0.3921546297116552,down,5,0,,,,0.0,evt_china:-|eur_r5:-|vix_pct:-,0.5200661646256991
2026-10-05,XLF,stock,53.880001068115234,0.386741172058849,down,5,0,,,,0.0,evt_china:-|eur_r5:-|vix_pct:-,0.4876433397206681
2026-10-05,ETN,stock,432.6000061035156,0.3859267633374389,down,5,0,,,,0.0,evt_china:-|vix_chg5:-|eur_r5:-,0.5074691669634194
2026-10-05,XLB,stock,49.5,0.3853818824191958,down,5,0,,,,1.0,evt_china:-|eur_r5:-|vix_chg5:-,0.4789060116970838
2026-10-05,JEPI,stock,56.290000915527344,0.381950213090538,down,5,0,,,,0.0,evt_china:-|vix_chg5:-|eur_r5:-,0.4505792420949949
2026-10-05,VRT,stock,253.6199951171875,0.3808082829746704,down,5,0,,,,0.0,evt_china:-|r63:+|hi52_dist:-,0.5303938481866813
2026-10-05,AMZN,stock,251.3999938964844,0.379279061420234,down,5,0,,,,0.0,evt_china:-|vix_chg5:-|vix_pct:-,0.4869315234574305
2026-10-05,LIT,stock,70.12999725341797,0.3761729149262333,down,5,0,,,,1.0,evt_china:-|eur_r5:-|vix_pct:-,0.4578430334934427
2026-10-05,URA,stock,40.18999862670898,0.37615295388342,down,5,0,,,,0.0,evt_china:-|eur_r5:-|hi52_dist:-,0.4904047516526041
2026-10-05,SLV,stock,55.130001068115234,0.3731746091722782,down,5,0,,,,1.0,evt_china:-|eur_r5:-|hi52_dist:-,0.5270114814392372
2026-10-05,COPX,stock,86.33000183105469,0.3721331345755751,down,5,0,,,,0.0,evt_china:-|eur_r5:-|vix_chg5:-,0.4588506815514492
2026-10-06,USDTRY,fx,49.16880035400391,0.8705578746602308,up,5,0,,,,1.0,rsi14:+|vol21:+|sma50_gap:+,0.6764986143509036
2026-10-06,ETH,crypto,2715.53,0.4984159213264277,down,5,0,,,,0.0,evt_china:-|kurt63:+|range_pos60:+,0.6219182731155704
2026-10-06,N225,stock,70252.75,0.4972625482877015,down,5,0,,,,0.0,evt_china:-|pv_diverge:+|evt_fed:+,0.5397097208458909
2026-10-06,SOL,crypto,120.92,0.447181055053435,down,5,0,,,,0.0,evt_china:-|round_dist:+|is_crypto:-,0.6100261241729611
2026-10-06,BTC,crypto,85864.25,0.4457912998633905,down,5,0,,,,0.0,evt_china:-|eur_r5:-|skew21:+,0.5650807920393284
2026-10-06,XAUUSD,commodity,4178.5,0.4204874659972088,down,5,0,,,,0.0,evt_china:-|eur_r5:-|vix_chg5:-,0.5372121165948583
2026-10-06,XRP,crypto,1.5068,0.409514734363526,down,5,0,,,,0.0,evt_china:-|is_crypto:-|eur_r5:-,0.5598598733506716
2026-10-02,EURUSD,fx,0.8882,0.6563646525810064,up,5,0,,,,0.0,rsi14:+|sma50_gap:+|evt_china:-,0.5170848749999224
2026-10-02,USDCHF,fx,0.8293,0.5283963606971251,up,5,0,,,,0.0,evt_china:-|corr_spy63:-|hi52_dist:+,0.4840305085281593
2026-10-02,GBPUSD,fx,0.7556,0.5169678047961037,up,5,0,,,,0.0,evt_china:-|hi52_dist:+|kurt63:+,0.4876724035434165
2026-10-06,XU100,stock,12382.16015625,0.4932771331094511,down,5,0,,,,0.0,evt_china:-|sma20_gap:+|round_dist:+,0.5833578307131729
2026-10-02,AUDUSD,fx,1.4382,0.4888753910701723,down,5,0,,,,0.0,evt_china:-|corr_spy63:-|vix_pct:-,0.453741362892216
2026-10-02,USDJPY,fx,157.81,0.4641410452132589,down,5,0,,,,0.0,evt_china:-|corr_spy63:-|kurt63:+,0.4485213059138682
2026-10-06,TUPRS,stock,381.0,0.4617268099010622,down,5,0,,,,0.0,evt_china:-|macd_hist:+|vix_chg5:-,0.5587679659406776
2026-10-06,KCHOL,stock,216.1000061035156,0.4571588045968251,down,5,0,,,,0.0,evt_china:-|round_dist:+|vix_chg5:-,0.5165968499849544
2026-10-06,ASELS,stock,369.5,0.4467506095580134,down,5,0,,,,0.0,evt_china:-|round_dist:+|vix_chg5:-,0.5356667624742091
2026-10-06,GARAN,stock,130.10000610351562,0.4380019319800474,down,5,0,,,,0.0,evt_china:-|evt_fed:+|eur_r5:-,0.5044857326365203
2026-10-06,EREGL,stock,37.15999984741211,0.4368315323502619,down,5,0,,,,0.0,evt_china:-|round_dist:+|vix_chg5:-,0.5214380122624904
2026-10-06,THYAO,stock,293.0,0.4296227960584818,down,5,0,,,,0.0,evt_china:-|vix_chg5:-|evt_fed:+,0.4807571099684048
2026-10-06,BIMAS,stock,410.5,0.4143963473626952,down,5,0,,,,0.0,evt_china:-|vix_chg5:-|eur_r5:-,0.514346241004557
2026-10-06,FTSE,stock,10566.099609375,0.4116915971794885,down,5,0,,,,0.0,evt_china:-|vix_chg5:-|round_dist:+,0.4934090753867415
2026-10-06,AKBNK,stock,68.94999694824219,0.4062665458373565,down,5,0,,,,0.0,evt_china:-|vix_pct:-|evt_fed:+,0.44826294517119
2026-10-06,SISE,stock,38.15999984741211,0.4036216525973748,down,5,0,,,,0.0,evt_china:-|vix_pct:-|vix_chg5:-,0.4466538123053893
2026-10-06,HSI,stock,24280.560546875,0.4028735100406799,down,5,0,,,,0.0,evt_china:-|eur_r5:-|vix_chg5:-,0.4894603678874712
2026-10-02,USDCNY,fx,6.7038,0.4024108831709069,down,5,0,,,,1.0,evt_china:-|vol21:-|corr_spy63:-,0.4432430236349903
2026-10-06,DAX,stock,25436.5703125,0.4015802576797301,down,5,0,,,,0.0,evt_china:-|vix_chg5:-|eur_r5:-,0.4788729862630522
2026-10-06,EWZ,stock,42.98500061035156,0.6101846879041206,up,5,0,,,,0.0,evt_china:+|evt_fed:-|rsi14:+,0.5293663716874389
2026-10-06,SPY,stock,780.0098876953125,0.5891758414833964,up,5,0,,,,0.0,corr_spy63:+|evt_china:+|evt_fed:-,0.4786556845424216
2026-10-06,O,stock,54.10499954223633,0.5715484545326408,up,5,0,,,,0.0,evt_china:+|evt_fed:-|r63:+,0.579577437198398
2026-10-06,EWQ,stock,41.84000015258789,0.5629715856954428,up,5,0,,,,1.0,evt_china:+|evt_fed:-|round_dist:+,0.5222991063005282
2026-10-06,QQQ,stock,760.6502075195312,0.5590720633868835,up,5,0,,,,0.0,evt_china:+|corr_spy63:+|evt_fed:-,0.5373049866851498
2026-10-06,XLY,stock,111.5250015258789,0.5499487718182978,up,5,0,,,,0.0,evt_china:+|evt_fed:-|round_dist:+,0.479853531368633
2026-10-06,PWR,stock,720.6599731445312,0.5431786551463743,up,5,0,,,,0.0,evt_china:+|evt_fed:-|kurt63:+,0.5221627237688606
2026-10-06,INDA,stock,46.730098724365234,0.5412310860497339,up,5,0,,,,0.0,evt_china:+|evt_fed:-|round_dist:+,0.4845378276997195
2026-10-06,EWG,stock,41.55500030517578,0.5409198577308281,up,5,0,,,,1.0,evt_china:+|evt_fed:-|btc_r21:-,0.4788547502455392
2026-10-06,EWU,stock,46.48500061035156,0.5386475514064583,up,5,0,,,,1.0,evt_china:+|evt_fed:-|round_dist:+,0.4823214800887274
2026-10-06,AMZN,stock,256.2850036621094,0.5381080572893551,up,5,0,,,,0.0,evt_china:+|evt_fed:-|kurt63:+,0.4688858596937291
2026-10-06,XLK,stock,202.4100036621093,0.5380268624892509,up,5,0,,,,0.0,evt_china:+|evt_fed:-|btc_r21:-,0.5307273117259802
2026-10-06,MSFT,stock,531.1699829101562,0.5361984320438312,up,5,0,,,,0.0,evt_china:+|evt_fed:-|kurt63:+,0.4954101304017531
2026-10-06,XLC,stock,111.6449966430664,0.5325700799819243,up,5,0,,,,0.0,evt_china:+|evt_fed:-|round_dist:+,0.4669561692248521
2026-10-06,TSLA,stock,380.3949890136719,0.5315890384089469,up,5,0,,,,0.0,evt_china:+|evt_fed:-|kurt63:+,0.5205881898114648
2026-10-06,EWJ,stock,99.50499725341795,0.5310173241492988,up,5,0,,,,1.0,evt_china:+|evt_fed:-|btc_r21:-,0.4865938091765581
2026-10-06,NVDA,stock,239.875,0.5289213084241057,up,5,0,,,,0.0,evt_china:+|evt_fed:-|hi52_dist:+,0.5119969841059716
2026-10-06,MCHI,stock,52.29399871826172,0.5255200899307245,up,5,0,,,,1.0,evt_china:+|evt_fed:-|corr_spy63:-,0.4740848812528576
2026-10-06,GRID,stock,184.6199951171875,0.523964020295061,up,5,0,,,,1.0,evt_china:+|evt_fed:-|btc_r21:-,0.4842305063141083
2026-10-06,XLB,stock,49.834999084472656,0.5217898351440006,up,5,0,,,,1.0,evt_china:+|evt_fed:-|corr_spy63:-,0.4675096644483128
2026-10-06,XLI,stock,171.56500244140625,0.5202482807541725,up,5,0,,,,0.0,evt_china:+|evt_fed:-|round_dist:+,0.4528145704822388
2026-10-06,URA,stock,42.09999847412109,0.5198576831851519,up,5,0,,,,0.0,evt_china:+|evt_fed:-|hi52_dist:-,0.5523507108385294
2026-10-06,XLF,stock,53.9900016784668,0.519609255877245,up,5,0,,,,0.0,evt_china:+|evt_fed:-|btc_r21:-,0.4825995545891049
2026-10-06,AAPL,stock,333.0400085449219,0.5192921767170179,up,5,0,,,,0.0,evt_china:+|evt_fed:-|kurt63:+,0.5083047939264401
2026-10-06,GLD,stock,382.9200134277344,0.5188678950908701,up,5,0,,,,0.0,evt_china:+|evt_fed:-|eur_r5:-,0.4871685802771038
2026-10-06,JEPI,stock,56.5,0.5179985890774813,up,5,0,,,,0.0,evt_china:+|evt_fed:-|btc_r21:-,0.4548571594220483
2026-10-06,COPX,stock,86.80999755859375,0.5117085839115721,up,5,0,,,,0.0,evt_china:+|evt_fed:-|rsi14:-,0.4805629570826099
2026-10-06,XLU,stock,40.92499923706055,0.5115411255985237,up,5,0,,,,0.0,evt_china:+|evt_fed:-|corr_spy63:-,0.4587344950643277
2026-10-06,EWY,stock,187.6699981689453,0.5090566921041748,up,5,0,,,,1.0,evt_china:+|evt_fed:-|btc_r21:-,0.5221603671377445
2026-10-06,META,stock,743.8400268554688,0.5081822727971539,up,5,0,,,,0.0,evt_china:+|evt_fed:-|corr_spy63:-,0.5172966076583434
2026-10-06,SCHD,stock,32.85499954223633,0.5074633030285536,up,5,0,,,,0.0,evt_china:+|evt_fed:-|corr_spy63:-,0.542759809140528
2026-10-06,XLP,stock,81.74500274658203,0.5065562618715347,up,5,0,,,,0.0,evt_china:+|evt_fed:-|corr_spy63:-,0.4692166710514138
2026-10-06,XLRE,stock,41.1150016784668,0.5056650522989755,up,5,0,,,,0.0,evt_china:+|evt_fed:-|corr_spy63:-,0.4815539193608686
2026-10-06,ETN,stock,443.7000122070313,0.5009512542674185,up,5,0,,,,0.0,evt_china:+|evt_fed:-|r1:-,0.4944837398010977
2026-10-06,VRT,stock,253.0599975585937,0.5000563727866922,up,5,0,,,,0.0,evt_china:+|evt_fed:-|r63:+,0.5219085816426574
2026-10-06,LIT,stock,71.30999755859375,0.4999528254725441,down,5,0,,,,1.0,evt_china:+|evt_fed:-|eur_r5:-,0.4558672199318387
2026-10-06,GOOGL,stock,348.2099914550781,0.4964463204364397,down,5,0,,,,0.0,evt_china:+|evt_fed:-|evt_tariff:-,0.4640425539547292
2026-10-06,HUBB,stock,486.9700012207031,0.4932258760257119,down,5,0,,,,0.0,evt_china:+|evt_fed:-|eur_r5:-,0.4743802028219412
2026-10-06,XLV,stock,167.25,0.4912410384841433,down,5,0,,,,0.0,evt_fed:-|evt_china:+|corr_spy63:-,0.5183548704875225
2026-10-06,SLV,stock,55.70009994506836,0.4880639463298543,down,5,0,,,,1.0,evt_china:+|evt_fed:-|hi52_dist:-,0.5272554303582483
2026-10-06,AVGO,stock,377.8699951171875,0.4863093416600432,down,5,0,,,,0.0,evt_china:+|evt_fed:-|r1:-,0.4819718369821901
2026-10-06,DBA,stock,28.84950065612793,0.4777342315397713,down,5,0,,,,0.0,evt_fed:-|evt_china:+|corr_spy63:-,0.4568400349556996
2026-10-06,GEV,stock,1030.8134765625,0.4738911290110342,down,5,0,,,,0.0,evt_china:+|evt_fed:-|r1:-,0.489223216794924
2026-10-06,XLE,stock,63.94499969482422,0.4608305884783463,down,5,0,,,,0.0,corr_spy63:-|evt_fed:-|evt_china:+,0.436426289306872
2026-10-07,USDTRY,fx,49.19449996948242,0.8564581794381391,up,5,0,,,,1.0,vol21:+|rsi14:+|hi52_dist:+,0.6535450057998816
2026-10-07,TUPRS,stock,377.75,0.598182452587017,up,5,0,,,,0.0,evt_china:+|macd_hist:+|evt_oil:-,0.5403935966432071
2026-10-07,XU100,stock,12117.0703125,0.583255299285552,up,5,0,,,,0.0,evt_china:+|sma20_gap:+|evt_oil:-,0.5949232573596956
2026-10-07,ETH,crypto,2590.53,0.5614709798252888,up,5,0,,,,0.0,evt_china:+|kurt63:+|range_pos60:+,0.5244642148189164
2026-10-07,KCHOL,stock,210.1999969482422,0.5428299664919632,up,5,0,,,,0.0,evt_china:+|evt_oil:-|gold_spy_mom:+,0.5119562461848672
2026-10-07,BIMAS,stock,401.75,0.5398993201382115,up,5,0,,,,0.0,evt_china:+|evt_oil:-|gold_spy_mom:+,0.5125619386514043
2026-10-07,EREGL,stock,36.400001525878906,0.5325569474312178,up,5,0,,,,0.0,evt_china:+|evt_oil:-|try_r5:-,0.5280372487890813
2026-10-07,THYAO,stock,286.5,0.5315241771977619,up,5,0,,,,0.0,evt_china:+|evt_oil:-|r63:+,0.50953827965849
2026-10-07,ASELS,stock,354.25,0.5298292257494781,up,5,0,,,,0.0,evt_china:+|evt_oil:-|btc_r21:-,0.516123614902258
2026-10-07,FTSE,stock,10489.099609375,0.5296460181195285,up,5,0,,,,0.0,evt_china:+|evt_oil:-|round_dist:+,0.5444021065496787
2026-10-07,XAUUSD,commodity,4141.89990234375,0.5274891767575529,up,5,0,,,,0.0,evt_china:+|evt_oil:-|evt_tariff:-,0.5385967299819446
2026-10-07,SISE,stock,37.540000915527344,0.5246037455336799,up,5,0,,,,0.0,evt_china:+|evt_oil:-|corr_spy63:-,0.5244968249896826
2026-10-07,DAX,stock,25153.30078125,0.5238679552606674,up,5,0,,,,0.0,evt_china:+|evt_oil:-|try_r5:-,0.4707489230090969
2026-10-07,AKBNK,stock,68.25,0.5091678625158013,up,5,0,,,,0.0,evt_china:+|evt_oil:-|btc_r21:-,0.4856743389834411
2026-10-07,GARAN,stock,128.6999969482422,0.5062448441790649,up,5,0,,,,0.0,evt_china:+|evt_oil:-|evt_tariff:-,0.4905442868622585
2026-10-07,HSI,stock,24130.5,0.501844537084597,up,5,0,,,,0.0,evt_china:+|corr_spy63:-|evt_oil:-,0.4936625422342193
2026-10-07,SOL,crypto,117.8,0.5018299160597686,up,5,0,,,,0.0,evt_china:+|evt_oil:-|evt_fed:-,0.5706620547113804
2026-10-07,XRP,crypto,1.4537,0.4813585873616788,down,5,0,,,,0.0,evt_china:+|is_crypto:-|evt_fed:-,0.4729265842254926
2026-10-07,BTC,crypto,83901.48,0.4800346904785316,down,5,0,,,,0.0,evt_china:+|evt_fed:-|evt_oil:-,0.5393979042576421
2026-10-07,N225,stock,70035.7109375,0.4622386042310651,down,5,0,,,,0.0,evt_china:+|corr_spy63:-|evt_oil:-,0.540895685106789
2026-10-07,SPY,stock,777.010009765625,0.5968620470673749,up,5,0,,,,0.0,corr_spy63:+|evt_china:+|evt_oil:-,0.4918006128485042
2026-10-07,EWQ,stock,41.29499816894531,0.5923690410377991,up,5,0,,,,1.0,evt_china:+|evt_oil:-|evt_fed:+,0.5244948384577847
2026-10-07,O,stock,53.400001525878906,0.5793615222096484,up,5,0,,,,0.0,evt_china:+|r63:+|evt_oil:-,0.5812422718803585
2026-10-07,EWZ,stock,42.505001068115234,0.5687016256922226,up,5,0,,,,0.0,evt_china:+|kurt63:+|evt_oil:-,0.5576490265750603
2026-10-07,PWR,stock,699.6849975585938,0.5633978028838793,up,5,0,,,,0.0,evt_china:+|kurt63:+|range_pos60:+,0.5436545421543827
2026-10-07,VRT,stock,244.7899932861328,0.557574494771314,up,5,0,,,,0.0,evt_china:+|r63:+|hi52_dist:-,0.5389108231683405
2026-10-07,AAPL,stock,336.1600036621094,0.5472755811412238,up,5,0,,,,0.0,kurt63:+|evt_china:+|corr_spy63:-,0.5205107110477464
2026-10-07,QQQ,stock,757.2349853515625,0.5468228475362175,up,5,0,,,,0.0,corr_spy63:+|evt_china:+|evt_oil:-,0.5467181797838548
2026-10-07,AMZN,stock,259.739990234375,0.5463276404761287,up,5,0,,,,0.0,evt_china:+|kurt63:+|evt_oil:-,0.5263849236451907
2026-10-07,GRID,stock,179.83999633789062,0.5460511655524066,up,5,0,,,,1.0,evt_china:+|evt_oil:-|try_r5:-,0.4977574307481943
2026-10-07,MSFT,stock,529.469970703125,0.5453881266321038,up,5,0,,,,0.0,evt_china:+|kurt63:+|evt_oil:-,0.503574399899105
2026-10-07,XLI,stock,168.05499267578125,0.5432869825823686,up,5,0,,,,0.0,evt_china:+|evt_oil:-|try_r5:-,0.5040341964148767
2026-10-07,URA,stock,39.85499954223633,0.541134634247661,up,5,0,,,,0.0,evt_china:+|evt_oil:-|hi52_dist:-,0.5185079755101417
2026-10-07,EWU,stock,45.95000076293945,0.5408752027492334,up,5,0,,,,1.0,evt_china:+|evt_oil:-|evt_iran:-,0.4922508328101537
2026-10-07,TSLA,stock,377.4500122070313,0.5394483467804838,up,5,0,,,,0.0,evt_china:+|kurt63:+|evt_oil:-,0.5314045321216766
2026-10-07,XLRE,stock,40.66999816894531,0.5392830658471212,up,5,0,,,,0.0,evt_china:+|evt_oil:-|corr_spy63:-,0.5104315664412804
2026-10-07,COPX,stock,83.5199966430664,0.5384239176213496,up,5,0,,,,0.0,evt_china:+|evt_oil:-|try_r5:-,0.5252862494155534
2026-10-07,SLV,stock,53.875,0.536348892461367,up,5,0,,,,1.0,evt_china:+|hi52_dist:-|evt_oil:-,0.5419075362148068
2026-10-07,INDA,stock,46.125,0.5352503431229461,up,5,0,,,,0.0,evt_china:+|evt_oil:-|evt_iran:-,0.4889526677642484
2026-10-07,XLK,stock,201.32000732421875,0.5321952694182245,up,5,0,,,,0.0,evt_china:+|try_r5:-|evt_oil:-,0.524026426773398
2026-10-07,EWG,stock,40.915000915527344,0.5299487702328541,up,5,0,,,,1.0,evt_china:+|evt_oil:-|try_r5:-,0.5069342924888061
2026-10-07,GLD,stock,376.4299926757813,0.5284183489254005,up,5,0,,,,0.0,evt_china:+|evt_oil:-|evt_tariff:-,0.5159224503917573
2026-10-07,META,stock,721.8900146484375,0.5283293813820524,up,5,0,,,,0.0,evt_china:+|corr_spy63:-|gold_spy_mom:+,0.5128008717393479
2026-10-07,XLF,stock,53.744998931884766,0.5257021662497057,up,5,0,,,,0.0,evt_china:+|evt_oil:-|evt_iran:-,0.5056515541729725
2026-10-07,XLY,stock,111.3949966430664,0.525581160921807,up,5,0,,,,0.0,evt_china:+|evt_oil:-|try_r5:-,0.4793145058361371
2026-10-07,EWJ,stock,98.29499816894533,0.5235989290339232,up,5,0,,,,1.0,evt_china:+|try_r5:-|evt_oil:-,0.4897758197317128
2026-10-07,SCHD,stock,32.6713981628418,0.5233677264785466,up,5,0,,,,0.0,evt_china:+|evt_oil:-|corr_spy63:-,0.5477203328845043
2026-10-07,LIT,stock,69.5199966430664,0.52134782013551,up,5,0,,,,1.0,evt_china:+|evt_oil:-|try_r5:-,0.4649171812078228
2026-10-07,MCHI,stock,51.64500045776367,0.5206670752507017,up,5,0,,,,1.0,evt_china:+|evt_oil:-|corr_spy63:-,0.4932744147709729
2026-10-07,ETN,stock,431.0700073242188,0.5192302924414074,up,5,0,,,,0.0,evt_china:+|try_r5:-|evt_fed:-,0.4916576521955675
2026-10-07,XLU,stock,41.17499923706055,0.5189707247944813,up,5,0,,,,0.0,evt_china:+|evt_oil:-|corr_spy63:-,0.4828261916915579
2026-10-07,AVGO,stock,374.7099914550781,0.5186147974337202,up,5,0,,,,0.0,evt_china:+|evt_oil:-|evt_tariff:-,0.5019322117211037
2026-10-07,XLC,stock,111.31999969482422,0.5182901768948343,up,5,0,,,,0.0,evt_china:+|evt_oil:-|round_dist:+,0.4741312690377956
2026-10-07,JEPI,stock,56.45500183105469,0.5148024598419008,up,5,0,,,,0.0,evt_china:+|evt_oil:-|try_r5:-,0.489082793834006
2026-10-07,XLB,stock,49.05500030517578,0.5132792703046947,up,5,0,,,,1.0,evt_china:+|evt_oil:-|volu_trend:+,0.4788947507663096
2026-10-07,EWY,stock,183.9499969482422,0.5089145504817626,up,5,0,,,,1.0,evt_china:+|evt_oil:-|try_r5:-,0.4948126880951954
2026-10-07,NVDA,stock,236.97000122070312,0.5087481018960971,up,5,0,,,,0.0,evt_china:+|evt_oil:-|evt_tariff:-,0.495528565664351
2026-10-07,GOOGL,stock,349.2900085449219,0.5024227912940621,up,5,0,,,,0.0,evt_china:+|evt_oil:-|try_r5:-,0.4587339305688138
2026-10-07,XLV,stock,168.72000122070312,0.4984971832585125,down,5,0,,,,0.0,evt_china:+|evt_oil:-|corr_spy63:-,0.5129580088337891
2026-10-07,HUBB,stock,476.3550109863281,0.4918884130200642,down,5,0,,,,0.0,evt_china:+|evt_oil:-|try_r5:-,0.5000300463996832
2026-10-07,DBA,stock,28.4950008392334,0.4865817277154378,down,5,0,,,,0.0,evt_china:+|corr_spy63:-|evt_oil:-,0.4881625841436393
2026-10-07,XLP,stock,81.8301010131836,0.4796079722011806,down,5,0,,,,0.0,evt_china:+|evt_oil:-|corr_spy63:-,0.4495319453358994
2026-10-07,GEV,stock,997.5700073242188,0.4761505112358388,down,5,0,,,,0.0,evt_china:+|corr_spy63:-|evt_oil:-,0.4981855780995339
2026-10-07,XLE,stock,63.41999816894531,0.4615200360477973,down,5,0,,,,0.0,corr_spy63:-|evt_china:+|evt_oil:-,0.4542130267191764
2026-10-08,USDTRY,fx,49.21039962768555,0.877712300898445,up,5,0,,,,1.0,vol21:+|rsi14:+|kurt63:+,0.6676659534554719
2026-10-08,ETH,crypto,2571.25,0.5428821022704725,up,5,0,,,,0.0,evt_china:+|kurt63:+|range_pos60:+,0.4857660372737857
2026-10-08,XAUUSD,commodity,4133.89990234375,0.5273208558787591,up,5,0,,,,0.0,evt_china:+|evt_oil:-|evt_tariff:-,0.5388189823758528
2026-10-08,XRP,crypto,1.4211,0.524457168890108,up,5,0,,,,0.0,evt_china:+|evt_fed:-|is_crypto:-,0.4719987744070198
2026-10-08,SOL,crypto,116.26,0.5112671662957317,up,5,0,,,,0.0,evt_china:+|evt_fed:-|is_crypto:-,0.5681665948968717
2026-10-08,BTC,crypto,83273.94,0.4780330251528999,down,5,0,,,,0.0,evt_china:+|evt_fed:-|evt_iran:-,0.5199099380760948
2026-10-08,N225,stock,69847.546875,0.4622386042310651,down,5,0,,,,0.0,evt_china:+|corr_spy63:-|evt_oil:-,0.5447233278229306
2026-10-08,XU100,stock,12071.2001953125,0.5622089443552896,up,5,0,,,,0.0,evt_china:+|sma20_gap:+|evt_oil:-,0.5844138946881023
2026-10-08,ASELS,stock,341.75,0.5537421572626599,up,5,0,,,,0.0,evt_china:+|sma20_gap:+|oil_r5:-,0.5518949036362923
2026-10-08,BIMAS,stock,397.75,0.5472340621205175,up,5,0,,,,0.0,evt_china:+|evt_oil:-|oil_r5:-,0.5204374843035843
2026-10-08,KCHOL,stock,210.5,0.5254615260921648,up,5,0,,,,0.0,evt_china:+|oil_r5:-|evt_oil:-,0.4948365859245098
2026-10-08,THYAO,stock,283.75,0.5170400286086364,up,5,0,,,,0.0,evt_china:+|r63:+|oil_r5:-,0.5120985621382936
2026-10-08,EREGL,stock,36.2400016784668,0.5132495994596509,up,5,0,,,,0.0,evt_china:+|oil_r5:-|evt_oil:-,0.510437269055094
2026-10-08,SISE,stock,37.560001373291016,0.5084687308444135,up,5,0,,,,0.0,evt_china:+|oil_r5:-|evt_oil:-,0.53836468957927
2026-10-08,TUPRS,stock,387.25,0.5035453459307861,up,5,0,,,,0.0,evt_china:+|oil_r5:-|evt_oil:-,0.5022603217078674
2026-10-08,AKBNK,stock,67.69999694824219,0.502941081550637,up,5,0,,,,0.0,evt_china:+|evt_oil:-|oil_r5:-,0.4754814073102518
2026-10-08,HSI,stock,23785.7890625,0.5028503316546861,up,5,0,,,,0.0,evt_china:+|oil_r5:-|evt_oil:-,0.5006314094031052
2026-10-08,FTSE,stock,10401.5595703125,0.5015514666374566,up,5,0,,,,0.0,evt_china:+|oil_r5:-|evt_oil:-,0.5549146496596606
2026-10-08,DAX,stock,24833.66015625,0.4942524621589015,down,5,0,,,,0.0,evt_china:+|oil_r5:-|evt_oil:-,0.4708810952936129
2026-10-08,GARAN,stock,127.8000030517578,0.4878466099233975,down,5,0,,,,0.0,evt_china:+|oil_r5:-|evt_oil:-,0.4936649768226679
2026-10-06,WTI,commodity,96.24,0.4759911588914989,down,5,0,,,,0.0,corr_spy63:-|evt_china:+|gold_spy_mom:+,0.4710048490520399
2026-10-06,NATGAS,commodity,3.03,0.4581865134865029,down,5,0,,,,0.0,evt_china:+|hi52_dist:+|corr_spy63:-,0.5029376137077944
2026-10-06,BRENT,commodity,125.44,0.4325398765664008,down,5,0,,,,0.0,corr_spy63:-|evt_china:+|vol_ratio:-,0.4362758300232326
2026-10-08,SPY,stock,773.3599853515625,0.5823909228985314,up,5,0,,,,0.0,corr_spy63:+|evt_china:+|evt_oil:-,0.5212146713772853
2026-10-08,EWZ,stock,42.65499877929688,0.5643056258674908,up,5,0,,,,0.0,evt_china:+|kurt63:+|range_pos60:+,0.5386329468294229
2026-10-08,URA,stock,38.30500030517578,0.5641087163838526,up,5,0,,,,0.0,evt_china:+|sma20_gap:+|evt_oil:-,0.5298661873215679
2026-10-08,EWQ,stock,41.29499816894531,0.5634306518159381,up,5,0,,,,1.0,evt_china:+|evt_oil:-|evt_fed:+,0.4823594640994216
2026-10-08,QQQ,stock,746.5750122070312,0.5549520386607171,up,5,0,,,,0.0,corr_spy63:+|evt_china:+|evt_oil:-,0.5369496533712208
2026-10-08,O,stock,53.94499969482422,0.5528794409420861,up,5,0,,,,0.0,evt_china:+|r63:+|oil_r5:-,0.5565503605039518
2026-10-08,AMZN,stock,254.7100067138672,0.5470207098481414,up,5,0,,,,0.0,evt_china:+|kurt63:+|oil_r5:-,0.4794916710873773
2026-10-08,TSLA,stock,372.9200134277344,0.5405112096507698,up,5,0,,,,0.0,evt_china:+|kurt63:+|evt_oil:-,0.5444384825624887
2026-10-08,AAPL,stock,341.45001220703125,0.5396358286587507,up,5,0,,,,0.0,kurt63:+|evt_china:+|oil_r5:-,0.531377102773984
2026-10-08,PWR,stock,682.7550048828125,0.5361847970797133,up,5,0,,,,0.0,evt_china:+|kurt63:+|oil_r5:-,0.5184555941323721
2026-10-08,MSFT,stock,522.1799926757812,0.5345521982306093,up,5,0,,,,0.0,evt_china:+|kurt63:+|oil_r5:-,0.5144409075449701
2026-10-08,INDA,stock,45.54499816894531,0.5293135048065153,up,5,0,,,,0.0,evt_china:+|evt_oil:-|oil_r5:-,0.4966834326567502
2026-10-08,EWY,stock,175.82000732421875,0.5290088232216574,up,5,0,,,,1.0,evt_china:+|oil_r5:-|evt_oil:-,0.5207978690870642
2026-10-08,EWJ,stock,97.1500015258789,0.5266245319504625,up,5,0,,,,1.0,evt_china:+|oil_r5:-|try_r5:-,0.4941614376157673
2026-10-08,COPX,stock,81.8895034790039,0.5250897145212454,up,5,0,,,,0.0,evt_china:+|oil_r5:-|btc_r21:-,0.5464559344807225
2026-10-08,XLK,stock,197.4250030517578,0.523063818833259,up,5,0,,,,0.0,evt_china:+|oil_r5:-|try_r5:-,0.5244676203109228
2026-10-08,VRT,stock,243.01499938964844,0.5215624848321402,up,5,0,,,,0.0,evt_china:+|r63:+|oil_r5:-,0.5448954165591269
2026-10-08,SLV,stock,53.38999938964844,0.5158581471589336,up,5,0,,,,1.0,evt_china:+|hi52_dist:-|oil_r5:-,0.5582198656130143
2026-10-08,XLRE,stock,40.8650016784668,0.5157835009173838,up,5,0,,,,0.0,evt_china:+|evt_oil:-|oil_r5:-,0.5053437736389361
2026-10-08,XLI,stock,168.22500610351562,0.5152956144207856,up,5,0,,,,0.0,evt_china:+|evt_oil:-|oil_r5:-,0.4914212708471152
2026-10-08,XLV,stock,167.9550018310547,0.5141643576863811,up,5,0,,,,0.0,evt_china:+|evt_oil:-|oil_r5:-,0.525751909812184
2026-10-08,XLU,stock,41.04499816894531,0.5081748468076528,up,5,0,,,,0.0,evt_china:+|evt_oil:-|oil_r5:-,0.4758187409936154
2026-10-08,MCHI,stock,51.310001373291016,0.5074289977153333,up,5,0,,,,1.0,evt_china:+|evt_oil:-|oil_r5:-,0.488066582015616
2026-10-08,LIT,stock,68.83999633789062,0.5073205252745351,up,5,0,,,,1.0,evt_china:+|oil_r5:-|evt_oil:-,0.45135900102567
2026-10-08,XLF,stock,54.29499816894531,0.5068063126989468,up,5,0,,,,0.0,evt_china:+|oil_r5:-|evt_oil:-,0.4722256196769853
2026-10-08,ETN,stock,424.3800048828125,0.5051477791200608,up,5,0,,,,0.0,evt_china:+|oil_r5:-|evt_oil:-,0.5395243286121801
2026-10-08,NVDA,stock,230.5399932861328,0.5031584009739473,up,5,0,,,,0.0,evt_china:+|oil_r5:-|btc_r21:-,0.5073433064818985
2026-10-08,GLD,stock,378.3800048828125,0.5026142025511717,up,5,0,,,,0.0,evt_china:+|evt_oil:-|oil_r5:-,0.4933897950510365
2026-10-08,EWG,stock,40.619998931884766,0.5020172556331578,up,5,0,,,,1.0,evt_china:+|oil_r5:-|evt_oil:-,0.4927936597758151
2026-10-08,JEPI,stock,56.668701171875,0.4993036051819674,down,5,0,,,,0.0,evt_china:+|oil_r5:-|evt_oil:-,0.464562281236995
2026-10-08,XLY,stock,111.58000183105467,0.4972921173593587,down,5,0,,,,0.0,evt_china:+|evt_oil:-|oil_r5:-,0.4709910875333203
2026-10-08,HUBB,stock,475.8349914550781,0.4965538867255917,down,5,0,,,,0.0,evt_china:+|evt_oil:-|oil_r5:-,0.5062403014815305
2026-10-08,XLC,stock,111.9250030517578,0.4960722154056404,down,5,0,,,,0.0,evt_china:+|evt_oil:-|oil_r5:-,0.4728421399713788
2026-10-08,EWU,stock,46.209999084472656,0.4929407070448401,down,5,0,,,,1.0,evt_china:+|oil_r5:-|evt_oil:-,0.4627265348806242
2026-10-08,GRID,stock,178.3300018310547,0.4898763831541516,down,5,0,,,,1.0,evt_china:+|evt_oil:-|oil_r5:-,0.4927341802977358
2026-10-08,DBA,stock,28.34499931335449,0.4889805705106134,down,5,0,,,,0.0,evt_china:+|oil_r5:-|corr_spy63:-,0.4935458339190924
2026-10-08,AVGO,stock,358.4700012207031,0.4884803110086145,down,5,0,,,,0.0,evt_china:+|evt_oil:-|oil_r5:-,0.5032963758044201
2026-10-08,GEV,stock,993.364990234375,0.48511222754997,down,5,0,,,,0.0,evt_china:+|oil_r5:-|evt_oil:-,0.5122663154989512
2026-10-08,XLB,stock,49.1875,0.4847037257551286,down,5,0,,,,1.0,evt_china:+|oil_r5:-|evt_oil:-,0.4573041920476651
2026-10-08,GOOGL,stock,347.8900146484375,0.4844331665594924,down,5,0,,,,0.0,evt_china:+|evt_oil:-|oil_r5:-,0.4581023042356372
2026-10-08,XLE,stock,65.34500122070312,0.4821015617049083,down,5,0,,,,0.0,corr_spy63:-|evt_china:+|volu_z:+,0.4563460587703308
2026-10-08,META,stock,719.330078125,0.4783573404947152,down,5,0,,,,0.0,evt_china:+|oil_r5:-|corr_spy63:-,0.517813604109829
2026-10-08,SCHD,stock,33.125,0.4577440743898591,down,5,0,,,,0.0,evt_china:+|oil_r5:-|corr_spy63:-,0.5038392187421459
2026-10-08,XLP,stock,83.53500366210938,0.4414354229418456,down,5,0,,,,0.0,evt_china:+|corr_spy63:-|evt_fed:-,0.450434691003292
2026-10-09,USDTRY,fx,49.32973861694336,0.8521221363806748,up,5,0,,,,1.0,rsi14:+|vol21:+|sma50_gap:+,0.6587253685524074
2026-10-09,ETH,crypto,2476.4,0.6180216730252643,up,5,0,,,,0.0,evt_china:+|macd_hist:+|sma20_gap:+,0.5218628498341888
2026-10-09,SOL,crypto,108.98,0.5728117631483852,up,5,0,,,,0.0,evt_china:+|macd_hist:+|sma20_gap:+,0.5196626406630386
2026-10-09,XRP,crypto,1.3851,0.5631342877555003,up,5,0,,,,0.0,evt_china:+|macd_hist:+|sma20_gap:+,0.4852799923625821
2026-10-09,XAUUSD,commodity,4173.0,0.4981829645151089,down,5,0,,,,0.0,evt_china:+|oil_r5:-|evt_oil:-,0.5308291945797392
2026-10-09,BTC,crypto,81676.58,0.4754236267706012,down,5,0,,,,0.0,evt_china:+|oil_r5:-|evt_oil:-,0.5177543290735365
2026-10-09,N225,stock,68241.8828125,0.4641308984293087,down,5,0,,,,0.0,evt_china:+|evt_oil:-|corr_spy63:-,0.5365446141136754
2026-10-09,XU100,stock,12244.98046875,0.559072223886191,up,5,0,,,,0.0,evt_china:+|evt_oil:-|oil_r5:-,0.5851060416048431
2026-10-09,KCHOL,stock,208.6000061035156,0.5443177461986539,up,5,0,,,,0.0,evt_china:+|oil_r5:-|evt_oil:-,0.5077866219343474
2026-10-09,TUPRS,stock,383.25,0.5412397634467435,up,5,0,,,,0.0,evt_china:+|oil_r5:-|evt_oil:-,0.470415694459346
2026-10-09,BIMAS,stock,402.5,0.5353329966034622,up,5,0,,,,0.0,evt_china:+|evt_oil:-|oil_r5:-,0.4955079764876011
2026-10-09,THYAO,stock,286.5,0.53453304435454,up,5,0,,,,0.0,evt_china:+|evt_oil:-|r63:+,0.4976393256269583
2026-10-09,EREGL,stock,37.02000045776367,0.5232751441713406,up,5,0,,,,0.0,evt_china:+|evt_oil:-|oil_r5:-,0.4776568269568846
2026-10-09,ASELS,stock,351.75,0.5202693482892505,up,5,0,,,,0.0,evt_china:+|evt_oil:-|oil_r5:-,0.5127318474000002
2026-10-09,GARAN,stock,128.1999969482422,0.5144308767610275,up,5,0,,,,0.0,evt_china:+|evt_tariff:-|oil_r5:-,0.504411093638845
2026-10-09,SISE,stock,37.97999954223633,0.5114582513688022,up,5,0,,,,0.0,evt_china:+|oil_r5:-|evt_oil:-,0.5068160920591023
2026-10-09,AKBNK,stock,67.6500015258789,0.5108854202948327,up,5,0,,,,0.0,evt_china:+|evt_oil:-|oil_r5:-,0.4992055697433707
2026-10-09,FTSE,stock,10516.2001953125,0.4888937656752851,down,5,0,,,,0.0,evt_china:+|oil_r5:-|evt_oil:-,0.5206353711464069
2026-10-09,DAX,stock,25028.23046875,0.4878967070857991,down,5,0,,,,0.0,evt_china:+|oil_r5:-|evt_oil:-,0.5000038048175923
2026-10-09,HSI,stock,24211.349609375,0.4845456211244811,down,5,0,,,,0.0,evt_china:+|oil_r5:-|evt_oil:-,0.4720624364985596
2026-10-09,SPY,stock,778.9240112304688,0.5971409947113133,up,5,0,,,,0.0,corr_spy63:+|evt_china:+|evt_fed:+,0.5180001058042134
2026-10-09,EWZ,stock,43.36579895019531,0.5745026784884899,up,5,0,,,,0.0,evt_china:+|rsi14:+|evt_fed:+,0.5534957512234101
2026-10-09,AAPL,stock,337.7699890136719,0.5688932144364669,up,5,0,,,,0.0,kurt63:+|evt_china:+|corr_spy63:-,0.5471122041023871
2026-10-09,O,stock,54.255001068115234,0.5648433612287178,up,5,0,,,,0.0,evt_china:+|r63:+|evt_fed:+,0.5511179738855508
2026-10-09,URA,stock,38.926700592041016,0.5533646660989662,up,5,0,,,,0.0,evt_china:+|oil_r5:-|evt_oil:-,0.532801519691546
2026-10-09,EWQ,stock,41.52999877929688,0.5509983518563532,up,5,0,,,,1.0,evt_china:+|evt_fed:+|oil_r5:-,0.4912608316078695
2026-10-09,EWY,stock,177.1699981689453,0.5418035966721614,up,5,0,,,,1.0,evt_china:+|oil_r5:-|evt_oil:-,0.5473678501797911
2026-10-09,AVGO,stock,362.3284912109375,0.5351913135705461,up,5,0,,,,0.0,evt_china:+|evt_oil:-|oil_r5:-,0.4980042488556532
2026-10-09,QQQ,stock,751.219970703125,0.5331877520475562,up,5,0,,,,0.0,evt_china:+|corr_spy63:+|evt_oil:-,0.5063393542072383
2026-10-09,DBA,stock,28.349899291992188,0.5311998848464621,up,5,0,,,,0.0,evt_china:+|oil_r5:-|corr_spy63:-,0.4847241767812879
2026-10-09,MSFT,stock,535.9500122070312,0.5278706525940311,up,5,0,,,,0.0,evt_china:+|kurt63:+|oil_r5:-,0.5111593173243283
2026-10-09,JEPI,stock,56.78499984741211,0.5244273834156115,up,5,0,,,,0.0,evt_china:+|oil_r5:-|evt_oil:-,0.4534475750557775
2026-10-09,ETN,stock,430.3900146484375,0.523629180506252,up,5,0,,,,0.0,evt_china:+|oil_r5:-|evt_oil:-,0.4963967617721256
2026-10-09,PWR,stock,702.5700073242188,0.5210164926030914,up,5,0,,,,0.0,evt_china:+|kurt63:+|oil_r5:-,0.5221421085128334
2026-10-09,AMZN,stock,261.25,0.5195439581208068,up,5,0,,,,0.0,evt_china:+|kurt63:+|oil_r5:-,0.4855283912807863
2026-10-09,XLC,stock,110.5022964477539,0.5191975727666911,up,5,0,,,,0.0,evt_china:+|evt_oil:-|oil_r5:-,0.4816400870178094
2026-10-09,INDA,stock,46.02000045776367,0.5184005579115554,up,5,0,,,,0.0,evt_china:+|oil_r5:-|evt_oil:-,0.4919687710226413
2026-10-09,EWG,stock,40.97999954223633,0.5181951079846794,up,5,0,,,,1.0,evt_china:+|oil_r5:-|evt_oil:-,0.4845160870641106
2026-10-09,EWJ,stock,97.84500122070312,0.5178500608415043,up,5,0,,,,1.0,evt_china:+|oil_r5:-|evt_oil:-,0.4823100803365291
2026-10-09,XLK,stock,198.91000366210935,0.5163818288716843,up,5,0,,,,0.0,evt_china:+|oil_r5:-|evt_oil:-,0.5193262611217896
2026-10-09,VRT,stock,243.44000244140625,0.5155666399486079,up,5,0,,,,0.0,evt_china:+|r63:+|oil_r5:-,0.5404823915040081
2026-10-09,TSLA,stock,383.8500061035156,0.5148422823625851,up,5,0,,,,0.0,evt_china:+|kurt63:+|oil_r5:-,0.512611966187119
2026-10-09,XLU,stock,41.4369010925293,0.5085600088118396,up,5,0,,,,0.0,evt_china:+|evt_oil:-|evt_tariff:-,0.4742204598687955
2026-10-09,GOOGL,stock,351.3299865722656,0.5080793060200349,up,5,0,,,,0.0,evt_china:+|oil_r5:-|evt_oil:-,0.4733271159806406
2026-10-09,XLI,stock,169.4199981689453,0.506683030813064,up,5,0,,,,0.0,evt_china:+|evt_oil:-|oil_r5:-,0.5142846442590122
2026-10-09,LIT,stock,69.72000122070312,0.5065001588712854,up,5,0,,,,1.0,evt_china:+|oil_r5:-|evt_oil:-,0.454272493537854
2026-10-09,EWU,stock,46.45500183105469,0.5047222609051331,up,5,0,,,,1.0,evt_china:+|oil_r5:-|evt_oil:-,0.4885567720936067
2026-10-09,XLRE,stock,41.6150016784668,0.5044936114537766,up,5,0,,,,0.0,evt_china:+|evt_oil:-|oil_r5:-,0.4847724229930132
2026-10-09,NVDA,stock,229.72999572753903,0.5040711967964294,up,5,0,,,,0.0,evt_china:+|oil_r5:-|evt_oil:-,0.4936425616727049
2026-10-09,XLF,stock,54.790000915527344,0.5033092422288568,up,5,0,,,,0.0,evt_china:+|oil_r5:-|evt_oil:-,0.4664477568567942
2026-10-09,MCHI,stock,52.51499938964844,0.5030616051079928,up,5,0,,,,1.0,evt_china:+|oil_r5:-|evt_oil:-,0.4609037654873796
2026-10-09,XLY,stock,112.87999725341795,0.5011685848705577,up,5,0,,,,0.0,evt_china:+|oil_r5:-|evt_oil:-,0.4812070598488404
2026-10-09,COPX,stock,85.88999938964844,0.4999351429530596,down,5,0,,,,0.0,evt_china:+|r1:-|oil_r5:-,0.4686772540282737
2026-10-09,SCHD,stock,33.06399917602539,0.4968295087802762,down,5,0,,,,0.0,evt_china:+|oil_r5:-|evt_oil:-,0.521584768162226
2026-10-09,GEV,stock,1003.1300048828124,0.4967864375268911,down,5,0,,,,0.0,evt_china:+|oil_r5:-|corr_spy63:-,0.4973440827931293
2026-10-09,SLV,stock,55.010101318359375,0.489807119515074,down,5,0,,,,1.0,evt_china:+|oil_r5:-|hi52_dist:-,0.5110171197528901
2026-10-09,META,stock,719.4400024414062,0.4889482075580392,down,5,0,,,,0.0,evt_china:+|oil_r5:-|corr_spy63:-,0.5027483154758835
2026-10-09,HUBB,stock,475.3599853515625,0.4889242853765346,down,5,0,,,,0.0,evt_china:+|oil_r5:-|evt_oil:-,0.4959190170327331
2026-10-09,XLP,stock,83.4457015991211,0.4888381976302349,down,5,0,,,,0.0,evt_china:+|evt_oil:-|corr_spy63:-,0.4460445652234179
2026-10-09,XLB,stock,49.59000015258789,0.4886409625119627,down,5,0,,,,1.0,evt_china:+|oil_r5:-|evt_oil:-,0.4627107543011787
2026-10-09,GLD,stock,384.9400024414063,0.4863598833136686,down,5,0,,,,0.0,evt_china:+|oil_r5:-|evt_oil:-,0.4667605579532491
2026-10-09,XLV,stock,170.82000732421875,0.4834498918919525,down,5,0,,,,0.0,evt_china:+|oil_r5:-|evt_oil:-,0.5153873274921167
2026-10-09,GRID,stock,180.8500061035156,0.4704696603582923,down,5,0,,,,1.0,evt_china:+|oil_r5:-|evt_oil:-,0.4847964649152037
2026-10-09,XLE,stock,65.18000030517578,0.4660135182882184,down,5,0,,,,0.0,corr_spy63:-|evt_china:+|oil_r5:-,0.5108604509315386
