date,asset,cnt,sent
2024-07-19 00:00:00,AAPL,1,0.75
2024-08-01 00:00:00,AAPL,30,0.11
2024-08-02 00:00:00,AAPL,29,0.021839080459770115
2024-08-03 00:00:00,AAPL,1,-0.5
2024-08-04 00:00:00,AAPL,5,-0.15333333333333332
2024-08-05 00:00:00,AAPL,19,-0.26096491228070173
2024-08-06 00:00:00,AAPL,14,0.0
2024-08-07 00:00:00,AAPL,10,-0.16666666666666666
2024-08-08 00:00:00,AAPL,20,0.1
2024-08-09 00:00:00,AAPL,7,0.16666666666666666
2024-08-11 00:00:00,AAPL,3,0.25
2024-08-12 00:00:00,AAPL,9,0.0962962962962963
2024-08-13 00:00:00,AAPL,12,0.125
2024-08-14 00:00:00,AAPL,13,0.24102564102564103
2024-08-15 00:00:00,AAPL,9,0.1111111111111111
2024-08-16 00:00:00,AAPL,5,0.0
2024-08-17 00:00:00,AAPL,2,0.0
2024-08-18 00:00:00,AAPL,4,0.0
2024-08-19 00:00:00,AAPL,9,0.03703703703703704
2024-08-20 00:00:00,AAPL,5,0.2333333333333333
2024-08-21 00:00:00,AAPL,6,0.1111111111111111
2024-08-22 00:00:00,AAPL,8,0.16666666666666669
2024-08-23 00:00:00,AAPL,6,-0.08333333333333333
2024-08-24 00:00:00,AAPL,1,0.0
2024-08-25 00:00:00,AAPL,2,0.3333333333333333
2024-08-26 00:00:00,AAPL,12,0.22916666666666666
2024-08-27 00:00:00,AAPL,22,0.13636363636363635
2024-08-28 00:00:00,AAPL,13,0.16666666666666666
2024-08-29 00:00:00,AAPL,11,0.045454545454545456
2024-08-30 00:00:00,AAPL,7,0.07142857142857142
2024-08-31 00:00:00,AAPL,1,0.0
2024-09-01 00:00:00,AAPL,2,-0.5833333333333333
2024-09-02 00:00:00,AAPL,5,-0.13333333333333333
2024-09-03 00:00:00,AAPL,10,0.11666666666666665
2024-09-04 00:00:00,AAPL,7,0.22448979591836735
2024-09-05 00:00:00,AAPL,13,-0.016483516483516484
2024-09-06 00:00:00,AAPL,9,-0.046296296296296294
2024-09-07 00:00:00,AAPL,2,0.25
2024-09-08 00:00:00,AAPL,5,0.2
2024-09-09 00:00:00,AAPL,53,0.039083557951482474
2024-09-10 00:00:00,AAPL,36,0.12407407407407407
2024-09-11 00:00:00,AAPL,9,0.1388888888888889
2024-09-12 00:00:00,AAPL,11,0.13636363636363635
2024-09-13 00:00:00,AAPL,7,-0.07142857142857142
2024-09-14 00:00:00,AAPL,3,0.38888888888888884
2024-09-15 00:00:00,AAPL,2,0.25
2024-09-16 00:00:00,AAPL,17,0.16666666666666666
2024-09-17 00:00:00,AAPL,15,0.05555555555555556
2024-09-18 00:00:00,AAPL,12,-0.07638888888888888
2024-09-19 00:00:00,AAPL,14,0.02040816326530612
2024-09-20 00:00:00,AAPL,8,0.15833333333333333
2024-09-21 00:00:00,AAPL,1,0.6666666666666666
2024-09-22 00:00:00,AAPL,3,0.4444444444444444
2024-09-23 00:00:00,AAPL,7,0.1547619047619048
2024-09-24 00:00:00,AAPL,8,0.21875
2024-09-25 00:00:00,AAPL,16,-0.12916666666666665
2024-09-26 00:00:00,AAPL,5,0.2
2024-09-27 00:00:00,AAPL,8,0.0
2024-09-28 00:00:00,AAPL,2,0.3333333333333333
2024-09-29 00:00:00,AAPL,2,0.2
2024-09-30 00:00:00,AAPL,10,0.11666666666666665
2024-10-01 00:00:00,AAPL,19,0.07456140350877193
2024-10-02 00:00:00,AAPL,11,0.09090909090909091
2024-10-03 00:00:00,AAPL,8,0.125
2024-10-04 00:00:00,AAPL,7,0.16666666666666666
2024-10-05 00:00:00,AAPL,2,-0.25
2024-10-06 00:00:00,AAPL,2,-0.25
2024-10-07 00:00:00,AAPL,10,0.31666666666666665
2024-10-08 00:00:00,AAPL,11,-0.03787878787878787
2024-10-09 00:00:00,AAPL,10,0.125
2024-10-10 00:00:00,AAPL,7,0.16666666666666666
2024-10-11 00:00:00,AAPL,9,-0.07407407407407407
2024-10-12 00:00:00,AAPL,2,0.0
2024-10-13 00:00:00,AAPL,3,-0.16666666666666666
2024-10-14 00:00:00,AAPL,10,0.31333333333333335
2024-10-15 00:00:00,AAPL,9,0.21296296296296294
2024-10-16 00:00:00,AAPL,15,0.04444444444444444
2024-10-17 00:00:00,AAPL,13,0.26666666666666666
2024-10-18 00:00:00,AAPL,14,0.038095238095238106
2024-10-19 00:00:00,AAPL,2,-0.4166666666666667
2024-10-20 00:00:00,AAPL,2,0.0
2024-10-21 00:00:00,AAPL,10,0.125
2024-10-22 00:00:00,AAPL,8,0.0625
2024-10-23 00:00:00,AAPL,18,0.013888888888888888
2024-10-24 00:00:00,AAPL,10,0.10333333333333335
2024-10-25 00:00:00,AAPL,16,0.190625
2024-10-26 00:00:00,AAPL,2,0.0
2024-10-27 00:00:00,AAPL,4,0.25
2024-10-28 00:00:00,AAPL,21,-0.023809523809523808
2024-10-29 00:00:00,AAPL,9,-0.009259259259259264
2024-10-30 00:00:00,AAPL,11,0.12878787878787878
2024-10-31 00:00:00,AAPL,18,0.08333333333333333
2024-11-01 00:00:00,AAPL,22,0.17234848484848483
2024-11-02 00:00:00,AAPL,3,0.08333333333333333
2024-11-03 00:00:00,AAPL,4,0.0
2024-11-04 00:00:00,AAPL,15,0.1111111111111111
2024-11-05 00:00:00,AAPL,13,0.2756410256410256
2024-11-06 00:00:00,AAPL,7,-0.03571428571428571
2024-11-07 00:00:00,AAPL,12,0.1597222222222222
2024-11-08 00:00:00,AAPL,6,0.21666666666666667
2024-11-09 00:00:00,AAPL,2,0.25
2024-11-10 00:00:00,AAPL,3,0.2222222222222222
2024-11-11 00:00:00,AAPL,12,-0.05555555555555555
2024-11-12 00:00:00,AAPL,11,0.0606060606060606
2024-11-13 00:00:00,AAPL,6,-0.125
2024-11-14 00:00:00,AAPL,17,0.10130718954248365
2024-11-15 00:00:00,AAPL,6,0.0
2024-11-16 00:00:00,AAPL,1,0.0
2024-11-17 00:00:00,AAPL,2,-0.5
2024-11-18 00:00:00,AAPL,8,0.125
2024-11-19 00:00:00,AAPL,12,0.125
2024-11-20 00:00:00,AAPL,10,0.1
2024-11-21 00:00:00,AAPL,8,0.125
2024-11-22 00:00:00,AAPL,15,-0.17777777777777776
2024-11-23 00:00:00,AAPL,1,0.0
2024-11-24 00:00:00,AAPL,3,-0.16666666666666666
2024-11-25 00:00:00,AAPL,10,0.05
2024-11-26 00:00:00,AAPL,8,-0.09375
2024-11-27 00:00:00,AAPL,10,0.15
2024-11-28 00:00:00,AAPL,8,-0.23958333333333331
2024-11-29 00:00:00,AAPL,8,0.16964285714285715
2024-12-01 00:00:00,AAPL,2,-0.3333333333333333
2024-12-02 00:00:00,AAPL,8,0.3068452380952381
2024-12-03 00:00:00,AAPL,12,0.05555555555555555
2024-12-04 00:00:00,AAPL,10,0.16666666666666666
2024-12-05 00:00:00,AAPL,6,0.0
2024-12-06 00:00:00,AAPL,8,0.05208333333333333
2024-12-07 00:00:00,AAPL,3,0.0
2024-12-08 00:00:00,AAPL,3,0.3333333333333333
2024-12-09 00:00:00,AAPL,8,0.09375
2024-12-10 00:00:00,AAPL,9,0.07407407407407407
2024-12-11 00:00:00,AAPL,13,0.17307692307692307
2024-12-12 00:00:00,AAPL,15,0.03333333333333333
2024-12-13 00:00:00,AAPL,11,0.2689393939393939
2024-12-14 00:00:00,AAPL,3,-0.38888888888888884
2024-12-15 00:00:00,AAPL,4,-0.29166666666666663
2024-12-16 00:00:00,AAPL,13,0.29670329670329665
2024-12-17 00:00:00,AAPL,10,0.11666666666666665
2024-12-18 00:00:00,AAPL,9,0.1388888888888889
2024-12-19 00:00:00,AAPL,7,0.0
2024-12-20 00:00:00,AAPL,7,0.09523809523809523
2024-12-22 00:00:00,AAPL,2,-0.25
2024-12-23 00:00:00,AAPL,7,0.23809523809523808
2024-12-24 00:00:00,AAPL,11,0.0606060606060606
2024-12-25 00:00:00,AAPL,6,0.125
2024-12-26 00:00:00,AAPL,7,0.20952380952380953
2024-12-27 00:00:00,AAPL,10,0.15
2024-12-28 00:00:00,AAPL,2,-0.25
2024-12-29 00:00:00,AAPL,1,0.6666666666666666
2024-12-30 00:00:00,AAPL,7,0.23809523809523808
2024-12-31 00:00:00,AAPL,8,0.1875
2025-01-01 00:00:00,AAPL,4,-0.1875
2025-01-02 00:00:00,AAPL,10,-0.041666666666666664
2025-01-03 00:00:00,AAPL,14,0.14285714285714285
2025-01-04 00:00:00,AAPL,3,-0.2222222222222222
2025-01-05 00:00:00,AAPL,2,0.0
2025-01-06 00:00:00,AAPL,8,0.1875
2025-01-07 00:00:00,AAPL,13,-0.07435897435897436
2025-01-08 00:00:00,AAPL,2,0.0
2025-01-09 00:00:00,AAPL,9,-0.05555555555555555
2025-01-10 00:00:00,AAPL,6,-0.125
2025-01-11 00:00:00,AAPL,4,-0.1
2025-01-12 00:00:00,AAPL,2,-0.375
2025-01-13 00:00:00,AAPL,6,0.08333333333333333
2025-01-14 00:00:00,AAPL,7,-0.03571428571428571
2025-01-15 00:00:00,AAPL,5,0.1
2025-01-16 00:00:00,AAPL,12,0.09444444444444444
2025-01-17 00:00:00,AAPL,15,0.027777777777777776
2025-01-18 00:00:00,AAPL,3,0.16666666666666666
2025-01-19 00:00:00,AAPL,4,-0.04166666666666666
2025-01-20 00:00:00,AAPL,4,0.125
2025-01-21 00:00:00,AAPL,20,-0.02708333333333333
2025-01-22 00:00:00,AAPL,8,0.0
2025-01-23 00:00:00,AAPL,13,-0.025641025641025637
2025-01-24 00:00:00,AAPL,9,-0.1111111111111111
2025-01-25 00:00:00,AAPL,5,-0.1
2025-01-26 00:00:00,AAPL,3,0.16666666666666666
2025-01-27 00:00:00,AAPL,15,-0.09333333333333332
2025-01-28 00:00:00,AAPL,11,-0.20909090909090908
2025-01-29 00:00:00,AAPL,18,-0.046296296296296294
2025-01-30 00:00:00,AAPL,19,0.04824561403508772
2025-01-31 00:00:00,AAPL,34,0.125
2025-02-02 00:00:00,AAPL,3,-0.38888888888888884
2025-02-03 00:00:00,AAPL,16,-0.15625
2025-02-04 00:00:00,AAPL,8,-0.09375
2025-02-05 00:00:00,AAPL,5,0.15
2025-02-06 00:00:00,AAPL,12,0.1597222222222222
2025-02-07 00:00:00,AAPL,6,0.027777777777777773
2025-02-08 00:00:00,AAPL,3,0.16666666666666666
2025-02-09 00:00:00,AAPL,3,0.08333333333333333
2025-02-10 00:00:00,AAPL,9,0.14814814814814814
2025-02-11 00:00:00,AAPL,11,-0.045454545454545456
2025-02-12 00:00:00,AAPL,12,0.20555555555555557
2025-02-13 00:00:00,AAPL,9,0.07407407407407407
2025-02-14 00:00:00,AAPL,14,-0.03571428571428571
2025-02-15 00:00:00,AAPL,4,0.25
2025-02-16 00:00:00,AAPL,4,-0.125
2025-02-17 00:00:00,AAPL,9,0.08333333333333333
2025-02-18 00:00:00,AAPL,8,0.0
2025-02-19 00:00:00,AAPL,11,-0.1590909090909091
2025-02-20 00:00:00,AAPL,14,0.06547619047619048
2025-02-21 00:00:00,AAPL,17,-0.014705882352941176
2025-02-22 00:00:00,AAPL,4,-0.41666666666666663
2025-02-23 00:00:00,AAPL,4,-0.04166666666666666
2025-02-24 00:00:00,AAPL,17,0.1372549019607843
2025-02-25 00:00:00,AAPL,10,-0.15
2025-02-26 00:00:00,AAPL,10,0.15
2025-02-27 00:00:00,AAPL,6,-0.08333333333333333
2025-02-28 00:00:00,AAPL,7,0.0
2025-03-01 00:00:00,AAPL,3,-0.3333333333333333
2025-03-02 00:00:00,AAPL,3,0.16666666666666666
2025-03-03 00:00:00,AAPL,8,-0.08333333333333333
2025-03-04 00:00:00,AAPL,11,-0.015151515151515148
2025-03-05 00:00:00,AAPL,9,-0.19444444444444445
2025-03-06 00:00:00,AAPL,6,0.0
2025-03-07 00:00:00,AAPL,4,-0.125
2025-03-08 00:00:00,AAPL,3,0.08333333333333333
2025-03-09 00:00:00,AAPL,3,-0.08333333333333333
2025-03-10 00:00:00,AAPL,8,-0.1625
2025-03-11 00:00:00,AAPL,11,-0.21060606060606057
2025-03-12 00:00:00,AAPL,12,0.020833333333333332
2025-03-13 00:00:00,AAPL,6,-0.2916666666666667
2025-03-14 00:00:00,AAPL,7,0.04761904761904762
2025-03-15 00:00:00,AAPL,3,-0.3333333333333333
2025-03-16 00:00:00,AAPL,5,-0.14
2025-03-17 00:00:00,AAPL,9,-0.05555555555555555
2025-03-18 00:00:00,AAPL,10,-0.023333333333333338
2025-03-19 00:00:00,AAPL,7,-0.14285714285714285
2025-03-20 00:00:00,AAPL,6,-0.16666666666666666
2025-03-21 00:00:00,AAPL,11,-0.17424242424242423
2025-03-22 00:00:00,AAPL,2,-0.25
2025-03-23 00:00:00,AAPL,4,-0.35416666666666663
2025-03-24 00:00:00,AAPL,8,-0.16666666666666669
2025-03-25 00:00:00,AAPL,8,0.0
2025-03-26 00:00:00,AAPL,4,0.1875
2025-03-27 00:00:00,AAPL,6,-0.1111111111111111
2025-03-28 00:00:00,AAPL,6,-0.08333333333333333
2025-03-29 00:00:00,AAPL,1,-0.6666666666666666
2025-03-30 00:00:00,AAPL,3,-0.2222222222222222
2025-03-31 00:00:00,AAPL,5,-0.1
2025-04-01 00:00:00,AAPL,16,-0.04791666666666666
2025-04-02 00:00:00,AAPL,9,-0.0685185185185185
2025-04-03 00:00:00,AAPL,20,-0.2735714285714286
2025-04-04 00:00:00,AAPL,20,-0.34500000000000003
2025-04-05 00:00:00,AAPL,3,-0.47222222222222215
2025-04-06 00:00:00,AAPL,4,-0.625
2025-04-07 00:00:00,AAPL,26,-0.42609890109890114
2025-04-08 00:00:00,AAPL,19,-0.3228070175438596
2025-04-09 00:00:00,AAPL,23,-0.17173913043478262
2025-04-10 00:00:00,AAPL,18,-0.13194444444444445
2025-04-11 00:00:00,AAPL,17,-0.35294117647058826
2025-04-12 00:00:00,AAPL,4,-0.4583333333333333
2025-04-13 00:00:00,AAPL,3,-0.3055555555555555
2025-04-14 00:00:00,AAPL,27,-0.20238095238095238
2025-04-15 00:00:00,AAPL,11,-0.051515151515151514
2025-04-16 00:00:00,AAPL,13,-0.012820512820512818
2025-04-17 00:00:00,AAPL,11,-0.018939393939393933
2025-04-18 00:00:00,AAPL,4,-0.3125
2025-04-19 00:00:00,AAPL,2,-0.3333333333333333
2025-04-20 00:00:00,AAPL,1,-0.6666666666666666
2025-04-21 00:00:00,AAPL,7,-0.14285714285714285
2025-04-22 00:00:00,AAPL,11,-0.18181818181818182
2025-04-23 00:00:00,AAPL,12,0.013888888888888888
2025-04-24 00:00:00,AAPL,12,-0.2638888888888889
2025-04-25 00:00:00,AAPL,5,-0.3833333333333333
2025-04-26 00:00:00,AAPL,2,-0.125
2025-04-27 00:00:00,AAPL,4,-0.5059523809523809
2025-04-28 00:00:00,AAPL,18,-0.08101851851851852
2025-04-29 00:00:00,AAPL,9,0.027777777777777776
2025-04-30 00:00:00,AAPL,12,-0.012500000000000002
2025-05-01 00:00:00,AAPL,29,0.006321839080459771
2025-05-02 00:00:00,AAPL,31,0.04139784946236559
2025-05-03 00:00:00,AAPL,2,-0.3333333333333333
2025-05-04 00:00:00,AAPL,4,0.06666666666666665
2025-05-05 00:00:00,AAPL,20,0.008333333333333331
2025-05-06 00:00:00,AAPL,3,0.0
2025-05-07 00:00:00,AAPL,14,-0.08035714285714286
2025-05-08 00:00:00,AAPL,11,-0.16666666666666666
2025-05-09 00:00:00,AAPL,10,-0.008333333333333337
2025-05-10 00:00:00,AAPL,1,-0.6666666666666666
2025-05-11 00:00:00,AAPL,3,0.16666666666666666
2025-05-12 00:00:00,AAPL,17,-0.18137254901960784
2025-05-13 00:00:00,AAPL,14,0.0
2025-05-14 00:00:00,AAPL,12,0.22083333333333333
2025-05-15 00:00:00,AAPL,8,-0.04166666666666666
2025-05-16 00:00:00,AAPL,14,-0.17261904761904762
2025-05-17 00:00:00,AAPL,1,-0.5
2025-05-18 00:00:00,AAPL,3,0.13333333333333333
2025-05-19 00:00:00,AAPL,11,0.05454545454545454
2025-05-20 00:00:00,AAPL,9,0.08333333333333333
2025-05-21 00:00:00,AAPL,10,0.0
2025-05-22 00:00:00,AAPL,13,0.05128205128205128
2025-05-23 00:00:00,AAPL,21,-0.2873015873015873
2025-05-24 00:00:00,AAPL,7,-0.3547619047619048
2025-05-25 00:00:00,AAPL,4,-0.2
2025-05-26 00:00:00,AAPL,4,-0.04166666666666666
2025-05-27 00:00:00,AAPL,16,-0.09375
2025-05-28 00:00:00,AAPL,8,0.03125
2025-05-29 00:00:00,AAPL,8,0.0375
2025-05-30 00:00:00,AAPL,5,0.2833333333333333
2025-05-31 00:00:00,AAPL,2,0.0
2025-06-01 00:00:00,AAPL,4,-0.125
2025-06-02 00:00:00,AAPL,11,-0.030303030303030307
2025-06-03 00:00:00,AAPL,7,0.1904761904761905
2025-06-04 00:00:00,AAPL,18,0.008333333333333335
2025-06-05 00:00:00,AAPL,11,0.045454545454545456
2025-06-06 00:00:00,AAPL,4,0.3125
2025-06-07 00:00:00,AAPL,3,-0.16666666666666666
2025-06-08 00:00:00,AAPL,4,0.075
2025-06-09 00:00:00,AAPL,30,0.016666666666666666
2025-06-10 00:00:00,AAPL,15,-0.016666666666666666
2025-06-11 00:00:00,AAPL,11,-0.03636363636363637
2025-06-12 00:00:00,AAPL,15,0.1111111111111111
2025-06-13 00:00:00,AAPL,5,0.016666666666666673
2025-06-15 00:00:00,AAPL,3,0.0
2025-06-16 00:00:00,AAPL,12,-0.0625
2025-06-17 00:00:00,AAPL,8,0.05208333333333333
2025-06-18 00:00:00,AAPL,7,0.21428571428571427
2025-06-19 00:00:00,AAPL,3,0.2222222222222222
2025-06-20 00:00:00,AAPL,8,0.0625
2025-06-21 00:00:00,AAPL,2,-0.3333333333333333
2025-06-22 00:00:00,AAPL,2,0.0
2025-06-23 00:00:00,AAPL,4,-0.16666666666666666
2025-06-24 00:00:00,AAPL,12,0.006944444444444438
2025-06-25 00:00:00,AAPL,11,-0.0803030303030303
2025-06-26 00:00:00,AAPL,12,-0.041666666666666664
2025-06-27 00:00:00,AAPL,10,0.15238095238095237
2025-06-28 00:00:00,AAPL,3,0.16666666666666666
2025-06-29 00:00:00,AAPL,3,0.16666666666666666
2025-06-30 00:00:00,AAPL,10,-0.05
2025-07-01 00:00:00,AAPL,14,0.023809523809523805
2025-07-02 00:00:00,AAPL,10,0.11111111111111112
2025-07-03 00:00:00,AAPL,10,0.21666666666666665
2025-07-04 00:00:00,AAPL,7,0.14285714285714285
2025-07-05 00:00:00,AAPL,1,0.0
2025-07-06 00:00:00,AAPL,4,0.3125
2025-07-07 00:00:00,AAPL,12,0.0
2025-07-08 00:00:00,AAPL,13,0.09615384615384616
2025-07-09 00:00:00,AAPL,18,0.09722222222222222
2025-07-10 00:00:00,AAPL,16,0.0
2025-07-11 00:00:00,AAPL,12,0.20555555555555557
2025-07-13 00:00:00,AAPL,4,-0.125
2025-07-14 00:00:00,AAPL,7,0.09523809523809523
2025-07-15 00:00:00,AAPL,16,-0.0375
2025-07-16 00:00:00,AAPL,10,0.18333333333333332
2025-07-17 00:00:00,AAPL,12,0.19444444444444445
2025-07-18 00:00:00,AAPL,13,0.09615384615384616
2025-07-20 00:00:00,AAPL,4,0.26666666666666666
2025-07-21 00:00:00,AAPL,10,0.04666666666666667
2025-07-22 00:00:00,AAPL,10,0.19
2025-07-23 00:00:00,AAPL,9,-0.05555555555555555
2025-07-24 00:00:00,AAPL,7,-0.16666666666666666
2025-07-25 00:00:00,AAPL,11,-0.1212121212121212
2025-07-27 00:00:00,AAPL,2,-0.375
2025-07-28 00:00:00,AAPL,18,0.03888888888888889
2025-07-29 00:00:00,AAPL,20,0.02777777777777778
2025-07-30 00:00:00,AAPL,19,0.02631578947368421
2025-07-31 00:00:00,AAPL,24,0.1909722222222222
2025-08-01 00:00:00,AAPL,31,0.09408602150537634
2025-08-02 00:00:00,AAPL,2,0.0
2025-08-03 00:00:00,AAPL,4,-0.22916666666666666
2025-08-04 00:00:00,AAPL,9,0.10648148148148147
2025-08-05 00:00:00,AAPL,9,0.15343915343915343
2025-08-06 00:00:00,AAPL,19,-0.061403508771929814
2025-08-07 00:00:00,AAPL,32,0.03608630952380952
2025-08-08 00:00:00,AAPL,14,0.11309523809523811
2025-08-09 00:00:00,AAPL,2,-0.375
2025-08-10 00:00:00,AAPL,2,-0.125
2025-08-11 00:00:00,AAPL,13,0.22820512820512823
2025-08-12 00:00:00,AAPL,8,0.0
2025-08-13 00:00:00,AAPL,13,0.14468864468864467
2025-08-14 00:00:00,AAPL,9,0.12962962962962965
2025-08-15 00:00:00,AAPL,10,0.11666666666666665
2025-08-17 00:00:00,AAPL,4,0.25
2025-08-18 00:00:00,AAPL,8,0.0
2025-08-19 00:00:00,AAPL,11,-0.045454545454545456
2025-08-20 00:00:00,AAPL,7,0.11904761904761905
2025-08-21 00:00:00,AAPL,13,0.019230769230769232
2025-08-22 00:00:00,AAPL,13,0.17307692307692307
2025-08-23 00:00:00,AAPL,1,0.0
2025-08-24 00:00:00,AAPL,3,0.0
2025-08-25 00:00:00,AAPL,10,0.1
2025-08-26 00:00:00,AAPL,9,-0.018518518518518514
2025-08-27 00:00:00,AAPL,11,0.015151515151515148
2025-08-28 00:00:00,AAPL,8,0.2708333333333333
2025-08-29 00:00:00,AAPL,8,-0.08333333333333333
2025-08-30 00:00:00,AAPL,1,0.0
2025-08-31 00:00:00,AAPL,3,0.0
2025-09-01 00:00:00,AAPL,4,-0.16666666666666666
2025-09-02 00:00:00,AAPL,12,0.05555555555555555
2025-09-03 00:00:00,AAPL,23,0.07608695652173914
2025-09-04 00:00:00,AAPL,18,-0.008333333333333335
2025-09-05 00:00:00,AAPL,13,0.1346153846153846
2025-09-06 00:00:00,AAPL,3,-0.055555555555555546
2025-09-07 00:00:00,AAPL,3,0.5
2025-09-08 00:00:00,AAPL,12,0.11805555555555554
2025-09-09 00:00:00,AAPL,36,0.053240740740740734
2025-09-10 00:00:00,AAPL,22,0.2196969696969697
2025-09-11 00:00:00,AAPL,15,0.07555555555555556
2025-09-12 00:00:00,AAPL,20,0.04583333333333333
2025-09-13 00:00:00,AAPL,3,0.0
2025-09-14 00:00:00,AAPL,4,0.39166666666666666
2025-09-15 00:00:00,AAPL,11,0.05909090909090909
2025-09-16 00:00:00,AAPL,10,0.075
2025-09-17 00:00:00,AAPL,8,0.2708333333333333
2025-09-18 00:00:00,AAPL,7,0.08571428571428572
2025-09-19 00:00:00,AAPL,10,0.1
2025-09-20 00:00:00,AAPL,3,0.0
2025-09-21 00:00:00,AAPL,8,0.11458333333333333
2025-09-22 00:00:00,AAPL,13,0.2423076923076923
2025-09-23 00:00:00,AAPL,12,0.10416666666666667
2025-09-24 00:00:00,AAPL,9,-0.018518518518518514
2025-09-25 00:00:00,AAPL,13,0.05128205128205128
2025-09-26 00:00:00,AAPL,14,0.25595238095238093
2025-09-27 00:00:00,AAPL,1,0.0
2025-09-28 00:00:00,AAPL,5,0.2333333333333333
2025-09-29 00:00:00,AAPL,10,0.06666666666666667
2025-09-30 00:00:00,AAPL,7,0.17857142857142858
2025-10-01 00:00:00,AAPL,17,0.0392156862745098
2025-10-02 00:00:00,AAPL,11,0.07575757575757576
2025-10-03 00:00:00,AAPL,9,0.10185185185185185
2025-10-05 00:00:00,AAPL,2,0.125
2025-10-06 00:00:00,AAPL,7,-0.05952380952380952
2025-10-07 00:00:00,AAPL,12,-0.1597222222222222
2025-10-08 00:00:00,AAPL,7,0.21428571428571427
2025-10-09 00:00:00,AAPL,9,0.14814814814814814
2025-10-10 00:00:00,AAPL,14,-0.052380952380952375
2025-10-11 00:00:00,AAPL,1,0.0
2025-10-12 00:00:00,AAPL,3,0.3333333333333333
2025-10-13 00:00:00,AAPL,10,0.125
2025-10-14 00:00:00,AAPL,9,0.32962962962962966
2025-10-15 00:00:00,AAPL,14,0.07142857142857142
2025-10-16 00:00:00,AAPL,14,0.10714285714285714
2025-10-17 00:00:00,AAPL,7,0.09523809523809523
2025-10-18 00:00:00,AAPL,1,0.0
2025-10-19 00:00:00,AAPL,3,0.0
2025-10-20 00:00:00,AAPL,16,0.02083333333333333
2025-10-21 00:00:00,AAPL,10,0.2708333333333333
2025-10-22 00:00:00,AAPL,13,-0.038461538461538464
2025-10-23 00:00:00,AAPL,12,-0.016666666666666663
2025-10-24 00:00:00,AAPL,12,-0.1111111111111111
2025-10-25 00:00:00,AAPL,1,0.0
2025-10-26 00:00:00,AAPL,6,-0.08333333333333333
2025-10-27 00:00:00,AAPL,10,0.15
2025-10-28 00:00:00,AAPL,14,0.15476190476190474
2025-10-29 00:00:00,AAPL,13,0.2653846153846154
2025-10-30 00:00:00,AAPL,20,0.09666666666666665
2025-10-31 00:00:00,AAPL,35,0.3296598639455782
2025-11-01 00:00:00,AAPL,2,0.625
2025-11-02 00:00:00,AAPL,5,0.15
2025-11-03 00:00:00,AAPL,8,0.17708333333333331
2025-11-04 00:00:00,AAPL,10,0.175
2025-11-05 00:00:00,AAPL,6,0.24444444444444446
2025-11-06 00:00:00,AAPL,9,0.13703703703703704
2025-11-07 00:00:00,AAPL,6,0.08333333333333333
2025-11-08 00:00:00,AAPL,3,-0.3333333333333333
2025-11-09 00:00:00,AAPL,3,0.055555555555555546
2025-11-10 00:00:00,AAPL,6,-0.09444444444444444
2025-11-11 00:00:00,AAPL,7,0.09523809523809523
2025-11-12 00:00:00,AAPL,9,-0.05555555555555555
2025-11-13 00:00:00,AAPL,13,0.10897435897435896
2025-11-14 00:00:00,AAPL,12,-0.1875
2025-11-15 00:00:00,AAPL,2,0.0
2025-11-16 00:00:00,AAPL,5,0.3333333333333333
2025-11-17 00:00:00,AAPL,16,-0.0625
2025-11-18 00:00:00,AAPL,14,0.075
2025-11-19 00:00:00,AAPL,14,0.08333333333333333
2025-11-20 00:00:00,AAPL,10,-0.075
2025-11-21 00:00:00,AAPL,5,0.2333333333333333
2025-11-22 00:00:00,AAPL,2,-0.5833333333333333
2025-11-23 00:00:00,AAPL,4,0.08333333333333334
2025-11-24 00:00:00,AAPL,10,0.025
2025-11-25 00:00:00,AAPL,12,-0.01190476190476191
2025-11-26 00:00:00,AAPL,13,0.20512820512820512
2025-11-27 00:00:00,AAPL,8,-0.08333333333333333
2025-11-28 00:00:00,AAPL,13,0.1474358974358974
2025-11-29 00:00:00,AAPL,2,0.0
2025-11-30 00:00:00,AAPL,2,0.3333333333333333
2025-12-01 00:00:00,AAPL,11,0.0075757575757575794
2025-12-02 00:00:00,AAPL,18,0.10648148148148147
2025-12-03 00:00:00,AAPL,11,0.1212121212121212
2025-12-04 00:00:00,AAPL,12,-0.13194444444444445
2025-12-05 00:00:00,AAPL,12,0.0
2025-12-06 00:00:00,AAPL,4,-0.29166666666666663
2025-12-07 00:00:00,AAPL,6,-0.25
2025-12-08 00:00:00,AAPL,14,0.17023809523809524
2025-12-09 00:00:00,AAPL,4,0.0
2025-12-10 00:00:00,AAPL,7,-0.14285714285714285
2025-12-11 00:00:00,AAPL,8,0.0625
2025-12-12 00:00:00,AAPL,14,0.0880952380952381
2025-12-14 00:00:00,AAPL,3,0.0
2025-12-15 00:00:00,AAPL,12,0.10833333333333334
2025-12-16 00:00:00,AAPL,8,-0.03125
2025-12-17 00:00:00,AAPL,14,0.08928571428571429
2025-12-18 00:00:00,AAPL,9,0.05555555555555555
2025-12-19 00:00:00,AAPL,3,0.16666666666666666
2025-12-21 00:00:00,AAPL,5,-0.2166666666666667
2025-12-22 00:00:00,AAPL,6,-0.1111111111111111
2025-12-23 00:00:00,AAPL,3,0.08333333333333333
2025-12-24 00:00:00,AAPL,12,-0.15277777777777776
2025-12-25 00:00:00,AAPL,2,0.0
2025-12-26 00:00:00,AAPL,4,0.125
2025-12-27 00:00:00,AAPL,2,0.25
2025-12-28 00:00:00,AAPL,3,0.16666666666666666
2025-12-29 00:00:00,AAPL,4,-0.0625
2025-12-30 00:00:00,AAPL,4,0.0
2025-12-31 00:00:00,AAPL,9,0.1111111111111111
2026-01-01 00:00:00,AAPL,6,0.0
2026-01-02 00:00:00,AAPL,13,0.10256410256410256
2026-01-03 00:00:00,AAPL,1,0.0
2026-01-04 00:00:00,AAPL,2,0.0
2026-01-05 00:00:00,AAPL,9,0.05555555555555555
2026-01-06 00:00:00,AAPL,8,0.19791666666666666
2026-01-07 00:00:00,AAPL,6,0.13333333333333333
2026-01-08 00:00:00,AAPL,7,0.14285714285714285
2026-01-09 00:00:00,AAPL,10,0.275
2026-01-10 00:00:00,AAPL,1,0.0
2026-01-11 00:00:00,AAPL,3,0.47222222222222215
2026-01-12 00:00:00,AAPL,15,0.08333333333333333
2026-01-13 00:00:00,AAPL,16,0.20833333333333334
2026-01-14 00:00:00,AAPL,8,0.21875
2026-01-15 00:00:00,AAPL,9,0.10185185185185185
2026-01-16 00:00:00,AAPL,7,0.014285714285714282
2026-01-17 00:00:00,AAPL,1,0.0
2026-01-18 00:00:00,AAPL,2,-0.3333333333333333
2026-01-20 00:00:00,AAPL,9,0.03888888888888889
2026-01-21 00:00:00,AAPL,6,-0.1111111111111111
2026-01-22 00:00:00,AAPL,12,0.21527777777777776
2026-01-23 00:00:00,AAPL,7,0.14285714285714285
2026-01-25 00:00:00,AAPL,3,0.0
2026-01-26 00:00:00,AAPL,16,0.125
2026-01-27 00:00:00,AAPL,5,0.08
2026-01-28 00:00:00,AAPL,7,0.14285714285714285
2026-01-29 00:00:00,AAPL,44,0.1268939393939394
2026-01-30 00:00:00,AAPL,29,0.12528735632183907
2026-01-31 00:00:00,AAPL,2,0.0
2026-02-01 00:00:00,AAPL,2,-0.2
2026-02-02 00:00:00,AAPL,13,0.16794871794871793
2026-02-03 00:00:00,AAPL,6,0.0
2026-02-04 00:00:00,AAPL,11,0.030303030303030307
2026-02-05 00:00:00,AAPL,6,0.13333333333333333
2026-02-06 00:00:00,AAPL,7,-0.07142857142857142
2026-02-07 00:00:00,AAPL,1,0.0
2026-02-08 00:00:00,AAPL,3,0.38888888888888884
2026-02-09 00:00:00,AAPL,6,-0.125
2026-02-10 00:00:00,AAPL,7,0.11904761904761904
2026-02-11 00:00:00,AAPL,11,-0.1787878787878788
2026-02-12 00:00:00,AAPL,18,-0.17407407407407408
2026-02-13 00:00:00,AAPL,9,0.06666666666666667
2026-02-15 00:00:00,AAPL,2,-0.125
2026-02-16 00:00:00,AAPL,2,0.4
2026-02-17 00:00:00,AAPL,15,0.07777777777777777
2026-02-18 00:00:00,AAPL,4,0.125
2026-02-19 00:00:00,AAPL,8,0.0625
2026-02-20 00:00:00,AAPL,9,0.15740740740740738
2026-02-21 00:00:00,AAPL,1,0.0
2026-02-22 00:00:00,AAPL,2,0.3333333333333333
2026-02-23 00:00:00,AAPL,9,-0.08333333333333333
2026-02-24 00:00:00,AAPL,12,-0.05555555555555555
2026-02-25 00:00:00,AAPL,4,0.29166666666666663
2026-02-26 00:00:00,AAPL,10,0.1
2026-02-27 00:00:00,AAPL,6,0.06944444444444443
2026-02-28 00:00:00,AAPL,2,-0.5833333333333333
2026-03-01 00:00:00,AAPL,2,-0.3333333333333333
2026-03-02 00:00:00,AAPL,9,-0.1111111111111111
2026-03-03 00:00:00,AAPL,14,0.1369047619047619
2026-03-04 00:00:00,AAPL,9,0.05555555555555555
2026-03-05 00:00:00,AAPL,9,0.2222222222222222
2026-03-06 00:00:00,AAPL,5,-0.1
2026-03-08 00:00:00,AAPL,2,0.0
2026-03-09 00:00:00,AAPL,2,0.125
2026-03-10 00:00:00,AAPL,5,-0.1
2026-03-11 00:00:00,AAPL,6,0.1111111111111111
2026-03-12 00:00:00,AAPL,4,0.125
2026-03-13 00:00:00,AAPL,6,-0.1111111111111111
2026-03-15 00:00:00,AAPL,2,-0.3333333333333333
2026-03-16 00:00:00,AAPL,4,-0.16666666666666666
2026-03-17 00:00:00,AAPL,9,0.07407407407407407
2026-03-18 00:00:00,AAPL,8,-0.0625
2026-03-19 00:00:00,AAPL,11,0.015151515151515148
2026-03-20 00:00:00,AAPL,7,0.07142857142857142
2026-03-22 00:00:00,AAPL,2,0.0
2026-03-23 00:00:00,AAPL,15,0.060000000000000005
2026-03-24 00:00:00,AAPL,12,-0.06944444444444443
2026-03-25 00:00:00,AAPL,9,0.05555555555555555
2026-03-26 00:00:00,AAPL,17,0.06666666666666667
2026-03-27 00:00:00,AAPL,9,-0.05555555555555555
2026-03-29 00:00:00,AAPL,2,0.375
2026-03-30 00:00:00,AAPL,11,-0.18181818181818182
2026-03-31 00:00:00,AAPL,13,0.022435897435897433
2026-04-01 00:00:00,AAPL,10,-0.025
2026-04-02 00:00:00,AAPL,9,0.05555555555555555
2026-04-04 00:00:00,AAPL,1,0.5
2026-04-05 00:00:00,AAPL,1,0.0
2026-04-06 00:00:00,AAPL,9,0.2222222222222222
2026-04-07 00:00:00,AAPL,15,0.14777777777777779
2026-04-08 00:00:00,AAPL,9,0.32407407407407407
2026-04-09 00:00:00,AAPL,6,0.125
2026-04-10 00:00:00,AAPL,14,0.05952380952380953
2026-04-11 00:00:00,AAPL,1,0.0
2026-04-12 00:00:00,AAPL,2,0.4583333333333333
2026-04-13 00:00:00,AAPL,6,0.1111111111111111
2026-04-14 00:00:00,AAPL,9,0.1388888888888889
2026-04-15 00:00:00,AAPL,10,0.15
2026-04-16 00:00:00,AAPL,9,0.2916666666666667
2026-04-17 00:00:00,AAPL,6,0.20833333333333334
2026-04-18 00:00:00,AAPL,2,0.25
2026-04-19 00:00:00,AAPL,2,0.25
2026-04-20 00:00:00,AAPL,10,-0.15
2026-04-21 00:00:00,AAPL,19,0.07719298245614035
2026-04-22 00:00:00,AAPL,11,0.0075757575757575794
2026-04-23 00:00:00,AAPL,3,0.38888888888888884
2026-04-24 00:00:00,AAPL,5,-0.13333333333333333
2026-04-25 00:00:00,AAPL,1,0.5
2026-04-26 00:00:00,AAPL,1,0.0
2026-04-27 00:00:00,AAPL,10,0.034999999999999996
2026-04-28 00:00:00,AAPL,8,0.20833333333333331
2026-04-29 00:00:00,AAPL,10,0.125
2026-04-30 00:00:00,AAPL,27,0.16049382716049382
2026-05-01 00:00:00,AAPL,26,0.3189102564102564
2026-05-02 00:00:00,AAPL,4,0.25
2026-05-03 00:00:00,AAPL,3,0.38888888888888884
2026-05-04 00:00:00,AAPL,12,0.22916666666666666
2026-05-05 00:00:00,AAPL,16,0.19791666666666666
2026-05-06 00:00:00,AAPL,11,0.17261904761904762
2026-05-07 00:00:00,AAPL,10,0.11666666666666665
2026-05-08 00:00:00,AAPL,11,0.17424242424242423
2026-05-10 00:00:00,AAPL,4,0.1875
2026-05-11 00:00:00,AAPL,12,0.02777777777777778
2026-05-12 00:00:00,AAPL,15,-0.04444444444444444
2026-05-13 00:00:00,AAPL,17,0.027450980392156862
2026-05-14 00:00:00,AAPL,17,0.1011204481792717
2026-05-15 00:00:00,AAPL,8,0.0625
2026-05-16 00:00:00,AAPL,4,-0.125
2026-05-17 00:00:00,AAPL,1,0.0
2026-05-18 00:00:00,AAPL,10,0.025
2026-05-19 00:00:00,AAPL,10,0.075
2026-05-20 00:00:00,AAPL,3,-0.055555555555555546
2026-05-21 00:00:00,AAPL,4,0.0
2026-05-22 00:00:00,AAPL,7,-0.07142857142857142
2026-05-23 00:00:00,AAPL,2,0.0
2026-05-24 00:00:00,AAPL,3,0.16666666666666666
2026-05-25 00:00:00,AAPL,3,-0.16666666666666666
2026-05-26 00:00:00,AAPL,8,0.125
2026-05-27 00:00:00,AAPL,11,0.10606060606060605
2026-05-28 00:00:00,AAPL,7,0.20238095238095236
2026-05-29 00:00:00,AAPL,3,0.25
2026-05-31 00:00:00,AAPL,5,0.2
2026-06-01 00:00:00,AAPL,11,-0.018181818181818177
2026-06-02 00:00:00,AAPL,4,0.25
2026-06-03 00:00:00,AAPL,11,0.28787878787878785
2026-06-04 00:00:00,AAPL,8,0.0625
2026-06-05 00:00:00,AAPL,8,0.0625
2026-06-06 00:00:00,AAPL,1,0.0
2026-06-07 00:00:00,AAPL,2,0.16666666666666669
2026-06-08 00:00:00,AAPL,28,0.04345238095238096
2026-06-09 00:00:00,AAPL,21,0.17989417989417988
2026-06-10 00:00:00,AAPL,6,0.041666666666666664
2026-06-11 00:00:00,AAPL,8,0.125
2026-06-12 00:00:00,AAPL,3,-0.16666666666666666
2026-06-13 00:00:00,AAPL,4,-0.04166666666666666
2026-06-14 00:00:00,AAPL,3,-0.2222222222222222
2026-06-15 00:00:00,AAPL,6,0.041666666666666664
2026-06-16 00:00:00,AAPL,8,0.31875
2026-06-17 00:00:00,AAPL,11,0.2333333333333333
2026-06-18 00:00:00,AAPL,15,0.05555555555555555
2026-06-19 00:00:00,AAPL,1,0.0
2026-06-20 00:00:00,AAPL,5,0.1
2026-06-21 00:00:00,AAPL,4,-0.22916666666666666
2026-06-22 00:00:00,AAPL,13,0.10256410256410256
2026-06-23 00:00:00,AAPL,5,-0.2
2026-06-24 00:00:00,AAPL,5,0.0
2026-06-25 00:00:00,AAPL,8,0.0625
2020-05-13 00:00:00,AMZN,1,0.0
2024-07-31 00:00:00,AMZN,1,0.0
2024-08-01 00:00:00,AMZN,20,0.06499999999999999
2024-08-02 00:00:00,AMZN,40,-0.03446428571428572
2024-08-03 00:00:00,AMZN,1,-0.75
2024-08-04 00:00:00,AMZN,1,0.0
2024-08-05 00:00:00,AMZN,9,0.05555555555555555
2024-08-06 00:00:00,AMZN,8,-0.125
2024-08-07 00:00:00,AMZN,9,-0.05555555555555555
2024-08-08 00:00:00,AMZN,16,0.11458333333333333
2024-08-09 00:00:00,AMZN,9,0.07407407407407407
2024-08-12 00:00:00,AMZN,5,-0.05
2024-08-13 00:00:00,AMZN,6,0.15277777777777776
2024-08-14 00:00:00,AMZN,4,0.35416666666666663
2024-08-15 00:00:00,AMZN,10,0.16666666666666666
2024-08-16 00:00:00,AMZN,11,0.045454545454545456
2024-08-17 00:00:00,AMZN,1,0.0
2024-08-18 00:00:00,AMZN,1,-0.5
2024-08-19 00:00:00,AMZN,6,0.27777777777777773
2024-08-20 00:00:00,AMZN,6,0.08333333333333333
2024-08-21 00:00:00,AMZN,4,0.16666666666666666
2024-08-22 00:00:00,AMZN,14,0.0023809523809523803
2024-08-23 00:00:00,AMZN,9,-0.1111111111111111
2024-08-25 00:00:00,AMZN,1,0.0
2024-08-26 00:00:00,AMZN,6,0.08333333333333333
2024-08-27 00:00:00,AMZN,9,-0.018518518518518514
2024-08-28 00:00:00,AMZN,12,0.0
2024-08-29 00:00:00,AMZN,2,0.25
2024-08-30 00:00:00,AMZN,5,-0.1
2024-09-01 00:00:00,AMZN,1,-0.5
2024-09-02 00:00:00,AMZN,4,-0.20833333333333331
2024-09-03 00:00:00,AMZN,8,0.29166666666666663
2024-09-04 00:00:00,AMZN,6,-0.027777777777777773
2024-09-05 00:00:00,AMZN,13,-0.025641025641025644
2024-09-06 00:00:00,AMZN,7,-0.14285714285714285
2024-09-07 00:00:00,AMZN,2,0.0
2024-09-08 00:00:00,AMZN,4,0.125
2024-09-09 00:00:00,AMZN,7,-0.03571428571428571
2024-09-10 00:00:00,AMZN,12,0.2638888888888889
2024-09-11 00:00:00,AMZN,7,0.14285714285714285
2024-09-12 00:00:00,AMZN,12,0.013888888888888886
2024-09-13 00:00:00,AMZN,9,0.2222222222222222
2024-09-14 00:00:00,AMZN,1,0.0
2024-09-16 00:00:00,AMZN,18,0.07129629629629629
2024-09-17 00:00:00,AMZN,16,0.32291666666666663
2024-09-18 00:00:00,AMZN,13,0.17948717948717946
2024-09-19 00:00:00,AMZN,15,0.0857142857142857
2024-09-20 00:00:00,AMZN,5,0.2333333333333333
2024-09-21 00:00:00,AMZN,2,0.0
2024-09-23 00:00:00,AMZN,10,0.125
2024-09-24 00:00:00,AMZN,7,0.2619047619047619
2024-09-25 00:00:00,AMZN,12,-0.03333333333333333
2024-09-26 00:00:00,AMZN,9,0.0
2024-09-27 00:00:00,AMZN,14,0.04166666666666667
2024-09-28 00:00:00,AMZN,1,0.6666666666666666
2024-09-30 00:00:00,AMZN,6,0.19444444444444442
2024-10-01 00:00:00,AMZN,8,0.09375
2024-10-02 00:00:00,AMZN,10,0.08
2024-10-03 00:00:00,AMZN,14,0.1369047619047619
2024-10-04 00:00:00,AMZN,6,0.4527777777777778
2024-10-05 00:00:00,AMZN,3,-0.16666666666666666
2024-10-06 00:00:00,AMZN,1,-0.5
2024-10-07 00:00:00,AMZN,10,0.008333333333333337
2024-10-08 00:00:00,AMZN,7,0.043650793650793655
2024-10-09 00:00:00,AMZN,12,0.08333333333333333
2024-10-10 00:00:00,AMZN,12,0.13888888888888887
2024-10-11 00:00:00,AMZN,7,0.39999999999999997
2024-10-12 00:00:00,AMZN,1,0.0
2024-10-13 00:00:00,AMZN,1,-0.5
2024-10-14 00:00:00,AMZN,3,0.38888888888888884
2024-10-15 00:00:00,AMZN,14,0.18214285714285713
2024-10-16 00:00:00,AMZN,9,0.1111111111111111
2024-10-17 00:00:00,AMZN,7,0.25
2024-10-18 00:00:00,AMZN,11,0.12878787878787878
2024-10-20 00:00:00,AMZN,3,0.0
2024-10-21 00:00:00,AMZN,6,0.3
2024-10-22 00:00:00,AMZN,13,0.0
2024-10-23 00:00:00,AMZN,12,0.15277777777777776
2024-10-24 00:00:00,AMZN,11,-0.022727272727272728
2024-10-25 00:00:00,AMZN,10,0.19166666666666665
2024-10-26 00:00:00,AMZN,2,0.25
2024-10-28 00:00:00,AMZN,11,0.0
2024-10-29 00:00:00,AMZN,11,0.08333333333333333
2024-10-30 00:00:00,AMZN,8,0.3020833333333333
2024-10-31 00:00:00,AMZN,18,0.08055555555555555
2024-11-01 00:00:00,AMZN,43,0.40096899224806204
2024-11-04 00:00:00,AMZN,15,0.14444444444444443
2024-11-05 00:00:00,AMZN,16,0.15625
2024-11-06 00:00:00,AMZN,11,0.2772727272727273
2024-11-07 00:00:00,AMZN,15,0.23888888888888887
2024-11-08 00:00:00,AMZN,11,0.237012987012987
2024-11-10 00:00:00,AMZN,1,0.0
2024-11-11 00:00:00,AMZN,8,0.03125
2024-11-12 00:00:00,AMZN,14,0.20238095238095236
2024-11-13 00:00:00,AMZN,11,-0.06818181818181818
2024-11-14 00:00:00,AMZN,22,0.09848484848484848
2024-11-15 00:00:00,AMZN,8,0.0
2024-11-16 00:00:00,AMZN,1,0.0
2024-11-17 00:00:00,AMZN,2,-0.25
2024-11-18 00:00:00,AMZN,8,0.0
2024-11-19 00:00:00,AMZN,8,0.125
2024-11-20 00:00:00,AMZN,5,0.16
2024-11-21 00:00:00,AMZN,8,0.21875
2024-11-22 00:00:00,AMZN,13,0.09294871794871797
2024-11-24 00:00:00,AMZN,1,0.0
2024-11-25 00:00:00,AMZN,5,0.1
2024-11-26 00:00:00,AMZN,11,0.1590909090909091
2024-11-27 00:00:00,AMZN,10,0.0
2024-11-28 00:00:00,AMZN,6,-0.041666666666666664
2024-11-29 00:00:00,AMZN,4,0.29166666666666663
2024-11-30 00:00:00,AMZN,3,0.0
2024-12-02 00:00:00,AMZN,16,0.13020833333333334
2024-12-03 00:00:00,AMZN,26,0.06923076923076923
2024-12-04 00:00:00,AMZN,21,0.25793650793650796
2024-12-05 00:00:00,AMZN,8,-0.02083333333333333
2024-12-06 00:00:00,AMZN,9,0.10185185185185185
2024-12-07 00:00:00,AMZN,3,0.16666666666666666
2024-12-08 00:00:00,AMZN,2,0.5833333333333333
2024-12-09 00:00:00,AMZN,14,0.2119047619047619
2024-12-10 00:00:00,AMZN,15,0.1111111111111111
2024-12-11 00:00:00,AMZN,9,0.027777777777777776
2024-12-12 00:00:00,AMZN,9,0.12962962962962962
2024-12-13 00:00:00,AMZN,8,0.296875
2024-12-15 00:00:00,AMZN,1,0.5
2024-12-16 00:00:00,AMZN,14,0.20833333333333331
2024-12-17 00:00:00,AMZN,10,-0.08333333333333333
2024-12-18 00:00:00,AMZN,13,0.17948717948717946
2024-12-19 00:00:00,AMZN,10,-0.11666666666666665
2024-12-20 00:00:00,AMZN,7,0.23809523809523808
2024-12-22 00:00:00,AMZN,2,0.08333333333333331
2024-12-23 00:00:00,AMZN,9,0.24074074074074073
2024-12-24 00:00:00,AMZN,10,0.16666666666666666
2024-12-25 00:00:00,AMZN,5,0.2
2024-12-26 00:00:00,AMZN,1,0.0
2024-12-27 00:00:00,AMZN,6,-0.041666666666666664
2024-12-29 00:00:00,AMZN,2,0.0
2024-12-30 00:00:00,AMZN,8,0.08333333333333333
2024-12-31 00:00:00,AMZN,8,0.0
2025-01-01 00:00:00,AMZN,2,0.0
2025-01-02 00:00:00,AMZN,10,0.05
2025-01-03 00:00:00,AMZN,11,0.06818181818181818
2025-01-04 00:00:00,AMZN,1,0.0
2025-01-05 00:00:00,AMZN,2,0.25
2025-01-06 00:00:00,AMZN,8,0.0
2025-01-07 00:00:00,AMZN,8,0.0
2025-01-08 00:00:00,AMZN,11,0.18939393939393942
2025-01-09 00:00:00,AMZN,6,0.16666666666666666
2025-01-10 00:00:00,AMZN,5,0.25
2025-01-11 00:00:00,AMZN,2,0.0
2025-01-12 00:00:00,AMZN,1,0.0
2025-01-13 00:00:00,AMZN,8,0.125
2025-01-14 00:00:00,AMZN,10,0.15
2025-01-15 00:00:00,AMZN,5,0.13333333333333333
2025-01-16 00:00:00,AMZN,5,0.033333333333333326
2025-01-17 00:00:00,AMZN,10,-0.075
2025-01-19 00:00:00,AMZN,3,0.0
2025-01-20 00:00:00,AMZN,5,0.0
2025-01-21 00:00:00,AMZN,12,0.20833333333333334
2025-01-22 00:00:00,AMZN,7,0.2571428571428572
2025-01-23 00:00:00,AMZN,9,0.09259259259259259
2025-01-24 00:00:00,AMZN,7,0.3095238095238095
2025-01-25 00:00:00,AMZN,4,-0.125
2025-01-26 00:00:00,AMZN,1,0.5
2025-01-27 00:00:00,AMZN,6,-0.05555555555555556
2025-01-28 00:00:00,AMZN,30,-0.019444444444444445
2025-01-29 00:00:00,AMZN,10,0.11666666666666665
2025-01-30 00:00:00,AMZN,13,0.038461538461538464
2025-01-31 00:00:00,AMZN,11,0.14393939393939392
2025-02-03 00:00:00,AMZN,10,-0.13833333333333334
2025-02-04 00:00:00,AMZN,9,0.06481481481481483
2025-02-05 00:00:00,AMZN,7,-0.10714285714285714
2025-02-06 00:00:00,AMZN,21,0.15079365079365079
2025-02-07 00:00:00,AMZN,44,0.09112554112554112
2025-02-08 00:00:00,AMZN,1,0.0
2025-02-09 00:00:00,AMZN,2,0.375
2025-02-10 00:00:00,AMZN,13,0.1282051282051282
2025-02-11 00:00:00,AMZN,7,0.2571428571428572
2025-02-12 00:00:00,AMZN,11,0.19393939393939394
2025-02-13 00:00:00,AMZN,7,0.14285714285714285
2025-02-14 00:00:00,AMZN,7,0.07142857142857142
2025-02-15 00:00:00,AMZN,3,0.0
2025-02-17 00:00:00,AMZN,5,0.0
2025-02-18 00:00:00,AMZN,5,0.06000000000000001
2025-02-19 00:00:00,AMZN,7,0.023809523809523805
2025-02-20 00:00:00,AMZN,10,0.0
2025-02-21 00:00:00,AMZN,6,0.08333333333333333
2025-02-22 00:00:00,AMZN,1,-0.5
2025-02-23 00:00:00,AMZN,1,-0.6666666666666666
2025-02-24 00:00:00,AMZN,9,0.23703703703703705
2025-02-25 00:00:00,AMZN,8,0.20833333333333331
2025-02-26 00:00:00,AMZN,10,0.06666666666666667
2025-02-27 00:00:00,AMZN,7,-0.07142857142857142
2025-02-28 00:00:00,AMZN,8,0.09375
2025-03-01 00:00:00,AMZN,1,-0.5
2025-03-02 00:00:00,AMZN,3,0.3333333333333333
2025-03-03 00:00:00,AMZN,10,0.028333333333333332
2025-03-04 00:00:00,AMZN,11,-0.03787878787878787
2025-03-05 00:00:00,AMZN,6,-0.041666666666666664
2025-03-06 00:00:00,AMZN,5,0.13333333333333333
2025-03-07 00:00:00,AMZN,6,-0.16666666666666666
2025-03-08 00:00:00,AMZN,4,0.0625
2025-03-10 00:00:00,AMZN,6,-0.16666666666666666
2025-03-11 00:00:00,AMZN,10,0.06666666666666667
2025-03-12 00:00:00,AMZN,11,-0.022727272727272728
2025-03-13 00:00:00,AMZN,10,-0.1
2025-03-14 00:00:00,AMZN,3,0.2222222222222222
2025-03-15 00:00:00,AMZN,1,0.0
2025-03-16 00:00:00,AMZN,1,-0.8
2025-03-17 00:00:00,AMZN,10,-0.14166666666666666
2025-03-18 00:00:00,AMZN,15,-0.06666666666666667
2025-03-19 00:00:00,AMZN,7,0.44761904761904764
2025-03-20 00:00:00,AMZN,9,0.08518518518518518
2025-03-21 00:00:00,AMZN,11,0.08333333333333333
2025-03-23 00:00:00,AMZN,2,-0.7083333333333333
2025-03-24 00:00:00,AMZN,9,-0.2962962962962963
2025-03-25 00:00:00,AMZN,11,0.10606060606060605
2025-03-26 00:00:00,AMZN,8,0.16666666666666669
2025-03-27 00:00:00,AMZN,7,-0.20238095238095236
2025-03-28 00:00:00,AMZN,9,-0.16666666666666666
2025-03-29 00:00:00,AMZN,2,-0.25
2025-03-30 00:00:00,AMZN,1,0.0
2025-03-31 00:00:00,AMZN,10,0.06666666666666667
2025-04-01 00:00:00,AMZN,12,0.041666666666666664
2025-04-02 00:00:00,AMZN,15,-0.06111111111111111
2025-04-03 00:00:00,AMZN,13,-0.11538461538461539
2025-04-04 00:00:00,AMZN,21,-0.3111111111111111
2025-04-05 00:00:00,AMZN,4,-0.4583333333333333
2025-04-06 00:00:00,AMZN,1,-0.6666666666666666
2025-04-07 00:00:00,AMZN,13,-0.46923076923076923
2025-04-08 00:00:00,AMZN,18,-0.2518518518518518
2025-04-09 00:00:00,AMZN,18,-0.12407407407407407
2025-04-10 00:00:00,AMZN,22,-0.1662878787878788
2025-04-11 00:00:00,AMZN,8,-0.2708333333333333
2025-04-12 00:00:00,AMZN,4,-0.3125
2025-04-13 00:00:00,AMZN,2,0.0
2025-04-14 00:00:00,AMZN,14,0.017857142857142856
2025-04-15 00:00:00,AMZN,9,0.0925925925925926
2025-04-16 00:00:00,AMZN,11,0.015151515151515148
2025-04-17 00:00:00,AMZN,9,0.1111111111111111
2025-04-18 00:00:00,AMZN,5,0.1
2025-04-19 00:00:00,AMZN,1,0.0
2025-04-20 00:00:00,AMZN,2,-0.25
2025-04-21 00:00:00,AMZN,11,-0.1590909090909091
2025-04-22 00:00:00,AMZN,12,-0.05555555555555555
2025-04-23 00:00:00,AMZN,14,-0.03333333333333333
2025-04-24 00:00:00,AMZN,10,-0.058333333333333334
2025-04-25 00:00:00,AMZN,15,0.04444444444444444
2025-04-26 00:00:00,AMZN,3,-0.08333333333333333
2025-04-27 00:00:00,AMZN,3,-0.3055555555555555
2025-04-28 00:00:00,AMZN,15,-0.10722222222222223
2025-04-29 00:00:00,AMZN,18,-0.1257936507936508
2025-04-30 00:00:00,AMZN,9,-0.16666666666666666
2025-05-01 00:00:00,AMZN,21,0.00396825396825397
2025-05-02 00:00:00,AMZN,36,0.1435185185185185
2025-05-03 00:00:00,AMZN,2,-0.3333333333333333
2025-05-04 00:00:00,AMZN,1,-0.4
2025-05-05 00:00:00,AMZN,10,-0.19666666666666666
2025-05-06 00:00:00,AMZN,10,0.016666666666666663
2025-05-07 00:00:00,AMZN,14,0.017857142857142856
2025-05-08 00:00:00,AMZN,4,-0.1875
2025-05-09 00:00:00,AMZN,4,0.25
2025-05-11 00:00:00,AMZN,3,0.16666666666666666
2025-05-12 00:00:00,AMZN,15,-0.14555555555555555
2025-05-13 00:00:00,AMZN,10,-0.008333333333333337
2025-05-14 00:00:00,AMZN,12,0.075
2025-05-15 00:00:00,AMZN,12,-0.0625
2025-05-16 00:00:00,AMZN,12,-0.09722222222222221
2025-05-17 00:00:00,AMZN,1,0.0
2025-05-19 00:00:00,AMZN,8,-0.0625
2025-05-20 00:00:00,AMZN,8,0.15625
2025-05-21 00:00:00,AMZN,10,-0.13333333333333333
2025-05-22 00:00:00,AMZN,14,0.0
2025-05-23 00:00:00,AMZN,6,-0.16666666666666666
2025-05-24 00:00:00,AMZN,2,-0.375
2025-05-25 00:00:00,AMZN,1,-0.5
2025-05-26 00:00:00,AMZN,6,0.0
2025-05-27 00:00:00,AMZN,8,0.08333333333333333
2025-05-28 00:00:00,AMZN,6,0.0
2025-05-29 00:00:00,AMZN,11,0.04696969696969697
2025-05-30 00:00:00,AMZN,7,0.3190476190476191
2025-06-02 00:00:00,AMZN,14,0.20238095238095236
2025-06-03 00:00:00,AMZN,11,0.10606060606060606
2025-06-04 00:00:00,AMZN,11,0.08333333333333333
2025-06-05 00:00:00,AMZN,15,0.03333333333333333
2025-06-06 00:00:00,AMZN,10,-0.06666666666666667
2025-06-07 00:00:00,AMZN,4,-0.125
2025-06-08 00:00:00,AMZN,3,0.09999999999999999
2025-06-09 00:00:00,AMZN,8,0.0
2025-06-10 00:00:00,AMZN,10,0.06666666666666667
2025-06-11 00:00:00,AMZN,17,0.0009803921568627416
2025-06-12 00:00:00,AMZN,10,0.08333333333333333
2025-06-13 00:00:00,AMZN,12,0.14583333333333334
2025-06-14 00:00:00,AMZN,1,0.0
2025-06-16 00:00:00,AMZN,17,0.23039215686274508
2025-06-17 00:00:00,AMZN,21,0.0873015873015873
2025-06-18 00:00:00,AMZN,11,0.11363636363636363
2025-06-19 00:00:00,AMZN,7,-0.07142857142857142
2025-06-20 00:00:00,AMZN,11,0.22424242424242424
2025-06-22 00:00:00,AMZN,1,0.0
2025-06-23 00:00:00,AMZN,14,0.0
2025-06-24 00:00:00,AMZN,12,0.006944444444444438
2025-06-25 00:00:00,AMZN,8,-0.010416666666666671
2025-06-26 00:00:00,AMZN,14,-0.1476190476190476
2025-06-27 00:00:00,AMZN,14,-0.011904761904761902
2025-06-28 00:00:00,AMZN,1,0.0
2025-06-29 00:00:00,AMZN,2,0.25
2025-06-30 00:00:00,AMZN,6,0.125
2025-07-01 00:00:00,AMZN,10,-0.06666666666666667
2025-07-02 00:00:00,AMZN,14,-0.06547619047619048
2025-07-03 00:00:00,AMZN,5,0.26666666666666666
2025-07-04 00:00:00,AMZN,2,-0.25
2025-07-06 00:00:00,AMZN,1,0.0
2025-07-07 00:00:00,AMZN,6,0.0
2025-07-08 00:00:00,AMZN,10,0.05
2025-07-09 00:00:00,AMZN,18,0.044444444444444446
2025-07-10 00:00:00,AMZN,17,0.26862745098039215
2025-07-11 00:00:00,AMZN,14,0.1464285714285714
2025-07-14 00:00:00,AMZN,11,0.22727272727272727
2025-07-15 00:00:00,AMZN,6,-0.05000000000000001
2025-07-16 00:00:00,AMZN,6,0.3833333333333333
2025-07-17 00:00:00,AMZN,12,0.14583333333333334
2025-07-18 00:00:00,AMZN,9,0.23148148148148145
2025-07-19 00:00:00,AMZN,2,0.25
2025-07-20 00:00:00,AMZN,2,0.2
2025-07-21 00:00:00,AMZN,15,0.0
2025-07-22 00:00:00,AMZN,14,0.30238095238095236
2025-07-23 00:00:00,AMZN,10,0.18571428571428572
2025-07-24 00:00:00,AMZN,4,0.125
2025-07-25 00:00:00,AMZN,9,0.1388888888888889
2025-07-26 00:00:00,AMZN,1,0.0
2025-07-27 00:00:00,AMZN,1,0.0
2025-07-28 00:00:00,AMZN,12,0.08333333333333333
2025-07-29 00:00:00,AMZN,15,0.03888888888888889
2025-07-30 00:00:00,AMZN,16,0.06666666666666667
2025-07-31 00:00:00,AMZN,24,0.23541666666666664
2025-08-01 00:00:00,AMZN,37,0.1900900900900901
2025-08-03 00:00:00,AMZN,1,-0.25
2025-08-04 00:00:00,AMZN,13,-0.15705128205128205
2025-08-05 00:00:00,AMZN,9,0.07407407407407407
2025-08-06 00:00:00,AMZN,9,0.05555555555555555
2025-08-07 00:00:00,AMZN,8,0.03125
2025-08-08 00:00:00,AMZN,6,0.125
2025-08-09 00:00:00,AMZN,2,-0.375
2025-08-11 00:00:00,AMZN,9,0.2777777777777778
2025-08-12 00:00:00,AMZN,7,0.07142857142857142
2025-08-13 00:00:00,AMZN,16,0.08333333333333333
2025-08-14 00:00:00,AMZN,11,0.08333333333333333
2025-08-15 00:00:00,AMZN,8,-0.03125
2025-08-16 00:00:00,AMZN,1,0.0
2025-08-17 00:00:00,AMZN,1,-0.75
2025-08-18 00:00:00,AMZN,9,0.08333333333333333
2025-08-19 00:00:00,AMZN,9,-0.2685185185185185
2025-08-20 00:00:00,AMZN,14,0.09523809523809523
2025-08-21 00:00:00,AMZN,9,0.1111111111111111
2025-08-22 00:00:00,AMZN,11,-0.045454545454545456
2025-08-23 00:00:00,AMZN,2,0.0
2025-08-24 00:00:00,AMZN,3,-0.16666666666666666
2025-08-25 00:00:00,AMZN,6,0.38888888888888884
2025-08-26 00:00:00,AMZN,11,0.13484848484848486
2025-08-27 00:00:00,AMZN,7,0.23809523809523808
2025-08-28 00:00:00,AMZN,10,0.10833333333333332
2025-08-29 00:00:00,AMZN,7,-0.017857142857142856
2025-08-31 00:00:00,AMZN,1,-0.75
2025-09-01 00:00:00,AMZN,3,-0.2222222222222222
2025-09-02 00:00:00,AMZN,18,-0.027777777777777776
2025-09-03 00:00:00,AMZN,13,0.019230769230769232
2025-09-04 00:00:00,AMZN,15,-0.02666666666666667
2025-09-05 00:00:00,AMZN,13,0.1
2025-09-06 00:00:00,AMZN,2,-0.3333333333333333
2025-09-07 00:00:00,AMZN,1,0.75
2025-09-08 00:00:00,AMZN,8,0.29166666666666663
2025-09-09 00:00:00,AMZN,4,0.125
2025-09-10 00:00:00,AMZN,20,0.16083333333333333
2025-09-11 00:00:00,AMZN,12,0.17361111111111113
2025-09-12 00:00:00,AMZN,16,0.0375
2025-09-13 00:00:00,AMZN,1,-0.75
2025-09-14 00:00:00,AMZN,2,0.5
2025-09-15 00:00:00,AMZN,8,0.225
2025-09-16 00:00:00,AMZN,9,0.1111111111111111
2025-09-17 00:00:00,AMZN,7,-0.09523809523809523
2025-09-18 00:00:00,AMZN,11,0.15
2025-09-19 00:00:00,AMZN,5,0.4976190476190476
2025-09-20 00:00:00,AMZN,5,-0.16666666666666666
2025-09-21 00:00:00,AMZN,3,-0.08333333333333333
2025-09-22 00:00:00,AMZN,9,0.18518518518518517
2025-09-23 00:00:00,AMZN,13,-0.019230769230769232
2025-09-24 00:00:00,AMZN,18,0.09259259259259259
2025-09-25 00:00:00,AMZN,14,0.14285714285714285
2025-09-26 00:00:00,AMZN,8,0.125
2025-09-28 00:00:00,AMZN,2,0.25
2025-09-29 00:00:00,AMZN,12,0.20833333333333334
2025-09-30 00:00:00,AMZN,13,0.19230769230769232
2025-10-01 00:00:00,AMZN,7,0.07142857142857142
2025-10-02 00:00:00,AMZN,9,0.1111111111111111
2025-10-03 00:00:00,AMZN,9,0.03703703703703704
2025-10-04 00:00:00,AMZN,3,-0.16666666666666666
2025-10-05 00:00:00,AMZN,1,0.5
2025-10-06 00:00:00,AMZN,10,0.03333333333333334
2025-10-07 00:00:00,AMZN,7,0.16666666666666666
2025-10-08 00:00:00,AMZN,10,0.36666666666666664
2025-10-09 00:00:00,AMZN,10,0.016666666666666663
2025-10-10 00:00:00,AMZN,10,0.11000000000000001
2025-10-11 00:00:00,AMZN,4,-0.16666666666666666
2025-10-12 00:00:00,AMZN,3,0.0
2025-10-13 00:00:00,AMZN,12,0.09027777777777779
2025-10-14 00:00:00,AMZN,8,0.22916666666666666
2025-10-15 00:00:00,AMZN,15,-0.05
2025-10-16 00:00:00,AMZN,16,0.0
2025-10-17 00:00:00,AMZN,8,0.02083333333333333
2025-10-18 00:00:00,AMZN,1,0.0
2025-10-19 00:00:00,AMZN,1,0.0
2025-10-20 00:00:00,AMZN,20,-0.05
2025-10-21 00:00:00,AMZN,11,0.015151515151515148
2025-10-22 00:00:00,AMZN,15,-0.011111111111111108
2025-10-23 00:00:00,AMZN,16,0.15625
2025-10-24 00:00:00,AMZN,17,0.04411764705882353
2025-10-25 00:00:00,AMZN,2,0.0
2025-10-26 00:00:00,AMZN,4,-0.25
2025-10-27 00:00:00,AMZN,16,0.052083333333333336
2025-10-28 00:00:00,AMZN,17,-0.049019607843137254
2025-10-29 00:00:00,AMZN,21,0.011904761904761904
2025-10-30 00:00:00,AMZN,18,0.024074074074074067
2025-10-31 00:00:00,AMZN,46,0.30698757763975154
2025-11-01 00:00:00,AMZN,2,0.3333333333333333
2025-11-02 00:00:00,AMZN,5,0.22999999999999998
2025-11-03 00:00:00,AMZN,19,0.18421052631578946
2025-11-04 00:00:00,AMZN,26,0.11794871794871795
2025-11-05 00:00:00,AMZN,12,0.11805555555555554
2025-11-06 00:00:00,AMZN,13,-0.057692307692307696
2025-11-07 00:00:00,AMZN,13,-0.0641025641025641
2025-11-08 00:00:00,AMZN,2,0.0
2025-11-09 00:00:00,AMZN,2,0.25
2025-11-10 00:00:00,AMZN,17,0.16400560224089636
2025-11-11 00:00:00,AMZN,8,0.19791666666666666
2025-11-12 00:00:00,AMZN,10,-0.05
2025-11-13 00:00:00,AMZN,8,-0.0625
2025-11-14 00:00:00,AMZN,13,-0.12692307692307692
2025-11-15 00:00:00,AMZN,3,0.0
2025-11-17 00:00:00,AMZN,16,-0.10416666666666666
2025-11-18 00:00:00,AMZN,20,-0.09583333333333333
2025-11-19 00:00:00,AMZN,14,0.10714285714285714
2025-11-20 00:00:00,AMZN,11,0.10757575757575756
2025-11-21 00:00:00,AMZN,15,0.016666666666666666
2025-11-22 00:00:00,AMZN,2,-0.5833333333333333
2025-11-23 00:00:00,AMZN,1,0.5
2025-11-24 00:00:00,AMZN,15,0.07777777777777777
2025-11-25 00:00:00,AMZN,16,-0.07291666666666666
2025-11-26 00:00:00,AMZN,11,0.006060606060606059
2025-11-27 00:00:00,AMZN,6,0.0
2025-11-28 00:00:00,AMZN,8,0.0625
2025-11-29 00:00:00,AMZN,1,0.0
2025-11-30 00:00:00,AMZN,2,0.0
2025-12-01 00:00:00,AMZN,20,0.14583333333333331
2025-12-02 00:00:00,AMZN,23,0.05797101449275363
2025-12-03 00:00:00,AMZN,12,0.3055555555555555
2025-12-04 00:00:00,AMZN,17,-0.12156862745098038
2025-12-05 00:00:00,AMZN,10,-0.016666666666666663
2025-12-06 00:00:00,AMZN,3,0.0
2025-12-07 00:00:00,AMZN,4,-0.25
2025-12-08 00:00:00,AMZN,13,0.03205128205128205
2025-12-09 00:00:00,AMZN,5,0.1
2025-12-10 00:00:00,AMZN,16,0.20833333333333331
2025-12-11 00:00:00,AMZN,12,-0.041666666666666664
2025-12-12 00:00:00,AMZN,7,0.0
2025-12-13 00:00:00,AMZN,2,-0.25
2025-12-14 00:00:00,AMZN,1,0.0
2025-12-15 00:00:00,AMZN,13,-0.03205128205128205
2025-12-16 00:00:00,AMZN,16,-0.046875
2025-12-17 00:00:00,AMZN,15,0.09444444444444443
2025-12-18 00:00:00,AMZN,11,0.09090909090909091
2025-12-19 00:00:00,AMZN,5,0.3
2025-12-20 00:00:00,AMZN,4,-0.3125
2025-12-21 00:00:00,AMZN,4,0.29166666666666663
2025-12-22 00:00:00,AMZN,6,0.08333333333333333
2025-12-23 00:00:00,AMZN,12,0.03194444444444445
2025-12-24 00:00:00,AMZN,9,-0.03703703703703704
2025-12-25 00:00:00,AMZN,8,-0.05208333333333333
2025-12-26 00:00:00,AMZN,5,0.25
2025-12-27 00:00:00,AMZN,1,0.0
2025-12-28 00:00:00,AMZN,2,0.0
2025-12-29 00:00:00,AMZN,7,0.05714285714285715
2025-12-30 00:00:00,AMZN,6,0.0
2025-12-31 00:00:00,AMZN,4,0.0
2026-01-01 00:00:00,AMZN,5,0.1
2026-01-02 00:00:00,AMZN,12,0.07638888888888888
2026-01-03 00:00:00,AMZN,2,0.0
2026-01-04 00:00:00,AMZN,3,0.0
2026-01-05 00:00:00,AMZN,10,0.03333333333333334
2026-01-06 00:00:00,AMZN,8,0.0625
2026-01-07 00:00:00,AMZN,9,0.05555555555555555
2026-01-08 00:00:00,AMZN,11,0.2121212121212121
2026-01-09 00:00:00,AMZN,7,0.07142857142857142
2026-01-10 00:00:00,AMZN,1,-0.5
2026-01-11 00:00:00,AMZN,4,0.0625
2026-01-12 00:00:00,AMZN,11,-0.030303030303030297
2026-01-13 00:00:00,AMZN,6,0.3055555555555556
2026-01-14 00:00:00,AMZN,9,0.04074074074074073
2026-01-15 00:00:00,AMZN,7,0.14285714285714285
2026-01-16 00:00:00,AMZN,8,-0.07916666666666668
2026-01-18 00:00:00,AMZN,1,-0.6666666666666666
2026-01-19 00:00:00,AMZN,2,0.25
2026-01-20 00:00:00,AMZN,10,-0.215
2026-01-21 00:00:00,AMZN,6,0.08333333333333333
2026-01-22 00:00:00,AMZN,13,0.28846153846153844
2026-01-23 00:00:00,AMZN,8,-0.02083333333333333
2026-01-24 00:00:00,AMZN,1,-0.8
2026-01-25 00:00:00,AMZN,2,0.0
2026-01-26 00:00:00,AMZN,10,-0.008333333333333337
2026-01-27 00:00:00,AMZN,9,0.2296296296296296
2026-01-28 00:00:00,AMZN,17,-0.02156862745098039
2026-01-29 00:00:00,AMZN,13,0.24358974358974358
2026-01-30 00:00:00,AMZN,8,-0.14583333333333331
2026-01-31 00:00:00,AMZN,4,0.0
2026-02-01 00:00:00,AMZN,1,-0.4
2026-02-02 00:00:00,AMZN,12,0.24305555555555555
2026-02-03 00:00:00,AMZN,13,0.23076923076923078
2026-02-04 00:00:00,AMZN,18,0.06481481481481481
2026-02-05 00:00:00,AMZN,25,0.030666666666666665
2026-02-06 00:00:00,AMZN,44,0.10795454545454546
2026-02-07 00:00:00,AMZN,4,0.0
2026-02-08 00:00:00,AMZN,1,0.5
2026-02-09 00:00:00,AMZN,24,0.020833333333333332
2026-02-10 00:00:00,AMZN,20,0.008333333333333331
2026-02-11 00:00:00,AMZN,15,0.14444444444444443
2026-02-12 00:00:00,AMZN,13,-0.06153846153846154
2026-02-13 00:00:00,AMZN,14,0.10119047619047618
2026-02-14 00:00:00,AMZN,3,0.0
2026-02-15 00:00:00,AMZN,1,0.0
2026-02-16 00:00:00,AMZN,7,-0.016666666666666656
2026-02-17 00:00:00,AMZN,12,-0.041666666666666664
2026-02-18 00:00:00,AMZN,15,-0.07142857142857142
2026-02-19 00:00:00,AMZN,10,0.058333333333333334
2026-02-20 00:00:00,AMZN,13,-0.019230769230769232
2026-02-21 00:00:00,AMZN,3,0.43333333333333335
2026-02-22 00:00:00,AMZN,1,0.6666666666666666
2026-02-23 00:00:00,AMZN,13,0.10897435897435896
2026-02-24 00:00:00,AMZN,19,0.07894736842105263
2026-02-25 00:00:00,AMZN,13,0.05128205128205128
2026-02-26 00:00:00,AMZN,19,0.10350877192982456
2026-02-27 00:00:00,AMZN,16,-0.036458333333333336
2026-02-28 00:00:00,AMZN,3,-0.2222222222222222
2026-03-01 00:00:00,AMZN,2,-0.3333333333333333
2026-03-02 00:00:00,AMZN,13,-0.10897435897435896
2026-03-03 00:00:00,AMZN,15,0.11666666666666667
2026-03-04 00:00:00,AMZN,8,-0.03125
2026-03-05 00:00:00,AMZN,20,0.004166666666666668
2026-03-06 00:00:00,AMZN,10,0.05
2026-03-07 00:00:00,AMZN,3,-0.38888888888888884
2026-03-08 00:00:00,AMZN,2,-0.25
2026-03-09 00:00:00,AMZN,15,-0.027777777777777776
2026-03-10 00:00:00,AMZN,22,0.045454545454545456
2026-03-11 00:00:00,AMZN,20,0.14166666666666666
2026-03-12 00:00:00,AMZN,13,-0.019230769230769232
2026-03-13 00:00:00,AMZN,6,-0.16666666666666666
2026-03-14 00:00:00,AMZN,3,-0.2222222222222222
2026-03-15 00:00:00,AMZN,2,0.0
2026-03-16 00:00:00,AMZN,8,0.08333333333333333
2026-03-17 00:00:00,AMZN,11,0.0
2026-03-18 00:00:00,AMZN,10,0.06666666666666667
2026-03-19 00:00:00,AMZN,10,-0.06666666666666667
2026-03-20 00:00:00,AMZN,13,0.09615384615384616
2026-03-22 00:00:00,AMZN,6,-0.2916666666666667
2026-03-23 00:00:00,AMZN,10,0.09
2026-03-24 00:00:00,AMZN,15,-0.08333333333333333
2026-03-25 00:00:00,AMZN,16,0.171875
2026-03-26 00:00:00,AMZN,12,-0.06666666666666667
2026-03-27 00:00:00,AMZN,12,0.05555555555555555
2026-03-28 00:00:00,AMZN,1,0.0
2026-03-29 00:00:00,AMZN,1,0.25
2026-03-30 00:00:00,AMZN,9,-0.07407407407407407
2026-03-31 00:00:00,AMZN,15,0.008333333333333333
2026-04-01 00:00:00,AMZN,10,0.125
2026-04-02 00:00:00,AMZN,24,0.11805555555555554
2026-04-03 00:00:00,AMZN,4,0.0
2026-04-05 00:00:00,AMZN,2,0.3333333333333333
2026-04-06 00:00:00,AMZN,12,0.02777777777777778
2026-04-07 00:00:00,AMZN,8,0.125
2026-04-08 00:00:00,AMZN,17,0.346078431372549
2026-04-09 00:00:00,AMZN,21,0.21428571428571427
2026-04-10 00:00:00,AMZN,19,0.02280701754385965
2026-04-11 00:00:00,AMZN,3,0.0
2026-04-12 00:00:00,AMZN,6,0.23611111111111108
2026-04-13 00:00:00,AMZN,14,0.11904761904761904
2026-04-14 00:00:00,AMZN,21,0.0873015873015873
2026-04-15 00:00:00,AMZN,19,0.07894736842105263
2026-04-16 00:00:00,AMZN,21,-0.007936507936507934
2026-04-17 00:00:00,AMZN,16,0.012152777777777776
2026-04-18 00:00:00,AMZN,2,0.0
2026-04-19 00:00:00,AMZN,1,0.25
2026-04-20 00:00:00,AMZN,19,0.21491228070175436
2026-04-21 00:00:00,AMZN,29,0.12241379310344827
2026-04-22 00:00:00,AMZN,7,0.11904761904761905
2026-04-23 00:00:00,AMZN,7,0.32142857142857145
2026-04-24 00:00:00,AMZN,12,0.16666666666666666
2026-04-25 00:00:00,AMZN,4,0.45
2026-04-26 00:00:00,AMZN,2,-0.3333333333333333
2026-04-27 00:00:00,AMZN,17,0.10392156862745097
2026-04-28 00:00:00,AMZN,16,0.13020833333333331
2026-04-29 00:00:00,AMZN,32,0.134375
2026-04-30 00:00:00,AMZN,53,0.36415094339622645
2026-05-01 00:00:00,AMZN,16,0.057291666666666664
2026-05-02 00:00:00,AMZN,4,0.29166666666666663
2026-05-03 00:00:00,AMZN,2,0.45
2026-05-04 00:00:00,AMZN,23,0.08695652173913043
2026-05-05 00:00:00,AMZN,29,0.06436781609195402
2026-05-06 00:00:00,AMZN,10,-0.24166666666666664
2026-05-07 00:00:00,AMZN,15,0.3055555555555555
2026-05-08 00:00:00,AMZN,12,0.20972222222222223
2026-05-09 00:00:00,AMZN,2,0.0
2026-05-10 00:00:00,AMZN,2,0.0
2026-05-11 00:00:00,AMZN,12,0.09722222222222221
2026-05-12 00:00:00,AMZN,15,0.08888888888888889
2026-05-13 00:00:00,AMZN,12,0.14583333333333334
2026-05-14 00:00:00,AMZN,15,0.15444444444444444
2026-05-15 00:00:00,AMZN,19,0.08157894736842106
2026-05-16 00:00:00,AMZN,4,0.125
2026-05-17 00:00:00,AMZN,2,-0.25
2026-05-18 00:00:00,AMZN,17,-0.1323529411764706
2026-05-19 00:00:00,AMZN,13,-0.1282051282051282
2026-05-20 00:00:00,AMZN,17,-0.019607843137254905
2026-05-21 00:00:00,AMZN,15,0.03888888888888889
2026-05-22 00:00:00,AMZN,9,0.12962962962962962
2026-05-23 00:00:00,AMZN,1,-0.6666666666666666
2026-05-24 00:00:00,AMZN,1,0.0
2026-05-25 00:00:00,AMZN,1,0.5
2026-05-26 00:00:00,AMZN,7,0.21428571428571427
2026-05-27 00:00:00,AMZN,11,-0.022727272727272728
2026-05-28 00:00:00,AMZN,20,0.2
2026-05-29 00:00:00,AMZN,12,0.1875
2026-05-31 00:00:00,AMZN,4,0.3458333333333333
2026-06-01 00:00:00,AMZN,13,0.16666666666666666
2026-06-02 00:00:00,AMZN,15,0.08333333333333333
2026-06-03 00:00:00,AMZN,10,0.16499999999999998
2026-06-04 00:00:00,AMZN,4,0.125
2024-08-02 00:00:00,AVGO,2,-0.25
2024-08-05 00:00:00,AVGO,6,-0.1111111111111111
2024-08-06 00:00:00,AVGO,1,0.0
2024-08-07 00:00:00,AVGO,3,-0.25
2024-08-08 00:00:00,AVGO,1,0.0
2024-08-09 00:00:00,AVGO,1,0.0
2024-08-12 00:00:00,AVGO,1,0.0
2024-08-13 00:00:00,AVGO,3,0.0
2024-08-14 00:00:00,AVGO,1,0.0
2024-08-15 00:00:00,AVGO,1,0.0
2024-08-16 00:00:00,AVGO,1,0.8571428571428571
2024-08-19 00:00:00,AVGO,1,0.0
2024-08-20 00:00:00,AVGO,3,-0.16666666666666666
2024-08-21 00:00:00,AVGO,3,0.0
2024-08-22 00:00:00,AVGO,2,-0.025000000000000022
2024-08-23 00:00:00,AVGO,1,-0.5
2024-08-24 00:00:00,AVGO,1,0.5
2024-08-25 00:00:00,AVGO,1,0.0
2024-08-26 00:00:00,AVGO,3,-0.2222222222222222
2024-08-27 00:00:00,AVGO,3,-0.08333333333333333
2024-08-28 00:00:00,AVGO,9,0.12962962962962962
2024-08-29 00:00:00,AVGO,2,-0.25
2024-08-30 00:00:00,AVGO,1,0.0
2024-09-02 00:00:00,AVGO,1,0.0
2024-09-03 00:00:00,AVGO,4,0.0
2024-09-04 00:00:00,AVGO,7,-0.13095238095238096
2024-09-05 00:00:00,AVGO,12,0.0625
2024-09-06 00:00:00,AVGO,21,0.07380952380952381
2024-09-07 00:00:00,AVGO,1,-0.8333333333333334
2024-09-09 00:00:00,AVGO,3,-0.2222222222222222
2024-09-10 00:00:00,AVGO,2,0.25
2024-09-11 00:00:00,AVGO,3,0.0
2024-09-12 00:00:00,AVGO,3,0.16666666666666666
2024-09-13 00:00:00,AVGO,4,0.16666666666666666
2024-09-15 00:00:00,AVGO,1,0.6666666666666666
2024-09-16 00:00:00,AVGO,3,0.2222222222222222
2024-09-17 00:00:00,AVGO,3,0.16666666666666666
2024-09-18 00:00:00,AVGO,4,0.0625
2024-09-19 00:00:00,AVGO,3,-0.2222222222222222
2024-09-20 00:00:00,AVGO,1,0.0
2024-09-23 00:00:00,AVGO,1,0.0
2024-09-24 00:00:00,AVGO,2,-0.375
2024-09-25 00:00:00,AVGO,4,0.125
2024-09-26 00:00:00,AVGO,3,0.0
2024-09-27 00:00:00,AVGO,3,0.25
2024-09-30 00:00:00,AVGO,1,0.0
2024-10-01 00:00:00,AVGO,2,-0.25
2024-10-02 00:00:00,AVGO,1,0.0
2024-10-03 00:00:00,AVGO,1,0.0
2024-10-04 00:00:00,AVGO,2,0.2857142857142857
2024-10-07 00:00:00,AVGO,2,0.0
2024-10-08 00:00:00,AVGO,6,0.16666666666666666
2024-10-09 00:00:00,AVGO,2,0.3333333333333333
2024-10-10 00:00:00,AVGO,3,0.0
2024-10-14 00:00:00,AVGO,2,0.6666666666666666
2024-10-15 00:00:00,AVGO,4,0.29166666666666663
2024-10-16 00:00:00,AVGO,4,-0.125
2024-10-17 00:00:00,AVGO,4,0.4375
2024-10-18 00:00:00,AVGO,2,0.25
2024-10-23 00:00:00,AVGO,1,0.0
2024-10-24 00:00:00,AVGO,1,0.0
2024-10-25 00:00:00,AVGO,3,0.3333333333333333
2024-10-28 00:00:00,AVGO,3,0.25
2024-10-29 00:00:00,AVGO,4,0.125
2024-10-30 00:00:00,AVGO,4,-0.29166666666666663
2024-10-31 00:00:00,AVGO,1,0.0
2024-11-01 00:00:00,AVGO,1,0.5
2024-11-04 00:00:00,AVGO,3,0.3333333333333333
2024-11-05 00:00:00,AVGO,2,0.5
2024-11-06 00:00:00,AVGO,2,0.375
2024-11-07 00:00:00,AVGO,1,0.0
2024-11-08 00:00:00,AVGO,2,0.25
2024-11-11 00:00:00,AVGO,1,0.0
2024-11-12 00:00:00,AVGO,2,0.0
2024-11-13 00:00:00,AVGO,2,0.3333333333333333
2024-11-14 00:00:00,AVGO,6,-0.08333333333333333
2024-11-15 00:00:00,AVGO,1,-0.5
2024-11-19 00:00:00,AVGO,2,0.0
2024-11-20 00:00:00,AVGO,1,0.25
2024-11-21 00:00:00,AVGO,3,0.08333333333333333
2024-11-22 00:00:00,AVGO,2,-0.25
2024-11-25 00:00:00,AVGO,1,0.0
2024-11-26 00:00:00,AVGO,1,0.5
2024-11-27 00:00:00,AVGO,2,0.3333333333333333
2024-11-29 00:00:00,AVGO,3,0.033333333333333326
2024-12-02 00:00:00,AVGO,2,-0.25
2024-12-03 00:00:00,AVGO,3,-0.16666666666666666
2024-12-04 00:00:00,AVGO,2,0.25
2024-12-05 00:00:00,AVGO,2,0.0
2024-12-06 00:00:00,AVGO,4,0.29166666666666663
2024-12-09 00:00:00,AVGO,1,0.6666666666666666
2024-12-10 00:00:00,AVGO,3,0.16666666666666666
2024-12-11 00:00:00,AVGO,9,0.2361111111111111
2024-12-12 00:00:00,AVGO,13,0.03205128205128205
2024-12-13 00:00:00,AVGO,34,0.33946078431372545
2024-12-15 00:00:00,AVGO,1,0.0
2024-12-16 00:00:00,AVGO,14,0.2481292517006803
2024-12-17 00:00:00,AVGO,8,0.046875
2024-12-18 00:00:00,AVGO,6,0.08333333333333333
2024-12-19 00:00:00,AVGO,2,0.25
2024-12-20 00:00:00,AVGO,4,0.125
2024-12-21 00:00:00,AVGO,1,-0.6666666666666666
2024-12-23 00:00:00,AVGO,7,0.19047619047619047
2024-12-24 00:00:00,AVGO,5,0.0
2024-12-25 00:00:00,AVGO,2,0.25
2024-12-26 00:00:00,AVGO,1,0.0
2024-12-30 00:00:00,AVGO,5,0.0
2025-01-01 00:00:00,AVGO,1,0.0
2025-01-02 00:00:00,AVGO,1,-0.25
2025-01-03 00:00:00,AVGO,4,0.125
2025-01-06 00:00:00,AVGO,3,0.4166666666666667
2025-01-07 00:00:00,AVGO,1,0.0
2025-01-08 00:00:00,AVGO,1,0.0
2025-01-09 00:00:00,AVGO,4,-0.125
2025-01-10 00:00:00,AVGO,4,0.47916666666666663
2025-01-13 00:00:00,AVGO,4,0.3333333333333333
2025-01-14 00:00:00,AVGO,1,0.0
2025-01-15 00:00:00,AVGO,2,-0.125
2025-01-16 00:00:00,AVGO,2,0.0
2025-01-17 00:00:00,AVGO,7,0.14285714285714285
2025-01-21 00:00:00,AVGO,4,0.1875
2025-01-22 00:00:00,AVGO,2,0.25
2025-01-23 00:00:00,AVGO,1,0.0
2025-01-24 00:00:00,AVGO,1,0.6666666666666666
2025-01-27 00:00:00,AVGO,7,0.038095238095238085
2025-01-28 00:00:00,AVGO,12,-0.09027777777777779
2025-01-29 00:00:00,AVGO,4,-0.25
2025-01-30 00:00:00,AVGO,4,0.04166666666666666
2025-01-31 00:00:00,AVGO,1,0.0
2025-02-01 00:00:00,AVGO,1,-0.5
2025-02-03 00:00:00,AVGO,1,-0.5
2025-02-04 00:00:00,AVGO,2,-0.375
2025-02-05 00:00:00,AVGO,5,-0.05
2025-02-06 00:00:00,AVGO,2,-0.041666666666666685
2025-02-07 00:00:00,AVGO,3,0.2222222222222222
2025-02-10 00:00:00,AVGO,3,0.27777777777777773
2025-02-11 00:00:00,AVGO,5,-0.11666666666666667
2025-02-12 00:00:00,AVGO,4,-0.16666666666666666
2025-02-13 00:00:00,AVGO,2,0.375
2025-02-14 00:00:00,AVGO,5,0.25
2025-02-15 00:00:00,AVGO,1,0.5
2025-02-17 00:00:00,AVGO,2,0.0
2025-02-18 00:00:00,AVGO,6,0.25
2025-02-19 00:00:00,AVGO,3,-0.055555555555555546
2025-02-20 00:00:00,AVGO,2,0.0
2025-02-21 00:00:00,AVGO,2,0.0
2025-02-24 00:00:00,AVGO,5,0.1
2025-02-25 00:00:00,AVGO,2,0.0
2025-02-26 00:00:00,AVGO,2,0.5
2025-02-27 00:00:00,AVGO,1,0.5
2025-02-28 00:00:00,AVGO,1,0.0
2025-03-02 00:00:00,AVGO,1,0.0
2025-03-03 00:00:00,AVGO,5,-0.010000000000000009
2025-03-04 00:00:00,AVGO,3,0.16666666666666666
2025-03-05 00:00:00,AVGO,2,0.0
2025-03-06 00:00:00,AVGO,11,-0.08409090909090909
2025-03-07 00:00:00,AVGO,26,0.04871794871794872
2025-03-08 00:00:00,AVGO,1,-0.5
2025-03-10 00:00:00,AVGO,3,-0.3055555555555555
2025-03-11 00:00:00,AVGO,1,0.0
2025-03-12 00:00:00,AVGO,4,-0.125
2025-03-13 00:00:00,AVGO,2,0.3333333333333333
2025-03-14 00:00:00,AVGO,2,0.0
2025-03-17 00:00:00,AVGO,1,0.0
2025-03-18 00:00:00,AVGO,2,0.25
2025-03-20 00:00:00,AVGO,2,0.25
2025-03-21 00:00:00,AVGO,2,-0.25
2025-03-24 00:00:00,AVGO,1,0.0
2025-03-25 00:00:00,AVGO,2,0.25
2025-03-26 00:00:00,AVGO,3,-0.38888888888888884
2025-03-27 00:00:00,AVGO,5,-0.15
2025-03-28 00:00:00,AVGO,4,0.0
2025-03-29 00:00:00,AVGO,1,0.0
2025-04-01 00:00:00,AVGO,3,-0.16666666666666666
2025-04-02 00:00:00,AVGO,6,0.0
2025-04-03 00:00:00,AVGO,5,-0.22000000000000003
2025-04-04 00:00:00,AVGO,2,-0.20833333333333331
2025-04-07 00:00:00,AVGO,5,-0.10142857142857142
2025-04-08 00:00:00,AVGO,3,0.08333333333333333
2025-04-09 00:00:00,AVGO,4,0.0
2025-04-10 00:00:00,AVGO,2,-0.25
2025-04-11 00:00:00,AVGO,3,0.0
2025-04-12 00:00:00,AVGO,2,-0.375
2025-04-13 00:00:00,AVGO,1,0.0
2025-04-14 00:00:00,AVGO,5,-0.26666666666666666
2025-04-15 00:00:00,AVGO,1,0.0
2025-04-16 00:00:00,AVGO,7,-0.07142857142857142
2025-04-17 00:00:00,AVGO,7,-0.16666666666666666
2025-04-21 00:00:00,AVGO,3,0.16666666666666666
2025-04-22 00:00:00,AVGO,2,0.0
2025-04-23 00:00:00,AVGO,1,0.0
2025-04-25 00:00:00,AVGO,3,0.08333333333333333
2025-04-28 00:00:00,AVGO,1,0.0
2025-04-29 00:00:00,AVGO,3,0.16666666666666666
2025-04-30 00:00:00,AVGO,5,-0.2
2025-05-01 00:00:00,AVGO,4,0.16666666666666666
2025-05-02 00:00:00,AVGO,2,-0.3333333333333333
2025-05-05 00:00:00,AVGO,1,0.0
2025-05-06 00:00:00,AVGO,3,0.0
2025-05-08 00:00:00,AVGO,6,0.3833333333333333
2025-05-09 00:00:00,AVGO,4,0.0
2025-05-10 00:00:00,AVGO,1,0.5
2025-05-12 00:00:00,AVGO,5,0.0
2025-05-13 00:00:00,AVGO,4,0.0
2025-05-14 00:00:00,AVGO,2,0.0
2025-05-15 00:00:00,AVGO,1,0.0
2025-05-18 00:00:00,AVGO,1,0.4
2025-05-19 00:00:00,AVGO,1,-0.75
2025-05-20 00:00:00,AVGO,1,0.0
2025-05-22 00:00:00,AVGO,1,0.0
2025-05-23 00:00:00,AVGO,3,0.0
2025-05-27 00:00:00,AVGO,1,0.6666666666666666
2025-05-28 00:00:00,AVGO,5,0.13333333333333333
2025-05-29 00:00:00,AVGO,3,0.38888888888888884
2025-05-30 00:00:00,AVGO,3,0.2222222222222222
2025-06-02 00:00:00,AVGO,4,-0.125
2025-06-03 00:00:00,AVGO,8,0.04166666666666667
2025-06-04 00:00:00,AVGO,3,0.16666666666666666
2025-06-05 00:00:00,AVGO,11,0.0606060606060606
2025-06-06 00:00:00,AVGO,24,0.33888888888888885
2025-06-08 00:00:00,AVGO,1,0.3
2025-06-09 00:00:00,AVGO,4,0.25
2025-06-10 00:00:00,AVGO,2,0.0
2025-06-11 00:00:00,AVGO,2,0.0
2025-06-12 00:00:00,AVGO,2,0.125
2025-06-16 00:00:00,AVGO,1,0.5
2025-06-17 00:00:00,AVGO,1,0.0
2025-06-18 00:00:00,AVGO,2,0.0
2025-06-19 00:00:00,AVGO,2,0.0
2025-06-20 00:00:00,AVGO,5,-0.1
2025-06-23 00:00:00,AVGO,2,-0.3333333333333333
2025-06-24 00:00:00,AVGO,3,0.16666666666666666
2025-06-25 00:00:00,AVGO,1,0.5
2025-06-26 00:00:00,AVGO,4,0.0
2025-06-30 00:00:00,AVGO,3,0.26666666666666666
2025-07-01 00:00:00,AVGO,2,0.625
2025-07-02 00:00:00,AVGO,2,0.25
2025-07-03 00:00:00,AVGO,5,0.2333333333333333
2025-07-04 00:00:00,AVGO,2,0.375
2025-07-07 00:00:00,AVGO,4,0.25
2025-07-08 00:00:00,AVGO,3,0.0
2025-07-09 00:00:00,AVGO,2,0.0
2025-07-10 00:00:00,AVGO,2,0.0
2025-07-11 00:00:00,AVGO,5,0.0
2025-07-14 00:00:00,AVGO,1,0.0
2025-07-15 00:00:00,AVGO,4,0.4583333333333333
2025-07-16 00:00:00,AVGO,1,0.6666666666666666
2025-07-17 00:00:00,AVGO,3,0.16666666666666666
2025-07-18 00:00:00,AVGO,2,0.0
2025-07-22 00:00:00,AVGO,2,-0.25
2025-07-23 00:00:00,AVGO,2,0.5833333333333333
2025-07-24 00:00:00,AVGO,2,0.0
2025-07-25 00:00:00,AVGO,1,0.5
2025-07-27 00:00:00,AVGO,1,0.0
2025-07-28 00:00:00,AVGO,1,0.0
2025-07-29 00:00:00,AVGO,1,0.0
2025-07-30 00:00:00,AVGO,3,0.16666666666666666
2025-08-01 00:00:00,AVGO,2,-0.08333333333333331
2025-08-02 00:00:00,AVGO,1,0.0
2025-08-04 00:00:00,AVGO,4,0.0
2025-08-05 00:00:00,AVGO,4,-0.1
2025-08-06 00:00:00,AVGO,3,-0.4444444444444444
2025-08-07 00:00:00,AVGO,4,0.04166666666666666
2025-08-08 00:00:00,AVGO,4,0.0625
2025-08-12 00:00:00,AVGO,4,0.0
2025-08-13 00:00:00,AVGO,1,0.6666666666666666
2025-08-14 00:00:00,AVGO,3,0.16666666666666666
2025-08-15 00:00:00,AVGO,2,-0.25
2025-08-16 00:00:00,AVGO,1,0.5
2025-08-18 00:00:00,AVGO,2,0.0
2025-08-19 00:00:00,AVGO,1,0.0
2025-08-20 00:00:00,AVGO,1,0.0
2025-08-21 00:00:00,AVGO,1,0.0
2025-08-22 00:00:00,AVGO,3,0.3333333333333333
2025-08-24 00:00:00,AVGO,1,0.0
2025-08-25 00:00:00,AVGO,3,0.4666666666666666
2025-08-26 00:00:00,AVGO,4,0.0
2025-08-27 00:00:00,AVGO,1,0.0
2025-08-28 00:00:00,AVGO,7,0.25
2025-08-29 00:00:00,AVGO,2,0.125
2025-08-31 00:00:00,AVGO,1,0.75
2025-09-01 00:00:00,AVGO,2,0.0
2025-09-02 00:00:00,AVGO,4,0.125
2025-09-03 00:00:00,AVGO,4,0.125
2025-09-04 00:00:00,AVGO,15,0.18888888888888886
2025-09-05 00:00:00,AVGO,36,0.31666666666666665
2025-09-06 00:00:00,AVGO,2,0.0
2025-09-07 00:00:00,AVGO,3,0.08333333333333333
2025-09-08 00:00:00,AVGO,5,0.2
2025-09-09 00:00:00,AVGO,6,0.041666666666666664
2025-09-10 00:00:00,AVGO,7,0.19047619047619047
2025-09-11 00:00:00,AVGO,2,0.0
2025-09-12 00:00:00,AVGO,5,0.2033333333333333
2025-09-15 00:00:00,AVGO,3,0.6
2025-09-16 00:00:00,AVGO,4,0.2
2025-09-17 00:00:00,AVGO,6,0.0861111111111111
2025-09-18 00:00:00,AVGO,3,-0.16666666666666666
2025-09-19 00:00:00,AVGO,4,0.25
2025-09-20 00:00:00,AVGO,1,0.0
2025-09-21 00:00:00,AVGO,1,-0.25
2025-09-22 00:00:00,AVGO,4,0.16666666666666666
2025-09-23 00:00:00,AVGO,2,0.0
2025-09-26 00:00:00,AVGO,1,0.0
2025-09-29 00:00:00,AVGO,3,0.0
2025-09-30 00:00:00,AVGO,3,0.16666666666666666
2025-10-01 00:00:00,AVGO,3,0.0
2025-10-02 00:00:00,AVGO,3,0.16666666666666666
2025-10-03 00:00:00,AVGO,3,0.3333333333333333
2025-10-06 00:00:00,AVGO,2,0.0
2025-10-07 00:00:00,AVGO,5,0.2333333333333333
2025-10-08 00:00:00,AVGO,2,0.25
2025-10-09 00:00:00,AVGO,3,0.38888888888888884
2025-10-12 00:00:00,AVGO,1,0.5
2025-10-13 00:00:00,AVGO,10,0.125
2025-10-14 00:00:00,AVGO,16,0.2760416666666667
2025-10-15 00:00:00,AVGO,7,0.10714285714285714
2025-10-16 00:00:00,AVGO,4,0.25
2025-10-17 00:00:00,AVGO,3,0.0
2025-10-18 00:00:00,AVGO,1,0.0
2025-10-20 00:00:00,AVGO,2,0.4166666666666667
2025-10-21 00:00:00,AVGO,3,0.2222222222222222
2025-10-22 00:00:00,AVGO,1,-0.25
2025-10-23 00:00:00,AVGO,1,0.0
2025-10-24 00:00:00,AVGO,1,0.5
2025-10-27 00:00:00,AVGO,4,0.3125
2025-10-28 00:00:00,AVGO,3,0.16666666666666666
2025-10-29 00:00:00,AVGO,1,0.0
2025-10-30 00:00:00,AVGO,3,-0.08333333333333333
2025-10-31 00:00:00,AVGO,1,0.0
2025-11-02 00:00:00,AVGO,2,0.45
2025-11-03 00:00:00,AVGO,1,0.0
2025-11-04 00:00:00,AVGO,2,-0.5333333333333333
2025-11-06 00:00:00,AVGO,3,0.16666666666666666
2025-11-07 00:00:00,AVGO,1,0.0
2025-11-10 00:00:00,AVGO,4,0.6583333333333333
2025-11-11 00:00:00,AVGO,1,0.0
2025-11-12 00:00:00,AVGO,5,0.1
2025-11-13 00:00:00,AVGO,4,0.04166666666666666
2025-11-14 00:00:00,AVGO,3,0.16666666666666666
2025-11-16 00:00:00,AVGO,1,0.5
2025-11-17 00:00:00,AVGO,4,0.125
2025-11-18 00:00:00,AVGO,1,0.0
2025-11-19 00:00:00,AVGO,3,0.2222222222222222
2025-11-20 00:00:00,AVGO,4,0.125
2025-11-23 00:00:00,AVGO,1,-0.16666666666666666
2025-11-24 00:00:00,AVGO,3,0.21666666666666667
2025-11-25 00:00:00,AVGO,7,0.0
2025-11-26 00:00:00,AVGO,6,0.1388888888888889
2025-11-27 00:00:00,AVGO,3,-0.16666666666666666
2025-11-28 00:00:00,AVGO,2,0.0
2025-12-01 00:00:00,AVGO,7,0.4761904761904762
2025-12-02 00:00:00,AVGO,8,0.11458333333333333
2025-12-04 00:00:00,AVGO,2,0.5833333333333333
2025-12-05 00:00:00,AVGO,5,0.3333333333333333
2025-12-08 00:00:00,AVGO,8,0.17708333333333331
2025-12-09 00:00:00,AVGO,3,0.3333333333333333
2025-12-10 00:00:00,AVGO,7,0.28095238095238095
2025-12-11 00:00:00,AVGO,13,0.11538461538461539
2025-12-12 00:00:00,AVGO,35,0.23489795918367348
2025-12-13 00:00:00,AVGO,2,0.0
2025-12-14 00:00:00,AVGO,1,-0.6666666666666666
2025-12-15 00:00:00,AVGO,6,-0.125
2025-12-16 00:00:00,AVGO,5,0.1
2025-12-17 00:00:00,AVGO,4,-0.0625
2025-12-18 00:00:00,AVGO,7,0.0
2025-12-19 00:00:00,AVGO,4,0.25
2025-12-22 00:00:00,AVGO,2,0.0
2025-12-23 00:00:00,AVGO,1,0.0
2025-12-24 00:00:00,AVGO,5,-0.1
2025-12-25 00:00:00,AVGO,2,0.0
2025-12-26 00:00:00,AVGO,3,0.0
2025-12-30 00:00:00,AVGO,4,0.375
2025-12-31 00:00:00,AVGO,3,-0.16666666666666666
2026-01-02 00:00:00,AVGO,4,0.25
2026-01-05 00:00:00,AVGO,1,0.0
2026-01-06 00:00:00,AVGO,3,0.25
2026-01-07 00:00:00,AVGO,2,0.5
2026-01-08 00:00:00,AVGO,5,0.4
2026-01-09 00:00:00,AVGO,4,0.29166666666666663
2026-01-12 00:00:00,AVGO,1,0.0
2026-01-13 00:00:00,AVGO,1,0.5
2026-01-14 00:00:00,AVGO,5,-0.18333333333333332
2026-01-15 00:00:00,AVGO,7,-0.01904761904761906
2026-01-16 00:00:00,AVGO,4,0.16666666666666666
2026-01-20 00:00:00,AVGO,1,0.0
2026-01-21 00:00:00,AVGO,2,0.25
2026-01-22 00:00:00,AVGO,3,0.5833333333333334
2026-01-23 00:00:00,AVGO,3,0.0
2026-01-26 00:00:00,AVGO,4,0.125
2026-01-27 00:00:00,AVGO,2,0.0
2026-01-28 00:00:00,AVGO,3,0.16666666666666666
2026-01-29 00:00:00,AVGO,2,0.0
2026-01-30 00:00:00,AVGO,4,-0.16666666666666666
2026-02-02 00:00:00,AVGO,4,0.29166666666666663
2026-02-03 00:00:00,AVGO,4,0.0
2026-02-04 00:00:00,AVGO,4,0.16666666666666666
2026-02-05 00:00:00,AVGO,4,0.0875
2026-02-06 00:00:00,AVGO,4,0.29166666666666663
2026-02-07 00:00:00,AVGO,1,0.5
2026-02-09 00:00:00,AVGO,3,0.25
2026-02-10 00:00:00,AVGO,2,0.5833333333333333
2026-02-11 00:00:00,AVGO,3,0.0
2026-02-12 00:00:00,AVGO,1,-0.6666666666666666
2026-02-13 00:00:00,AVGO,4,0.125
2026-02-16 00:00:00,AVGO,2,-0.3333333333333333
2026-02-17 00:00:00,AVGO,2,0.0
2026-02-18 00:00:00,AVGO,2,0.0
2026-02-19 00:00:00,AVGO,1,0.0
2026-02-20 00:00:00,AVGO,3,0.16666666666666666
2026-02-23 00:00:00,AVGO,2,0.2
2026-02-24 00:00:00,AVGO,1,-0.5
2026-02-25 00:00:00,AVGO,3,0.0
2026-02-26 00:00:00,AVGO,6,-0.08333333333333333
2026-02-27 00:00:00,AVGO,3,-0.16666666666666666
2026-03-02 00:00:00,AVGO,10,0.225
2026-03-03 00:00:00,AVGO,5,0.2833333333333333
2026-03-04 00:00:00,AVGO,14,0.04047619047619048
2026-03-05 00:00:00,AVGO,20,0.2125
2026-03-06 00:00:00,AVGO,6,-0.027777777777777773
2026-03-07 00:00:00,AVGO,1,0.0
2026-03-08 00:00:00,AVGO,1,0.0
2026-03-09 00:00:00,AVGO,1,0.5
2026-03-10 00:00:00,AVGO,1,0.0
2026-03-11 00:00:00,AVGO,3,0.16666666666666666
2026-03-13 00:00:00,AVGO,2,0.25
2026-03-15 00:00:00,AVGO,1,0.0
2026-03-16 00:00:00,AVGO,3,0.19999999999999998
2026-03-17 00:00:00,AVGO,1,0.0
2026-03-18 00:00:00,AVGO,1,0.0
2026-03-19 00:00:00,AVGO,1,0.0
2026-03-20 00:00:00,AVGO,1,0.0
2026-03-23 00:00:00,AVGO,3,0.16666666666666666
2026-03-24 00:00:00,AVGO,5,-0.26666666666666666
2026-03-25 00:00:00,AVGO,2,0.0
2026-03-27 00:00:00,AVGO,4,-0.0625
2026-03-29 00:00:00,AVGO,1,0.25
2026-03-31 00:00:00,AVGO,3,0.20833333333333334
2026-04-02 00:00:00,AVGO,2,-0.3333333333333333
2026-04-03 00:00:00,AVGO,2,0.0
2026-04-06 00:00:00,AVGO,4,-0.125
2026-04-07 00:00:00,AVGO,7,0.14285714285714285
2026-04-08 00:00:00,AVGO,5,0.05
2026-04-09 00:00:00,AVGO,6,0.3194444444444444
2026-04-10 00:00:00,AVGO,7,0.23809523809523808
2026-04-11 00:00:00,AVGO,1,0.0
2026-04-13 00:00:00,AVGO,3,0.16666666666666666
2026-04-14 00:00:00,AVGO,5,0.36666666666666664
2026-04-15 00:00:00,AVGO,8,0.3020833333333333
2026-04-16 00:00:00,AVGO,6,0.4666666666666666
2026-04-17 00:00:00,AVGO,5,0.4
2026-04-19 00:00:00,AVGO,1,0.25
2026-04-20 00:00:00,AVGO,7,0.23809523809523808
2026-04-21 00:00:00,AVGO,6,0.38888888888888884
2026-04-22 00:00:00,AVGO,7,0.38095238095238093
2026-04-23 00:00:00,AVGO,4,0.125
2026-04-24 00:00:00,AVGO,4,0.4375
2026-04-25 00:00:00,AVGO,1,0.5
2026-04-27 00:00:00,AVGO,2,0.4375
2026-04-28 00:00:00,AVGO,7,0.023809523809523805
2026-04-29 00:00:00,AVGO,1,0.25
2026-04-30 00:00:00,AVGO,2,0.5
2026-05-01 00:00:00,AVGO,2,0.25
2026-05-04 00:00:00,AVGO,1,0.0
2026-05-05 00:00:00,AVGO,5,-0.08333333333333333
2026-05-06 00:00:00,AVGO,3,0.2777777777777778
2026-05-08 00:00:00,AVGO,6,0.0
2026-05-09 00:00:00,AVGO,1,0.0
2026-05-10 00:00:00,AVGO,1,0.8333333333333334
2026-05-11 00:00:00,AVGO,3,0.2222222222222222
2026-05-12 00:00:00,AVGO,7,-0.030612244897959186
2026-05-13 00:00:00,AVGO,1,0.0
2026-05-14 00:00:00,AVGO,3,0.7000000000000001
2026-05-15 00:00:00,AVGO,8,0.19791666666666666
2026-05-16 00:00:00,AVGO,1,-0.5
2026-05-17 00:00:00,AVGO,1,0.75
2026-05-18 00:00:00,AVGO,9,-0.07407407407407407
2026-05-19 00:00:00,AVGO,6,0.16666666666666666
2026-05-20 00:00:00,AVGO,3,0.5555555555555555
2026-05-21 00:00:00,AVGO,3,0.16666666666666666
2026-05-22 00:00:00,AVGO,1,0.6666666666666666
2026-05-26 00:00:00,AVGO,3,0.4444444444444444
2026-05-27 00:00:00,AVGO,3,0.16666666666666666
2026-05-28 00:00:00,AVGO,3,0.5
2026-05-29 00:00:00,AVGO,6,0.23611111111111108
2026-05-30 00:00:00,AVGO,1,0.0
2026-05-31 00:00:00,AVGO,4,0.41666666666666663
2026-06-01 00:00:00,AVGO,10,0.25
2026-06-02 00:00:00,AVGO,4,0.29166666666666663
2026-06-03 00:00:00,AVGO,19,0.09210526315789473
2026-06-04 00:00:00,AVGO,48,0.078125
2026-06-05 00:00:00,AVGO,13,-0.16666666666666666
2026-06-06 00:00:00,AVGO,6,-0.25833333333333336
2026-06-07 00:00:00,AVGO,4,0.041666666666666685
2026-06-08 00:00:00,AVGO,13,0.038461538461538464
2026-06-09 00:00:00,AVGO,13,0.07692307692307693
2026-06-10 00:00:00,AVGO,5,0.1
2026-06-11 00:00:00,AVGO,5,0.2333333333333333
2026-06-12 00:00:00,AVGO,5,0.15
2026-06-15 00:00:00,AVGO,2,-0.08333333333333331
2026-06-16 00:00:00,AVGO,1,0.0
2026-06-17 00:00:00,AVGO,5,0.21333333333333332
2026-06-18 00:00:00,AVGO,3,0.3333333333333333
2026-06-19 00:00:00,AVGO,3,0.0
2026-06-21 00:00:00,AVGO,1,0.0
2026-06-22 00:00:00,AVGO,1,-0.5
2026-06-23 00:00:00,AVGO,3,0.0
2026-06-24 00:00:00,AVGO,7,-0.07142857142857142
2026-06-25 00:00:00,AVGO,1,0.0
2026-06-26 00:00:00,AVGO,3,0.48888888888888893
2026-06-29 00:00:00,AVGO,3,-0.02777777777777779
2026-06-30 00:00:00,AVGO,4,0.4583333333333333
2026-07-01 00:00:00,AVGO,2,0.4
2026-07-02 00:00:00,AVGO,4,0.125
2026-07-03 00:00:00,AVGO,1,0.0
2026-07-06 00:00:00,AVGO,8,0.14583333333333331
2026-07-07 00:00:00,AVGO,2,-0.25
2026-07-08 00:00:00,AVGO,4,0.0
2026-07-09 00:00:00,AVGO,7,0.07142857142857142
2026-07-10 00:00:00,AVGO,4,-0.033333333333333354
2026-07-11 00:00:00,AVGO,2,0.25
2026-07-12 00:00:00,AVGO,2,0.625
2026-07-13 00:00:00,AVGO,2,0.4583333333333333
2026-07-14 00:00:00,AVGO,5,0.2333333333333333
2026-07-15 00:00:00,AVGO,2,0.25
2026-07-16 00:00:00,AVGO,3,0.11904761904761903
2026-07-17 00:00:00,AVGO,1,0.0
2026-07-19 00:00:00,AVGO,1,-0.4
2026-07-20 00:00:00,AVGO,3,0.4444444444444444
2026-07-21 00:00:00,AVGO,4,0.41666666666666663
2026-07-22 00:00:00,AVGO,2,-0.3333333333333333
2026-07-23 00:00:00,AVGO,2,0.25
2026-07-24 00:00:00,AVGO,2,0.25
2026-07-26 00:00:00,AVGO,3,-0.16666666666666666
2026-07-27 00:00:00,AVGO,1,0.0
2026-07-28 00:00:00,AVGO,1,0.0
2026-07-29 00:00:00,AVGO,3,0.0
2026-07-30 00:00:00,AVGO,6,0.19444444444444442
2026-07-31 00:00:00,AVGO,3,-0.16666666666666666
2026-08-03 00:00:00,AVGO,3,0.16666666666666666
2026-08-04 00:00:00,AVGO,5,0.5
2026-08-05 00:00:00,AVGO,3,-0.16666666666666666
2026-08-06 00:00:00,AVGO,3,0.0
2026-08-07 00:00:00,AVGO,3,0.16666666666666666
2026-08-09 00:00:00,AVGO,1,0.0
2026-08-10 00:00:00,AVGO,5,0.3333333333333333
2026-08-11 00:00:00,AVGO,2,0.25
2026-08-12 00:00:00,AVGO,1,0.75
2026-08-13 00:00:00,AVGO,4,0.6166666666666667
2026-08-14 00:00:00,AVGO,6,-0.027777777777777773
2026-08-15 00:00:00,AVGO,2,0.25
2026-08-17 00:00:00,AVGO,8,0.09375
2026-08-18 00:00:00,AVGO,2,0.125
2026-08-19 00:00:00,AVGO,4,0.3333333333333333
2026-08-20 00:00:00,AVGO,6,0.0
2026-08-21 00:00:00,AVGO,4,0.41666666666666663
2026-08-23 00:00:00,AVGO,1,0.5
2026-08-24 00:00:00,AVGO,2,-0.25
2026-08-25 00:00:00,AVGO,4,0.0
2026-08-26 00:00:00,AVGO,6,0.15277777777777776
2026-08-27 00:00:00,AVGO,6,0.3833333333333333
2026-08-28 00:00:00,AVGO,3,-0.02777777777777779
2026-08-29 00:00:00,AVGO,1,0.0
2026-08-30 00:00:00,AVGO,2,0.0
2026-08-31 00:00:00,AVGO,7,-0.2619047619047619
2026-09-01 00:00:00,AVGO,8,0.10416666666666667
2024-08-01 00:00:00,ETN,5,0.13333333333333333
2024-08-02 00:00:00,ETN,4,0.25
2024-08-06 00:00:00,ETN,1,0.0
2024-08-09 00:00:00,ETN,1,0.0
2024-08-13 00:00:00,ETN,1,0.0
2024-08-14 00:00:00,ETN,1,0.0
2024-08-19 00:00:00,ETN,2,0.25
2024-08-20 00:00:00,ETN,1,0.0
2024-08-21 00:00:00,ETN,1,0.0
2024-08-22 00:00:00,ETN,1,0.0
2024-08-29 00:00:00,ETN,1,0.0
2024-09-05 00:00:00,ETN,1,0.0
2024-09-06 00:00:00,ETN,4,0.125
2024-09-09 00:00:00,ETN,2,0.25
2024-09-11 00:00:00,ETN,1,0.0
2024-09-16 00:00:00,ETN,1,0.0
2024-09-27 00:00:00,ETN,2,0.0
2024-10-02 00:00:00,ETN,2,0.25
2024-10-03 00:00:00,ETN,1,0.0
2024-10-07 00:00:00,ETN,1,0.5
2024-10-08 00:00:00,ETN,1,0.0
2024-10-14 00:00:00,ETN,1,0.0
2024-10-17 00:00:00,ETN,2,0.3333333333333333
2024-10-23 00:00:00,ETN,2,0.0
2024-10-24 00:00:00,ETN,1,0.0
2024-10-29 00:00:00,ETN,1,0.0
2024-10-30 00:00:00,ETN,1,0.0
2024-10-31 00:00:00,ETN,5,0.12
2024-11-01 00:00:00,ETN,4,0.29166666666666663
2024-11-05 00:00:00,ETN,2,0.5
2024-11-08 00:00:00,ETN,1,0.0
2024-11-12 00:00:00,ETN,1,0.0
2024-11-13 00:00:00,ETN,3,0.3333333333333333
2024-11-14 00:00:00,ETN,2,0.0
2024-11-25 00:00:00,ETN,1,0.0
2024-12-05 00:00:00,ETN,3,0.16666666666666666
2024-12-06 00:00:00,ETN,1,0.5
2024-12-09 00:00:00,ETN,1,0.5
2024-12-10 00:00:00,ETN,1,0.0
2024-12-11 00:00:00,ETN,1,0.0
2024-12-13 00:00:00,ETN,1,0.0
2024-12-19 00:00:00,ETN,1,0.0
2024-12-23 00:00:00,ETN,1,0.0
2024-12-27 00:00:00,ETN,1,0.0
2025-01-03 00:00:00,ETN,1,0.6666666666666666
2025-01-06 00:00:00,ETN,1,0.0
2025-01-07 00:00:00,ETN,1,0.0
2025-01-13 00:00:00,ETN,1,0.0
2025-01-14 00:00:00,ETN,2,0.25
2025-01-15 00:00:00,ETN,2,0.0
2025-01-28 00:00:00,ETN,3,0.055555555555555546
2025-01-31 00:00:00,ETN,6,0.17777777777777778
2025-02-03 00:00:00,ETN,3,0.16666666666666666
2025-02-05 00:00:00,ETN,1,0.0
2025-02-12 00:00:00,ETN,1,-0.25
2025-02-13 00:00:00,ETN,1,0.0
2025-02-18 00:00:00,ETN,1,0.0
2025-02-19 00:00:00,ETN,2,0.0
2025-02-20 00:00:00,ETN,1,0.0
2025-02-25 00:00:00,ETN,1,0.0
2025-02-27 00:00:00,ETN,1,0.0
2025-02-28 00:00:00,ETN,1,0.0
2025-03-03 00:00:00,ETN,1,0.0
2025-03-05 00:00:00,ETN,3,0.0
2025-03-06 00:00:00,ETN,1,0.5
2025-03-11 00:00:00,ETN,2,0.0
2025-03-12 00:00:00,ETN,3,0.38888888888888884
2025-03-14 00:00:00,ETN,1,0.0
2025-03-17 00:00:00,ETN,1,0.8
2025-03-20 00:00:00,ETN,2,0.0
2025-03-26 00:00:00,ETN,4,0.0
2025-04-01 00:00:00,ETN,1,-0.6666666666666666
2025-04-04 00:00:00,ETN,2,0.0
2025-04-08 00:00:00,ETN,2,0.0
2025-04-09 00:00:00,ETN,1,-0.5
2025-04-14 00:00:00,ETN,2,0.0
2025-04-16 00:00:00,ETN,1,0.0
2025-04-24 00:00:00,ETN,1,0.0
2025-04-30 00:00:00,ETN,2,-0.25
2025-05-01 00:00:00,ETN,2,0.0
2025-05-02 00:00:00,ETN,11,0.19393939393939394
2025-05-05 00:00:00,ETN,6,0.4444444444444444
2025-05-06 00:00:00,ETN,3,0.16666666666666666
2025-05-08 00:00:00,ETN,1,0.5
2025-05-12 00:00:00,ETN,1,0.5
2025-05-13 00:00:00,ETN,1,0.75
2025-05-15 00:00:00,ETN,2,0.375
2025-05-16 00:00:00,ETN,1,0.5
2025-05-19 00:00:00,ETN,2,0.25
2025-05-20 00:00:00,ETN,1,0.0
2025-05-23 00:00:00,ETN,1,0.0
2025-05-30 00:00:00,ETN,1,0.0
2025-06-03 00:00:00,ETN,1,0.0
2025-06-09 00:00:00,ETN,2,0.25
2025-06-12 00:00:00,ETN,1,0.0
2025-06-13 00:00:00,ETN,1,0.0
2025-06-16 00:00:00,ETN,3,0.25
2025-06-20 00:00:00,ETN,2,0.375
2025-06-24 00:00:00,ETN,1,0.0
2025-06-25 00:00:00,ETN,1,0.0
2025-06-27 00:00:00,ETN,1,0.0
2025-07-01 00:00:00,ETN,2,0.25
2025-07-08 00:00:00,ETN,2,0.25
2025-07-09 00:00:00,ETN,1,0.5
2025-07-14 00:00:00,ETN,1,0.5
2025-07-15 00:00:00,ETN,2,0.25
2025-07-16 00:00:00,ETN,2,0.5
2025-07-17 00:00:00,ETN,2,0.375
2025-07-18 00:00:00,ETN,1,0.0
2025-07-21 00:00:00,ETN,1,0.0
2025-07-23 00:00:00,ETN,1,0.0
2025-07-30 00:00:00,ETN,1,0.0
2025-08-04 00:00:00,ETN,1,0.0
2025-08-05 00:00:00,ETN,11,0.1212121212121212
2025-08-06 00:00:00,ETN,3,0.5
2025-08-07 00:00:00,ETN,3,0.2222222222222222
2025-08-20 00:00:00,ETN,4,0.125
2025-08-22 00:00:00,ETN,1,0.0
2025-08-28 00:00:00,ETN,2,0.0
2025-09-04 00:00:00,ETN,2,0.0
2025-09-11 00:00:00,ETN,4,0.25
2025-09-15 00:00:00,ETN,1,0.6666666666666666
2025-09-18 00:00:00,ETN,1,0.0
2025-09-19 00:00:00,ETN,1,0.0
2025-10-02 00:00:00,ETN,1,0.0
2025-10-06 00:00:00,ETN,1,0.5
2025-10-09 00:00:00,ETN,2,0.25
2025-10-13 00:00:00,ETN,2,0.5
2025-10-14 00:00:00,ETN,1,0.5
2025-10-15 00:00:00,ETN,2,0.25
2025-10-17 00:00:00,ETN,1,0.6666666666666666
2025-10-20 00:00:00,ETN,1,0.0
2025-10-27 00:00:00,ETN,1,0.0
2025-10-28 00:00:00,ETN,1,0.0
2025-11-03 00:00:00,ETN,3,0.16666666666666666
2025-11-04 00:00:00,ETN,8,-0.04166666666666667
2025-11-05 00:00:00,ETN,2,0.5833333333333333
2025-11-06 00:00:00,ETN,1,0.5
2025-11-13 00:00:00,ETN,1,0.0
2025-11-14 00:00:00,ETN,2,0.0
2025-11-18 00:00:00,ETN,1,0.0
2025-11-20 00:00:00,ETN,2,0.0
2025-11-26 00:00:00,ETN,1,0.0
2025-11-28 00:00:00,ETN,1,0.0
2025-12-03 00:00:00,ETN,1,0.0
2025-12-04 00:00:00,ETN,1,0.0
2025-12-09 00:00:00,ETN,2,0.6666666666666666
2025-12-10 00:00:00,ETN,3,0.16666666666666666
2025-12-17 00:00:00,ETN,1,0.0
2025-12-18 00:00:00,ETN,1,0.0
2025-12-22 00:00:00,ETN,1,0.0
2025-12-23 00:00:00,ETN,2,0.0
2025-12-31 00:00:00,ETN,1,0.0
2026-01-05 00:00:00,ETN,1,-0.5
2026-01-07 00:00:00,ETN,3,0.0
2026-01-12 00:00:00,ETN,2,0.0
2026-01-16 00:00:00,ETN,1,0.0
2026-01-19 00:00:00,ETN,1,0.0
2026-01-20 00:00:00,ETN,1,0.0
2026-01-21 00:00:00,ETN,1,0.0
2026-01-26 00:00:00,ETN,2,0.0
2026-01-28 00:00:00,ETN,1,0.0
2026-02-02 00:00:00,ETN,2,0.0
2026-02-03 00:00:00,ETN,8,0.0
2026-02-04 00:00:00,ETN,2,0.25
2026-02-06 00:00:00,ETN,1,0.0
2026-02-10 00:00:00,ETN,1,0.0
2026-02-12 00:00:00,ETN,1,0.0
2026-02-23 00:00:00,ETN,3,0.16666666666666666
2026-02-26 00:00:00,ETN,1,0.5
2026-02-27 00:00:00,ETN,2,0.0
2026-03-02 00:00:00,ETN,1,0.0
2026-03-09 00:00:00,ETN,2,0.25
2026-03-12 00:00:00,ETN,1,0.0
2026-03-16 00:00:00,ETN,3,0.16666666666666666
2026-03-24 00:00:00,ETN,1,0.0
2026-03-25 00:00:00,ETN,1,-0.5
2026-03-27 00:00:00,ETN,1,0.5
2026-04-01 00:00:00,ETN,3,0.0
2026-04-08 00:00:00,ETN,2,0.0
2026-04-13 00:00:00,ETN,1,0.5
2026-04-14 00:00:00,ETN,1,0.6666666666666666
2026-04-20 00:00:00,ETN,1,0.5
2026-04-24 00:00:00,ETN,1,-0.6666666666666666
2026-04-27 00:00:00,ETN,1,0.6666666666666666
2026-04-29 00:00:00,ETN,2,0.0
2026-04-30 00:00:00,ETN,1,0.0
2026-05-01 00:00:00,ETN,1,0.0
2026-05-05 00:00:00,ETN,9,0.12962962962962962
2026-05-06 00:00:00,ETN,8,0.3333333333333333
2026-05-07 00:00:00,ETN,1,0.5
2026-05-11 00:00:00,ETN,1,0.0
2026-05-13 00:00:00,ETN,1,0.6666666666666666
2026-05-14 00:00:00,ETN,1,0.0
2026-05-25 00:00:00,ETN,1,0.0
2026-05-27 00:00:00,ETN,1,0.0
2026-05-29 00:00:00,ETN,1,0.0
2026-06-01 00:00:00,ETN,1,0.5
2026-06-11 00:00:00,ETN,2,0.25
2026-06-22 00:00:00,ETN,1,0.0
2026-06-29 00:00:00,ETN,2,0.0
2026-06-30 00:00:00,ETN,1,0.6666666666666666
2026-07-02 00:00:00,ETN,1,0.0
2026-07-14 00:00:00,ETN,1,0.0
2026-07-15 00:00:00,ETN,1,0.0
2026-07-20 00:00:00,ETN,2,0.0
2026-07-26 00:00:00,ETN,1,0.0
2026-07-31 00:00:00,ETN,6,0.19444444444444442
2026-08-03 00:00:00,ETN,8,0.6175595238095238
2026-08-07 00:00:00,ETN,3,0.16666666666666666
2026-08-11 00:00:00,ETN,1,0.6666666666666666
2026-08-17 00:00:00,ETN,2,0.25
2026-08-21 00:00:00,ETN,2,0.0
2026-08-28 00:00:00,ETN,3,0.3333333333333333
2024-08-01 00:00:00,GEV,2,0.5833333333333333
2024-08-08 00:00:00,GEV,1,0.0
2024-08-12 00:00:00,GEV,1,0.0
2024-08-26 00:00:00,GEV,1,0.0
2024-08-28 00:00:00,GEV,1,0.0
2024-08-29 00:00:00,GEV,1,0.5
2024-08-30 00:00:00,GEV,1,0.0
2024-09-02 00:00:00,GEV,1,0.0
2024-09-03 00:00:00,GEV,1,0.0
2024-09-04 00:00:00,GEV,2,0.0
2024-09-09 00:00:00,GEV,2,0.25
2024-09-10 00:00:00,GEV,1,0.0
2024-09-12 00:00:00,GEV,3,0.2222222222222222
2024-09-13 00:00:00,GEV,4,0.5
2024-09-16 00:00:00,GEV,2,0.0
2024-09-17 00:00:00,GEV,6,0.4305555555555555
2024-09-20 00:00:00,GEV,1,0.5
2024-09-24 00:00:00,GEV,1,0.0
2024-09-25 00:00:00,GEV,1,0.0
2024-09-26 00:00:00,GEV,4,0.1875
2024-10-02 00:00:00,GEV,2,0.0
2024-10-03 00:00:00,GEV,1,0.6666666666666666
2024-10-04 00:00:00,GEV,3,0.16666666666666666
2024-10-09 00:00:00,GEV,1,0.5
2024-10-10 00:00:00,GEV,1,0.5
2024-10-14 00:00:00,GEV,1,0.6666666666666666
2024-10-17 00:00:00,GEV,1,0.0
2024-10-18 00:00:00,GEV,2,0.5
2024-10-21 00:00:00,GEV,2,0.25
2024-10-22 00:00:00,GEV,3,0.0
2024-10-23 00:00:00,GEV,6,-0.05833333333333333
2024-10-24 00:00:00,GEV,9,0.5211640211640212
2024-10-28 00:00:00,GEV,1,0.8333333333333334
2024-10-30 00:00:00,GEV,1,0.6666666666666666
2024-11-07 00:00:00,GEV,1,0.6666666666666666
2024-11-12 00:00:00,GEV,2,0.0
2024-11-13 00:00:00,GEV,1,0.0
2024-11-15 00:00:00,GEV,2,0.125
2024-11-18 00:00:00,GEV,2,0.25
2024-11-19 00:00:00,GEV,1,0.0
2024-11-21 00:00:00,GEV,2,0.25
2024-11-25 00:00:00,GEV,2,0.3333333333333333
2024-12-03 00:00:00,GEV,1,0.5
2024-12-05 00:00:00,GEV,5,0.4
2024-12-09 00:00:00,GEV,1,0.5
2024-12-10 00:00:00,GEV,8,0.1875
2024-12-11 00:00:00,GEV,6,0.47222222222222215
2024-12-12 00:00:00,GEV,2,0.25
2024-12-13 00:00:00,GEV,2,0.5
2024-12-19 00:00:00,GEV,1,0.0
2024-12-25 00:00:00,GEV,2,0.25
2024-12-27 00:00:00,GEV,1,0.0
2024-12-30 00:00:00,GEV,1,0.0
2025-01-03 00:00:00,GEV,1,0.0
2025-01-07 00:00:00,GEV,1,0.0
2025-01-10 00:00:00,GEV,1,0.0
2025-01-14 00:00:00,GEV,4,0.375
2025-01-15 00:00:00,GEV,1,0.0
2025-01-16 00:00:00,GEV,2,0.5
2025-01-17 00:00:00,GEV,1,0.0
2025-01-18 00:00:00,GEV,1,0.6666666666666666
2025-01-21 00:00:00,GEV,1,0.6666666666666666
2025-01-22 00:00:00,GEV,6,0.10912698412698413
2025-01-23 00:00:00,GEV,8,0.41666666666666663
2025-01-24 00:00:00,GEV,3,0.16666666666666666
2025-01-27 00:00:00,GEV,4,-0.16666666666666666
2025-01-28 00:00:00,GEV,3,0.38888888888888884
2025-01-29 00:00:00,GEV,2,0.25
2025-01-30 00:00:00,GEV,1,0.0
2025-02-03 00:00:00,GEV,1,0.6666666666666666
2025-02-04 00:00:00,GEV,2,0.25
2025-02-05 00:00:00,GEV,1,0.0
2025-02-07 00:00:00,GEV,2,0.25
2025-02-13 00:00:00,GEV,3,0.3333333333333333
2025-02-18 00:00:00,GEV,1,0.0
2025-02-19 00:00:00,GEV,2,0.5
2025-02-26 00:00:00,GEV,1,0.0
2025-03-03 00:00:00,GEV,2,0.25
2025-03-04 00:00:00,GEV,2,0.0
2025-03-05 00:00:00,GEV,2,0.5833333333333333
2025-03-11 00:00:00,GEV,2,0.0
2025-03-12 00:00:00,GEV,1,-0.25
2025-03-16 00:00:00,GEV,1,0.0
2025-03-18 00:00:00,GEV,3,0.16666666666666666
2025-03-19 00:00:00,GEV,2,0.5
2025-03-24 00:00:00,GEV,1,0.0
2025-03-27 00:00:00,GEV,2,0.0
2025-03-31 00:00:00,GEV,1,0.5
2025-04-02 00:00:00,GEV,3,0.16666666666666666
2025-04-03 00:00:00,GEV,1,0.0
2025-04-10 00:00:00,GEV,2,0.0
2025-04-14 00:00:00,GEV,2,0.3333333333333333
2025-04-15 00:00:00,GEV,1,0.5
2025-04-17 00:00:00,GEV,1,0.0
2025-04-21 00:00:00,GEV,2,-0.3333333333333333
2025-04-22 00:00:00,GEV,1,0.0
2025-04-23 00:00:00,GEV,9,0.29259259259259257
2025-04-24 00:00:00,GEV,7,0.2738095238095238
2025-05-02 00:00:00,GEV,1,-0.6666666666666666
2025-05-08 00:00:00,GEV,1,0.0
2025-05-13 00:00:00,GEV,2,0.0
2025-05-14 00:00:00,GEV,2,0.25
2025-05-15 00:00:00,GEV,1,0.0
2025-05-16 00:00:00,GEV,2,0.25
2025-05-23 00:00:00,GEV,1,0.6666666666666666
2025-05-26 00:00:00,GEV,1,0.6666666666666666
2025-05-28 00:00:00,GEV,1,0.0
2025-05-29 00:00:00,GEV,5,0.2333333333333333
2025-05-30 00:00:00,GEV,2,0.5833333333333333
2025-06-02 00:00:00,GEV,1,0.0
2025-06-09 00:00:00,GEV,2,0.0
2025-06-10 00:00:00,GEV,1,0.5
2025-06-11 00:00:00,GEV,1,0.5
2025-06-13 00:00:00,GEV,1,-0.5
2025-06-20 00:00:00,GEV,1,0.8
2025-06-23 00:00:00,GEV,1,0.0
2025-06-24 00:00:00,GEV,1,0.5
2025-07-01 00:00:00,GEV,2,0.25
2025-07-07 00:00:00,GEV,1,0.0
2025-07-08 00:00:00,GEV,1,0.6666666666666666
2025-07-09 00:00:00,GEV,1,0.5
2025-07-10 00:00:00,GEV,2,0.25
2025-07-11 00:00:00,GEV,1,0.0
2025-07-14 00:00:00,GEV,1,0.5
2025-07-15 00:00:00,GEV,2,0.0
2025-07-16 00:00:00,GEV,2,0.25
2025-07-17 00:00:00,GEV,2,0.45
2025-07-21 00:00:00,GEV,1,0.0
2025-07-22 00:00:00,GEV,2,0.25
2025-07-23 00:00:00,GEV,8,0.14583333333333331
2025-07-24 00:00:00,GEV,11,0.45151515151515154
2025-07-30 00:00:00,GEV,1,0.0
2025-07-31 00:00:00,GEV,1,0.0
2025-08-04 00:00:00,GEV,1,0.0
2025-08-05 00:00:00,GEV,2,0.0
2025-08-13 00:00:00,GEV,2,0.375
2025-08-18 00:00:00,GEV,1,0.0
2025-08-19 00:00:00,GEV,1,0.0
2025-08-25 00:00:00,GEV,1,0.5
2025-08-27 00:00:00,GEV,1,0.0
2025-09-02 00:00:00,GEV,1,0.0
2025-09-03 00:00:00,GEV,1,0.0
2025-09-04 00:00:00,GEV,1,0.0
2025-09-05 00:00:00,GEV,2,0.25
2025-09-08 00:00:00,GEV,4,0.0
2025-09-11 00:00:00,GEV,4,0.0
2025-09-15 00:00:00,GEV,1,0.5
2025-09-16 00:00:00,GEV,2,0.25
2025-09-17 00:00:00,GEV,2,0.0
2025-09-22 00:00:00,GEV,1,0.0
2025-09-24 00:00:00,GEV,1,0.25
2025-09-25 00:00:00,GEV,1,0.0
2025-09-29 00:00:00,GEV,1,0.0
2025-10-03 00:00:00,GEV,2,0.0
2025-10-07 00:00:00,GEV,1,0.0
2025-10-09 00:00:00,GEV,2,0.0
2025-10-10 00:00:00,GEV,1,-0.4
2025-10-13 00:00:00,GEV,3,0.3333333333333333
2025-10-15 00:00:00,GEV,4,-0.04166666666666666
2025-10-16 00:00:00,GEV,1,0.5
2025-10-20 00:00:00,GEV,1,0.0
2025-10-21 00:00:00,GEV,4,0.0
2025-10-22 00:00:00,GEV,17,0.16470588235294117
2025-10-23 00:00:00,GEV,10,0.3466666666666667
2025-10-24 00:00:00,GEV,4,0.125
2025-10-28 00:00:00,GEV,1,0.5
2025-10-30 00:00:00,GEV,1,0.5
2025-11-04 00:00:00,GEV,1,0.8
2025-11-12 00:00:00,GEV,1,0.0
2025-11-13 00:00:00,GEV,3,0.16666666666666666
2025-11-14 00:00:00,GEV,1,-0.6666666666666666
2025-11-19 00:00:00,GEV,4,0.25
2025-11-24 00:00:00,GEV,2,0.0
2025-12-02 00:00:00,GEV,2,0.25
2025-12-04 00:00:00,GEV,4,0.45
2025-12-09 00:00:00,GEV,4,0.29166666666666663
2025-12-10 00:00:00,GEV,17,0.37254901960784315
2025-12-11 00:00:00,GEV,6,0.0
2025-12-12 00:00:00,GEV,2,0.0
2025-12-13 00:00:00,GEV,1,0.0
2025-12-16 00:00:00,GEV,2,0.5
2025-12-17 00:00:00,GEV,2,-0.125
2025-12-18 00:00:00,GEV,3,0.5555555555555555
2025-12-19 00:00:00,GEV,1,0.0
2025-12-22 00:00:00,GEV,5,0.3
2025-12-23 00:00:00,GEV,1,0.0
2025-12-29 00:00:00,GEV,1,0.0
2026-01-02 00:00:00,GEV,2,0.0
2026-01-05 00:00:00,GEV,2,0.0
2026-01-06 00:00:00,GEV,2,0.0
2026-01-07 00:00:00,GEV,1,0.5
2026-01-09 00:00:00,GEV,4,0.16666666666666666
2026-01-12 00:00:00,GEV,3,0.5
2026-01-13 00:00:00,GEV,1,0.25
2026-01-14 00:00:00,GEV,1,0.0
2026-01-16 00:00:00,GEV,2,0.25
2026-01-19 00:00:00,GEV,1,0.0
2026-01-20 00:00:00,GEV,1,0.0
2026-01-21 00:00:00,GEV,1,-0.16666666666666666
2026-01-23 00:00:00,GEV,2,0.25
2026-01-26 00:00:00,GEV,2,0.0
2026-01-27 00:00:00,GEV,2,0.0
2026-01-28 00:00:00,GEV,10,0.175
2026-01-29 00:00:00,GEV,8,0.2708333333333333
2026-01-30 00:00:00,GEV,1,0.6666666666666666
2026-02-02 00:00:00,GEV,2,0.0
2026-02-03 00:00:00,GEV,2,0.25
2026-02-05 00:00:00,GEV,2,0.0
2026-02-09 00:00:00,GEV,3,0.0
2026-02-11 00:00:00,GEV,1,0.0
2026-02-12 00:00:00,GEV,1,0.0
2026-02-16 00:00:00,GEV,1,0.0
2026-02-18 00:00:00,GEV,2,0.0
2026-02-19 00:00:00,GEV,2,0.0
2026-02-20 00:00:00,GEV,1,0.0
2026-02-24 00:00:00,GEV,1,0.0
2026-02-26 00:00:00,GEV,2,0.0
2026-02-27 00:00:00,GEV,1,0.0
2026-03-03 00:00:00,GEV,3,0.19047619047619047
2026-03-04 00:00:00,GEV,2,0.0
2026-03-06 00:00:00,GEV,1,0.0
2026-03-09 00:00:00,GEV,2,0.3333333333333333
2026-03-13 00:00:00,GEV,1,0.0
2026-03-16 00:00:00,GEV,3,0.0
2026-03-17 00:00:00,GEV,1,0.0
2026-03-19 00:00:00,GEV,2,-0.25
2026-03-20 00:00:00,GEV,1,0.0
2026-03-23 00:00:00,GEV,3,0.38888888888888884
2026-03-26 00:00:00,GEV,1,0.0
2026-03-31 00:00:00,GEV,3,0.4166666666666667
2026-04-01 00:00:00,GEV,2,0.5
2026-04-06 00:00:00,GEV,1,0.0
2026-04-07 00:00:00,GEV,3,0.2222222222222222
2026-04-08 00:00:00,GEV,1,0.0
2026-04-09 00:00:00,GEV,2,0.625
2026-04-10 00:00:00,GEV,1,0.0
2026-04-13 00:00:00,GEV,1,0.5
2026-04-14 00:00:00,GEV,1,0.0
2026-04-15 00:00:00,GEV,1,0.0
2026-04-16 00:00:00,GEV,2,0.5833333333333333
2026-04-18 00:00:00,GEV,1,0.4
2026-04-20 00:00:00,GEV,1,0.0
2026-04-21 00:00:00,GEV,1,0.6666666666666666
2026-04-22 00:00:00,GEV,14,0.33333333333333337
2026-04-23 00:00:00,GEV,11,0.6363636363636364
2026-04-24 00:00:00,GEV,2,0.625
2026-04-27 00:00:00,GEV,2,0.08333333333333331
2026-05-01 00:00:00,GEV,2,0.0
2026-05-04 00:00:00,GEV,3,0.16666666666666666
2026-05-05 00:00:00,GEV,2,-0.3333333333333333
2026-05-06 00:00:00,GEV,1,0.0
2026-05-07 00:00:00,GEV,1,0.0
2026-05-18 00:00:00,GEV,1,0.25
2026-05-21 00:00:00,GEV,1,0.0
2026-05-26 00:00:00,GEV,2,-0.25
2026-05-27 00:00:00,GEV,1,0.0
2026-05-29 00:00:00,GEV,1,0.0
2026-06-01 00:00:00,GEV,1,0.5
2026-06-02 00:00:00,GEV,1,-0.6666666666666666
2026-06-03 00:00:00,GEV,1,0.0
2026-06-08 00:00:00,GEV,1,0.5
2026-06-09 00:00:00,GEV,2,0.0
2026-06-10 00:00:00,GEV,2,0.0
2026-06-11 00:00:00,GEV,1,0.0
2026-06-17 00:00:00,GEV,3,0.25
2026-06-18 00:00:00,GEV,1,0.0
2026-06-19 00:00:00,GEV,1,0.0
2026-06-22 00:00:00,GEV,3,0.16666666666666666
2026-06-23 00:00:00,GEV,3,-0.2222222222222222
2026-06-24 00:00:00,GEV,1,0.0
2026-06-29 00:00:00,GEV,2,0.0
2026-07-01 00:00:00,GEV,3,0.16666666666666666
2026-07-02 00:00:00,GEV,1,0.0
2026-07-07 00:00:00,GEV,3,0.0
2026-07-08 00:00:00,GEV,1,0.0
2026-07-10 00:00:00,GEV,1,0.0
2026-07-13 00:00:00,GEV,1,0.0
2026-07-15 00:00:00,GEV,1,0.0
2026-07-16 00:00:00,GEV,4,0.0
2026-07-17 00:00:00,GEV,1,0.0
2026-07-18 00:00:00,GEV,1,0.0
2026-07-20 00:00:00,GEV,3,0.0
2026-07-21 00:00:00,GEV,2,-0.25
2026-07-22 00:00:00,GEV,12,0.1527777777777778
2026-07-23 00:00:00,GEV,9,0.39999999999999997
2026-07-24 00:00:00,GEV,1,0.5
2026-07-27 00:00:00,GEV,1,0.5
2026-07-28 00:00:00,GEV,2,0.25
2026-07-30 00:00:00,GEV,1,0.0
2026-08-03 00:00:00,GEV,2,0.0
2026-08-04 00:00:00,GEV,1,0.0
2026-08-06 00:00:00,GEV,1,0.0
2026-08-07 00:00:00,GEV,1,0.0
2026-08-14 00:00:00,GEV,1,0.0
2026-08-18 00:00:00,GEV,1,0.0
2026-08-21 00:00:00,GEV,2,0.0
2026-08-24 00:00:00,GEV,1,0.5
2026-08-25 00:00:00,GEV,1,0.0
2026-08-26 00:00:00,GEV,1,0.0
2026-08-27 00:00:00,GEV,2,0.25
2026-08-28 00:00:00,GEV,3,0.16666666666666666
2026-08-31 00:00:00,GEV,1,0.0
2026-09-01 00:00:00,GEV,2,0.25
2024-08-01 00:00:00,GOOGL,8,0.0625
2024-08-02 00:00:00,GOOGL,8,0.07083333333333333
2024-08-03 00:00:00,GOOGL,3,-0.25
2024-08-04 00:00:00,GOOGL,1,0.0
2024-08-05 00:00:00,GOOGL,12,-0.125
2024-08-06 00:00:00,GOOGL,14,-0.06547619047619048
2024-08-07 00:00:00,GOOGL,6,0.17500000000000002
2024-08-08 00:00:00,GOOGL,9,-0.25
2024-08-09 00:00:00,GOOGL,10,-0.03333333333333334
2024-08-10 00:00:00,GOOGL,1,0.0
2024-08-12 00:00:00,GOOGL,11,0.10606060606060605
2024-08-13 00:00:00,GOOGL,13,-0.057692307692307696
2024-08-14 00:00:00,GOOGL,10,0.05
2024-08-15 00:00:00,GOOGL,12,0.041666666666666664
2024-08-16 00:00:00,GOOGL,6,0.20833333333333334
2024-08-17 00:00:00,GOOGL,1,0.0
2024-08-18 00:00:00,GOOGL,1,-0.5
2024-08-19 00:00:00,GOOGL,6,0.08333333333333333
2024-08-20 00:00:00,GOOGL,6,0.05555555555555556
2024-08-21 00:00:00,GOOGL,5,0.15
2024-08-22 00:00:00,GOOGL,4,0.1875
2024-08-23 00:00:00,GOOGL,3,0.0
2024-08-24 00:00:00,GOOGL,1,0.5
2024-08-26 00:00:00,GOOGL,3,0.0
2024-08-27 00:00:00,GOOGL,5,0.1
2024-08-28 00:00:00,GOOGL,7,-0.07142857142857142
2024-08-29 00:00:00,GOOGL,5,-0.1
2024-08-30 00:00:00,GOOGL,7,0.07142857142857142
2024-08-31 00:00:00,GOOGL,1,0.0
2024-09-02 00:00:00,GOOGL,1,0.0
2024-09-03 00:00:00,GOOGL,7,0.0
2024-09-04 00:00:00,GOOGL,3,-0.16666666666666666
2024-09-05 00:00:00,GOOGL,7,0.03571428571428571
2024-09-06 00:00:00,GOOGL,7,0.1142857142857143
2024-09-07 00:00:00,GOOGL,2,0.0
2024-09-08 00:00:00,GOOGL,1,0.5
2024-09-09 00:00:00,GOOGL,8,-0.03125
2024-09-10 00:00:00,GOOGL,14,0.03571428571428571
2024-09-11 00:00:00,GOOGL,5,0.0
2024-09-12 00:00:00,GOOGL,7,-0.10714285714285714
2024-09-13 00:00:00,GOOGL,10,0.058333333333333334
2024-09-14 00:00:00,GOOGL,2,0.3333333333333333
2024-09-15 00:00:00,GOOGL,1,-0.6666666666666666
2024-09-16 00:00:00,GOOGL,11,0.26515151515151514
2024-09-17 00:00:00,GOOGL,7,0.21428571428571427
2024-09-18 00:00:00,GOOGL,7,-0.04761904761904762
2024-09-19 00:00:00,GOOGL,11,0.07142857142857142
2024-09-20 00:00:00,GOOGL,5,0.0
2024-09-21 00:00:00,GOOGL,1,0.0
2024-09-23 00:00:00,GOOGL,7,0.25
2024-09-24 00:00:00,GOOGL,8,0.11458333333333333
2024-09-25 00:00:00,GOOGL,13,0.11538461538461539
2024-09-26 00:00:00,GOOGL,6,0.027777777777777773
2024-09-27 00:00:00,GOOGL,4,0.3125
2024-09-28 00:00:00,GOOGL,1,0.6666666666666666
2024-09-29 00:00:00,GOOGL,1,-0.5
2024-09-30 00:00:00,GOOGL,10,-0.11666666666666665
2024-10-01 00:00:00,GOOGL,12,-0.020833333333333332
2024-10-02 00:00:00,GOOGL,12,0.0
2024-10-03 00:00:00,GOOGL,9,0.0
2024-10-04 00:00:00,GOOGL,7,0.07142857142857142
2024-10-06 00:00:00,GOOGL,1,0.0
2024-10-07 00:00:00,GOOGL,11,0.11363636363636363
2024-10-08 00:00:00,GOOGL,13,0.0064102564102564135
2024-10-09 00:00:00,GOOGL,12,0.1875
2024-10-10 00:00:00,GOOGL,6,0.08333333333333333
2024-10-11 00:00:00,GOOGL,4,0.09375
2024-10-12 00:00:00,GOOGL,1,0.5
2024-10-13 00:00:00,GOOGL,1,0.0
2024-10-14 00:00:00,GOOGL,7,0.16666666666666666
2024-10-15 00:00:00,GOOGL,13,0.05897435897435897
2024-10-16 00:00:00,GOOGL,11,0.20454545454545456
2024-10-17 00:00:00,GOOGL,9,-0.14814814814814814
2024-10-18 00:00:00,GOOGL,11,0.0606060606060606
2024-10-19 00:00:00,GOOGL,2,-0.3333333333333333
2024-10-20 00:00:00,GOOGL,2,0.0
2024-10-21 00:00:00,GOOGL,8,0.3333333333333333
2024-10-22 00:00:00,GOOGL,3,0.25
2024-10-23 00:00:00,GOOGL,7,0.0
2024-10-24 00:00:00,GOOGL,11,0.045454545454545456
2024-10-25 00:00:00,GOOGL,8,0.09375
2024-10-26 00:00:00,GOOGL,1,0.0
2024-10-27 00:00:00,GOOGL,1,0.0
2024-10-28 00:00:00,GOOGL,15,0.027777777777777776
2024-10-29 00:00:00,GOOGL,19,0.11403508771929824
2024-10-30 00:00:00,GOOGL,42,0.30357142857142855
2024-10-31 00:00:00,GOOGL,8,0.14583333333333331
2024-11-01 00:00:00,GOOGL,4,0.04999999999999999
2024-11-02 00:00:00,GOOGL,1,0.5
2024-11-03 00:00:00,GOOGL,2,0.0
2024-11-04 00:00:00,GOOGL,7,0.07142857142857142
2024-11-05 00:00:00,GOOGL,7,0.04761904761904762
2024-11-06 00:00:00,GOOGL,9,0.32962962962962966
2024-11-07 00:00:00,GOOGL,8,0.0625
2024-11-08 00:00:00,GOOGL,5,0.0
2024-11-09 00:00:00,GOOGL,2,0.0
2024-11-11 00:00:00,GOOGL,4,-0.1375
2024-11-12 00:00:00,GOOGL,7,0.0
2024-11-13 00:00:00,GOOGL,5,0.0
2024-11-14 00:00:00,GOOGL,10,-0.05
2024-11-15 00:00:00,GOOGL,3,0.0
2024-11-17 00:00:00,GOOGL,1,-0.5
2024-11-18 00:00:00,GOOGL,12,0.0
2024-11-19 00:00:00,GOOGL,20,-0.07261904761904761
2024-11-20 00:00:00,GOOGL,11,0.10606060606060605
2024-11-21 00:00:00,GOOGL,10,0.13999999999999999
2024-11-22 00:00:00,GOOGL,14,0.047619047619047616
2024-11-23 00:00:00,GOOGL,1,0.0
2024-11-24 00:00:00,GOOGL,1,0.0
2024-11-25 00:00:00,GOOGL,5,0.13333333333333333
2024-11-26 00:00:00,GOOGL,4,-0.125
2024-11-27 00:00:00,GOOGL,6,0.013888888888888895
2024-11-28 00:00:00,GOOGL,3,0.16666666666666666
2024-11-29 00:00:00,GOOGL,6,-0.1111111111111111
2024-11-30 00:00:00,GOOGL,3,-0.11111111111111112
2024-12-02 00:00:00,GOOGL,3,0.2777777777777778
2024-12-03 00:00:00,GOOGL,4,0.125
2024-12-04 00:00:00,GOOGL,7,0.14285714285714285
2024-12-05 00:00:00,GOOGL,9,0.14814814814814814
2024-12-06 00:00:00,GOOGL,11,0.09090909090909091
2024-12-07 00:00:00,GOOGL,3,0.16666666666666666
2024-12-09 00:00:00,GOOGL,8,0.04791666666666668
2024-12-10 00:00:00,GOOGL,15,0.056666666666666664
2024-12-11 00:00:00,GOOGL,16,0.1203125
2024-12-12 00:00:00,GOOGL,16,-0.052083333333333336
2024-12-13 00:00:00,GOOGL,8,0.19270833333333331
2024-12-14 00:00:00,GOOGL,2,-0.5833333333333333
2024-12-15 00:00:00,GOOGL,4,-0.125
2024-12-16 00:00:00,GOOGL,14,0.16241496598639454
2024-12-17 00:00:00,GOOGL,9,0.16666666666666666
2024-12-18 00:00:00,GOOGL,9,0.12962962962962962
2024-12-19 00:00:00,GOOGL,5,-0.033333333333333326
2024-12-20 00:00:00,GOOGL,8,0.14583333333333331
2024-12-21 00:00:00,GOOGL,2,0.125
2024-12-22 00:00:00,GOOGL,2,0.5833333333333333
2024-12-23 00:00:00,GOOGL,5,0.13333333333333333
2024-12-24 00:00:00,GOOGL,10,0.11666666666666665
2024-12-25 00:00:00,GOOGL,3,0.16666666666666666
2024-12-26 00:00:00,GOOGL,3,0.0
2024-12-27 00:00:00,GOOGL,4,0.0
2024-12-28 00:00:00,GOOGL,1,0.0
2024-12-29 00:00:00,GOOGL,1,-0.5
2024-12-30 00:00:00,GOOGL,7,-0.01190476190476191
2024-12-31 00:00:00,GOOGL,5,-0.1
2025-01-02 00:00:00,GOOGL,9,0.1111111111111111
2025-01-03 00:00:00,GOOGL,11,0.2727272727272727
2025-01-06 00:00:00,GOOGL,12,0.08333333333333333
2025-01-07 00:00:00,GOOGL,6,-0.25833333333333336
2025-01-08 00:00:00,GOOGL,2,0.125
2025-01-09 00:00:00,GOOGL,6,0.16666666666666666
2025-01-10 00:00:00,GOOGL,7,0.17857142857142858
2025-01-12 00:00:00,GOOGL,2,0.0
2025-01-13 00:00:00,GOOGL,6,0.27777777777777773
2025-01-14 00:00:00,GOOGL,7,-0.09523809523809523
2025-01-15 00:00:00,GOOGL,7,-0.023809523809523805
2025-01-16 00:00:00,GOOGL,5,0.033333333333333326
2025-01-17 00:00:00,GOOGL,7,-0.14285714285714285
2025-01-18 00:00:00,GOOGL,2,0.3333333333333333
2025-01-20 00:00:00,GOOGL,4,0.25
2025-01-21 00:00:00,GOOGL,10,0.041666666666666664
2025-01-22 00:00:00,GOOGL,8,0.125
2025-01-23 00:00:00,GOOGL,6,0.19444444444444442
2025-01-24 00:00:00,GOOGL,7,0.16666666666666666
2025-01-25 00:00:00,GOOGL,3,-0.16666666666666666
2025-01-26 00:00:00,GOOGL,2,0.5
2025-01-27 00:00:00,GOOGL,16,-0.10416666666666666
2025-01-28 00:00:00,GOOGL,7,-0.08333333333333334
2025-01-29 00:00:00,GOOGL,8,-0.19791666666666666
2025-01-30 00:00:00,GOOGL,5,-0.1
2025-01-31 00:00:00,GOOGL,7,0.0
2025-02-02 00:00:00,GOOGL,2,-0.5333333333333333
2025-02-03 00:00:00,GOOGL,7,0.004761904761904761
2025-02-04 00:00:00,GOOGL,17,-0.06862745098039215
2025-02-05 00:00:00,GOOGL,24,-0.06527777777777778
2025-02-06 00:00:00,GOOGL,7,0.23809523809523808
2025-02-07 00:00:00,GOOGL,10,0.06333333333333332
2025-02-10 00:00:00,GOOGL,16,0.234375
2025-02-11 00:00:00,GOOGL,5,0.0
2025-02-12 00:00:00,GOOGL,8,0.2875
2025-02-13 00:00:00,GOOGL,9,-0.07407407407407407
2025-02-14 00:00:00,GOOGL,3,0.0
2025-02-15 00:00:00,GOOGL,2,0.0
2025-02-17 00:00:00,GOOGL,5,0.0
2025-02-18 00:00:00,GOOGL,8,0.20416666666666666
2025-02-19 00:00:00,GOOGL,6,0.16666666666666666
2025-02-20 00:00:00,GOOGL,11,0.03787878787878787
2025-02-21 00:00:00,GOOGL,8,0.0
2025-02-22 00:00:00,GOOGL,2,-0.25
2025-02-24 00:00:00,GOOGL,9,0.37592592592592594
2025-02-25 00:00:00,GOOGL,3,0.0
2025-02-26 00:00:00,GOOGL,4,-0.125
2025-02-27 00:00:00,GOOGL,8,0.14583333333333331
2025-02-28 00:00:00,GOOGL,10,0.15
2025-03-01 00:00:00,GOOGL,1,0.0
2025-03-03 00:00:00,GOOGL,4,-0.16666666666666666
2025-03-04 00:00:00,GOOGL,9,0.009259259259259264
2025-03-05 00:00:00,GOOGL,7,-0.25
2025-03-06 00:00:00,GOOGL,5,-0.1
2025-03-07 00:00:00,GOOGL,4,-0.3125
2025-03-08 00:00:00,GOOGL,3,-0.08333333333333333
2025-03-10 00:00:00,GOOGL,5,-0.2333333333333333
2025-03-11 00:00:00,GOOGL,6,0.0
2025-03-12 00:00:00,GOOGL,6,0.041666666666666664
2025-03-13 00:00:00,GOOGL,3,0.0
2025-03-14 00:00:00,GOOGL,1,0.0
2025-03-15 00:00:00,GOOGL,1,0.0
2025-03-17 00:00:00,GOOGL,7,-0.07142857142857142
2025-03-18 00:00:00,GOOGL,14,0.0
2025-03-19 00:00:00,GOOGL,13,0.1282051282051282
2025-03-20 00:00:00,GOOGL,5,0.0
2025-03-21 00:00:00,GOOGL,4,-0.22916666666666666
2025-03-22 00:00:00,GOOGL,2,0.0
2025-03-23 00:00:00,GOOGL,2,-0.3333333333333333
2025-03-24 00:00:00,GOOGL,5,0.1
2025-03-25 00:00:00,GOOGL,6,0.19444444444444442
2025-03-26 00:00:00,GOOGL,5,0.2333333333333333
2025-03-27 00:00:00,GOOGL,4,-0.1875
2025-03-28 00:00:00,GOOGL,8,-0.2708333333333333
2025-03-30 00:00:00,GOOGL,2,0.0
2025-03-31 00:00:00,GOOGL,10,0.05
2025-04-01 00:00:00,GOOGL,8,-0.05208333333333333
2025-04-02 00:00:00,GOOGL,9,-0.2962962962962963
2025-04-03 00:00:00,GOOGL,10,0.09166666666666666
2025-04-04 00:00:00,GOOGL,11,-0.13333333333333333
2025-04-05 00:00:00,GOOGL,2,-0.6666666666666666
2025-04-06 00:00:00,GOOGL,1,0.0
2025-04-07 00:00:00,GOOGL,7,-0.35714285714285715
2025-04-08 00:00:00,GOOGL,7,-0.17142857142857146
2025-04-09 00:00:00,GOOGL,12,-0.027777777777777773
2025-04-10 00:00:00,GOOGL,13,-0.08333333333333333
2025-04-11 00:00:00,GOOGL,7,-0.20238095238095236
2025-04-12 00:00:00,GOOGL,2,0.0
2025-04-14 00:00:00,GOOGL,4,-0.16666666666666666
2025-04-15 00:00:00,GOOGL,5,-0.13333333333333333
2025-04-16 00:00:00,GOOGL,12,0.0
2025-04-17 00:00:00,GOOGL,11,0.030303030303030307
2025-04-18 00:00:00,GOOGL,2,0.0
2025-04-19 00:00:00,GOOGL,1,0.0
2025-04-21 00:00:00,GOOGL,12,0.016666666666666663
2025-04-22 00:00:00,GOOGL,11,-0.11818181818181818
2025-04-23 00:00:00,GOOGL,10,0.1
2025-04-24 00:00:00,GOOGL,22,0.053030303030303025
2025-04-25 00:00:00,GOOGL,28,0.16666666666666669
2025-04-28 00:00:00,GOOGL,7,-0.09523809523809523
2025-04-29 00:00:00,GOOGL,6,0.047619047619047616
2025-04-30 00:00:00,GOOGL,10,0.10666666666666666
2025-05-01 00:00:00,GOOGL,4,0.0
2025-05-02 00:00:00,GOOGL,5,0.1
2025-05-05 00:00:00,GOOGL,10,0.004166666666666674
2025-05-06 00:00:00,GOOGL,4,0.0
2025-05-07 00:00:00,GOOGL,13,-0.019230769230769232
2025-05-08 00:00:00,GOOGL,14,-0.05952380952380952
2025-05-09 00:00:00,GOOGL,12,-0.11805555555555554
2025-05-11 00:00:00,GOOGL,1,0.0
2025-05-12 00:00:00,GOOGL,11,-0.045454545454545456
2025-05-13 00:00:00,GOOGL,6,0.09523809523809523
2025-05-14 00:00:00,GOOGL,10,0.13999999999999999
2025-05-15 00:00:00,GOOGL,9,-0.07407407407407407
2025-05-16 00:00:00,GOOGL,11,0.07575757575757576
2025-05-18 00:00:00,GOOGL,3,0.16666666666666666
2025-05-19 00:00:00,GOOGL,7,0.14285714285714285
2025-05-20 00:00:00,GOOGL,18,0.027777777777777776
2025-05-21 00:00:00,GOOGL,17,-0.019607843137254905
2025-05-22 00:00:00,GOOGL,16,0.015625
2025-05-23 00:00:00,GOOGL,8,-0.14583333333333331
2025-05-24 00:00:00,GOOGL,3,-0.16666666666666666
2025-05-25 00:00:00,GOOGL,2,-0.25
2025-05-26 00:00:00,GOOGL,4,-0.1875
2025-05-27 00:00:00,GOOGL,7,0.09523809523809523
2025-05-28 00:00:00,GOOGL,10,0.1
2025-05-29 00:00:00,GOOGL,7,0.01428571428571429
2025-05-30 00:00:00,GOOGL,6,0.15277777777777776
2025-05-31 00:00:00,GOOGL,2,-0.4
2025-06-02 00:00:00,GOOGL,14,0.047619047619047616
2025-06-03 00:00:00,GOOGL,21,0.0634920634920635
2025-06-04 00:00:00,GOOGL,8,0.05208333333333333
2025-06-05 00:00:00,GOOGL,7,0.0
2025-06-06 00:00:00,GOOGL,3,0.25
2025-06-07 00:00:00,GOOGL,2,0.0
2025-06-09 00:00:00,GOOGL,6,0.0
2025-06-10 00:00:00,GOOGL,14,0.08333333333333333
2025-06-11 00:00:00,GOOGL,15,-0.060000000000000005
2025-06-12 00:00:00,GOOGL,16,-0.005208333333333336
2025-06-13 00:00:00,GOOGL,6,0.0
2025-06-14 00:00:00,GOOGL,1,0.0
2025-06-16 00:00:00,GOOGL,12,0.09722222222222221
2025-06-17 00:00:00,GOOGL,12,0.15277777777777776
2025-06-18 00:00:00,GOOGL,11,0.09090909090909091
2025-06-19 00:00:00,GOOGL,7,-0.16666666666666666
2025-06-20 00:00:00,GOOGL,6,0.0
2025-06-21 00:00:00,GOOGL,3,-0.08333333333333333
2025-06-22 00:00:00,GOOGL,1,0.0
2025-06-23 00:00:00,GOOGL,12,-0.013888888888888886
2025-06-24 00:00:00,GOOGL,8,0.20833333333333331
2025-06-25 00:00:00,GOOGL,10,0.14166666666666666
2025-06-26 00:00:00,GOOGL,9,0.08888888888888889
2025-06-27 00:00:00,GOOGL,14,0.15646258503401358
2025-06-28 00:00:00,GOOGL,3,0.0
2025-06-29 00:00:00,GOOGL,2,0.25
2025-06-30 00:00:00,GOOGL,8,0.03125
2025-07-01 00:00:00,GOOGL,11,-0.045454545454545456
2025-07-02 00:00:00,GOOGL,8,0.125
2025-07-03 00:00:00,GOOGL,4,0.3333333333333333
2025-07-04 00:00:00,GOOGL,6,0.041666666666666664
2025-07-05 00:00:00,GOOGL,1,0.0
2025-07-06 00:00:00,GOOGL,1,0.75
2025-07-07 00:00:00,GOOGL,12,-0.041666666666666664
2025-07-08 00:00:00,GOOGL,14,0.19047619047619047
2025-07-09 00:00:00,GOOGL,15,0.10333333333333333
2025-07-10 00:00:00,GOOGL,11,0.18181818181818182
2025-07-11 00:00:00,GOOGL,8,0.037500000000000006
2025-07-12 00:00:00,GOOGL,2,0.5
2025-07-13 00:00:00,GOOGL,1,0.0
2025-07-14 00:00:00,GOOGL,9,0.18518518518518517
2025-07-15 00:00:00,GOOGL,13,0.0282051282051282
2025-07-16 00:00:00,GOOGL,12,0.2569444444444444
2025-07-17 00:00:00,GOOGL,12,0.14583333333333334
2025-07-18 00:00:00,GOOGL,10,0.24166666666666664
2025-07-19 00:00:00,GOOGL,1,0.5
2025-07-21 00:00:00,GOOGL,20,-0.09166666666666666
2025-07-22 00:00:00,GOOGL,22,0.07575757575757575
2025-07-23 00:00:00,GOOGL,20,0.21202380952380953
2025-07-24 00:00:00,GOOGL,37,0.33783783783783783
2025-07-25 00:00:00,GOOGL,15,-0.06333333333333332
2025-07-26 00:00:00,GOOGL,2,-0.08333333333333331
2025-07-27 00:00:00,GOOGL,2,-0.375
2025-07-28 00:00:00,GOOGL,11,-0.015151515151515148
2025-07-29 00:00:00,GOOGL,11,-0.08333333333333333
2025-07-30 00:00:00,GOOGL,14,-0.07142857142857142
2025-07-31 00:00:00,GOOGL,19,0.18333333333333335
2025-08-01 00:00:00,GOOGL,8,0.06875
2025-08-02 00:00:00,GOOGL,2,0.25
2025-08-03 00:00:00,GOOGL,1,0.0
2025-08-04 00:00:00,GOOGL,9,0.1111111111111111
2025-08-05 00:00:00,GOOGL,10,0.22976190476190475
2025-08-06 00:00:00,GOOGL,6,0.15555555555555556
2025-08-07 00:00:00,GOOGL,8,-0.11458333333333333
2025-08-08 00:00:00,GOOGL,5,-0.05
2025-08-09 00:00:00,GOOGL,3,-0.5
2025-08-10 00:00:00,GOOGL,1,-0.25
2025-08-11 00:00:00,GOOGL,8,0.2875
2025-08-12 00:00:00,GOOGL,13,0.10256410256410257
2025-08-13 00:00:00,GOOGL,13,0.03571428571428571
2025-08-14 00:00:00,GOOGL,13,0.07692307692307693
2025-08-15 00:00:00,GOOGL,7,-0.10714285714285714
2025-08-16 00:00:00,GOOGL,1,0.0
2025-08-17 00:00:00,GOOGL,2,0.25
2025-08-18 00:00:00,GOOGL,9,0.0925925925925926
2025-08-19 00:00:00,GOOGL,13,-0.038461538461538464
2025-08-20 00:00:00,GOOGL,12,0.23611111111111113
2025-08-21 00:00:00,GOOGL,18,-0.013888888888888888
2025-08-22 00:00:00,GOOGL,10,0.075
2025-08-23 00:00:00,GOOGL,2,0.0
2025-08-24 00:00:00,GOOGL,1,0.0
2025-08-25 00:00:00,GOOGL,15,0.04444444444444444
2025-08-26 00:00:00,GOOGL,14,-0.023809523809523805
2025-08-27 00:00:00,GOOGL,12,0.08333333333333333
2025-08-28 00:00:00,GOOGL,13,0.07692307692307693
2025-08-29 00:00:00,GOOGL,8,-0.04166666666666666
2025-08-30 00:00:00,GOOGL,2,0.3333333333333333
2025-08-31 00:00:00,GOOGL,1,0.75
2025-09-01 00:00:00,GOOGL,4,-0.16666666666666666
2025-09-02 00:00:00,GOOGL,15,-0.07777777777777777
2025-09-03 00:00:00,GOOGL,38,0.2192982456140351
2025-09-04 00:00:00,GOOGL,18,0.09166666666666666
2025-09-05 00:00:00,GOOGL,27,0.16419753086419753
2025-09-06 00:00:00,GOOGL,3,-0.055555555555555546
2025-09-07 00:00:00,GOOGL,2,0.0
2025-09-08 00:00:00,GOOGL,20,0.13333333333333333
2025-09-09 00:00:00,GOOGL,14,0.15476190476190474
2025-09-10 00:00:00,GOOGL,18,0.2222222222222222
2025-09-11 00:00:00,GOOGL,10,0.23333333333333334
2025-09-12 00:00:00,GOOGL,12,0.0625
2025-09-14 00:00:00,GOOGL,2,-0.125
2025-09-15 00:00:00,GOOGL,11,0.19772727272727272
2025-09-16 00:00:00,GOOGL,12,0.1638888888888889
2025-09-17 00:00:00,GOOGL,15,0.0
2025-09-18 00:00:00,GOOGL,17,-0.013725490196078428
2025-09-19 00:00:00,GOOGL,7,0.11904761904761904
2025-09-20 00:00:00,GOOGL,3,-0.055555555555555546
2025-09-21 00:00:00,GOOGL,7,0.05952380952380952
2025-09-22 00:00:00,GOOGL,11,0.17424242424242423
2025-09-23 00:00:00,GOOGL,9,-0.1111111111111111
2025-09-24 00:00:00,GOOGL,12,0.02777777777777778
2025-09-25 00:00:00,GOOGL,15,0.05
2025-09-26 00:00:00,GOOGL,12,0.0069444444444444475
2025-09-27 00:00:00,GOOGL,1,0.0
2025-09-28 00:00:00,GOOGL,2,0.5833333333333333
2025-09-29 00:00:00,GOOGL,8,0.16666666666666666
2025-09-30 00:00:00,GOOGL,8,0.20833333333333331
2025-10-01 00:00:00,GOOGL,10,-0.05
2025-10-02 00:00:00,GOOGL,10,0.19166666666666665
2025-10-03 00:00:00,GOOGL,12,0.1597222222222222
2025-10-04 00:00:00,GOOGL,2,-0.25
2025-10-05 00:00:00,GOOGL,2,0.375
2025-10-06 00:00:00,GOOGL,9,-0.2037037037037037
2025-10-07 00:00:00,GOOGL,13,-0.012820512820512818
2025-10-08 00:00:00,GOOGL,12,0.2847222222222222
2025-10-09 00:00:00,GOOGL,17,0.0980392156862745
2025-10-10 00:00:00,GOOGL,9,-0.044444444444444446
2025-10-11 00:00:00,GOOGL,2,0.0
2025-10-12 00:00:00,GOOGL,2,0.25
2025-10-13 00:00:00,GOOGL,7,0.0
2025-10-14 00:00:00,GOOGL,9,0.07407407407407407
2025-10-15 00:00:00,GOOGL,13,0.019230769230769232
2025-10-16 00:00:00,GOOGL,17,0.056862745098039215
2025-10-17 00:00:00,GOOGL,9,0.05555555555555555
2025-10-19 00:00:00,GOOGL,1,0.0
2025-10-20 00:00:00,GOOGL,9,0.2962962962962963
2025-10-21 00:00:00,GOOGL,10,-0.025
2025-10-22 00:00:00,GOOGL,13,0.1846153846153846
2025-10-23 00:00:00,GOOGL,13,0.05128205128205128
2025-10-24 00:00:00,GOOGL,10,0.016666666666666663
2025-10-25 00:00:00,GOOGL,3,0.0
2025-10-26 00:00:00,GOOGL,3,-0.16666666666666666
2025-10-27 00:00:00,GOOGL,21,0.21031746031746032
2025-10-28 00:00:00,GOOGL,14,0.13095238095238096
2025-10-29 00:00:00,GOOGL,16,0.171875
2025-10-30 00:00:00,GOOGL,41,0.3471544715447154
2025-10-31 00:00:00,GOOGL,7,-0.04761904761904762
2025-11-01 00:00:00,GOOGL,2,0.25
2025-11-02 00:00:00,GOOGL,4,0.2875
2025-11-03 00:00:00,GOOGL,6,0.08333333333333333
2025-11-04 00:00:00,GOOGL,12,-0.06805555555555555
2025-11-05 00:00:00,GOOGL,18,0.18518518518518517
2025-11-06 00:00:00,GOOGL,16,-0.010416666666666664
2025-11-07 00:00:00,GOOGL,9,-0.046296296296296294
2025-11-09 00:00:00,GOOGL,5,0.13333333333333333
2025-11-10 00:00:00,GOOGL,9,0.32037037037037036
2025-11-11 00:00:00,GOOGL,8,0.175
2025-11-12 00:00:00,GOOGL,12,-0.08333333333333333
2025-11-13 00:00:00,GOOGL,12,-0.013888888888888895
2025-11-14 00:00:00,GOOGL,20,0.004999999999999999
2025-11-15 00:00:00,GOOGL,1,0.0
2025-11-16 00:00:00,GOOGL,4,0.41666666666666663
2025-11-17 00:00:00,GOOGL,21,-0.0039682539682539646
2025-11-18 00:00:00,GOOGL,23,0.05072463768115942
2025-11-19 00:00:00,GOOGL,15,0.08333333333333333
2025-11-20 00:00:00,GOOGL,17,0.00588235294117647
2025-11-21 00:00:00,GOOGL,12,0.0
2025-11-22 00:00:00,GOOGL,3,-0.38888888888888884
2025-11-23 00:00:00,GOOGL,4,0.08333333333333334
2025-11-24 00:00:00,GOOGL,11,0.12121212121212123
2025-11-25 00:00:00,GOOGL,22,0.09393939393939393
2025-11-26 00:00:00,GOOGL,15,-0.05555555555555555
2025-11-27 00:00:00,GOOGL,4,-0.125
2025-11-28 00:00:00,GOOGL,6,0.027777777777777773
2025-11-29 00:00:00,GOOGL,4,0.0
2025-11-30 00:00:00,GOOGL,2,-0.125
2025-12-01 00:00:00,GOOGL,19,0.27631578947368424
2025-12-02 00:00:00,GOOGL,11,0.16363636363636364
2025-12-03 00:00:00,GOOGL,16,0.08333333333333333
2025-12-04 00:00:00,GOOGL,15,-0.03777777777777778
2025-12-05 00:00:00,GOOGL,12,0.125
2025-12-06 00:00:00,GOOGL,6,-0.1111111111111111
2025-12-07 00:00:00,GOOGL,5,-0.3833333333333333
2025-12-08 00:00:00,GOOGL,15,0.06666666666666667
2025-12-09 00:00:00,GOOGL,13,-0.012820512820512818
2025-12-10 00:00:00,GOOGL,21,0.017460317460317457
2025-12-11 00:00:00,GOOGL,19,-0.05263157894736842
2025-12-12 00:00:00,GOOGL,20,0.01666666666666667
2025-12-13 00:00:00,GOOGL,2,0.0
2025-12-14 00:00:00,GOOGL,8,-0.16666666666666666
2025-12-15 00:00:00,GOOGL,13,0.05128205128205128
2025-12-16 00:00:00,GOOGL,16,0.015625
2025-12-17 00:00:00,GOOGL,17,-0.058823529411764705
2025-12-18 00:00:00,GOOGL,13,-0.038461538461538464
2025-12-19 00:00:00,GOOGL,10,0.06666666666666667
2025-12-20 00:00:00,GOOGL,2,0.0
2025-12-21 00:00:00,GOOGL,4,-0.3125
2025-12-22 00:00:00,GOOGL,10,0.15
2025-12-23 00:00:00,GOOGL,13,-0.1282051282051282
2025-12-24 00:00:00,GOOGL,12,-0.03472222222222222
2025-12-25 00:00:00,GOOGL,2,0.25
2025-12-26 00:00:00,GOOGL,8,0.03125
2025-12-28 00:00:00,GOOGL,2,0.0
2025-12-29 00:00:00,GOOGL,4,-0.020833333333333343
2025-12-30 00:00:00,GOOGL,7,0.23809523809523808
2025-12-31 00:00:00,GOOGL,6,0.45555555555555555
2026-01-01 00:00:00,GOOGL,4,0.125
2026-01-02 00:00:00,GOOGL,12,0.08333333333333333
2026-01-03 00:00:00,GOOGL,2,0.375
2026-01-04 00:00:00,GOOGL,1,0.0
2026-01-05 00:00:00,GOOGL,13,0.06410256410256411
2026-01-06 00:00:00,GOOGL,8,0.125
2026-01-07 00:00:00,GOOGL,9,0.2833333333333333
2026-01-08 00:00:00,GOOGL,14,0.13095238095238096
2026-01-09 00:00:00,GOOGL,10,0.3
2026-01-10 00:00:00,GOOGL,3,0.055555555555555546
2026-01-11 00:00:00,GOOGL,7,-0.01190476190476191
2026-01-12 00:00:00,GOOGL,24,0.14583333333333334
2026-01-13 00:00:00,GOOGL,9,0.14814814814814817
2026-01-14 00:00:00,GOOGL,12,0.02777777777777778
2026-01-15 00:00:00,GOOGL,9,-0.1111111111111111
2026-01-16 00:00:00,GOOGL,13,0.09615384615384616
2026-01-17 00:00:00,GOOGL,2,0.25
2026-01-18 00:00:00,GOOGL,4,-0.3666666666666667
2026-01-19 00:00:00,GOOGL,5,0.2
2026-01-20 00:00:00,GOOGL,12,0.07083333333333333
2026-01-21 00:00:00,GOOGL,9,0.0
2026-01-22 00:00:00,GOOGL,16,0.234375
2026-01-23 00:00:00,GOOGL,13,0.0
2026-01-25 00:00:00,GOOGL,3,0.16666666666666666
2026-01-26 00:00:00,GOOGL,15,0.1111111111111111
2026-01-27 00:00:00,GOOGL,9,0.01666666666666667
2026-01-28 00:00:00,GOOGL,14,0.05714285714285715
2026-01-29 00:00:00,GOOGL,11,0.0
2026-01-30 00:00:00,GOOGL,8,0.010416666666666671
2026-01-31 00:00:00,GOOGL,3,0.08333333333333333
2026-02-01 00:00:00,GOOGL,5,-0.06571428571428573
2026-02-02 00:00:00,GOOGL,13,0.025641025641025644
2026-02-03 00:00:00,GOOGL,14,0.16666666666666666
2026-02-04 00:00:00,GOOGL,31,0.06989247311827956
2026-02-05 00:00:00,GOOGL,37,0.35180180180180176
2026-02-06 00:00:00,GOOGL,21,0.05158730158730159
2026-02-07 00:00:00,GOOGL,3,-0.2222222222222222
2026-02-08 00:00:00,GOOGL,3,0.16666666666666666
2026-02-09 00:00:00,GOOGL,20,0.025
2026-02-10 00:00:00,GOOGL,20,0.12916666666666665
2026-02-11 00:00:00,GOOGL,16,0.0625
2026-02-12 00:00:00,GOOGL,17,-0.07647058823529412
2026-02-13 00:00:00,GOOGL,11,0.17424242424242423
2026-02-14 00:00:00,GOOGL,2,0.0
2026-02-15 00:00:00,GOOGL,2,0.0
2026-02-16 00:00:00,GOOGL,5,0.16
2026-02-17 00:00:00,GOOGL,14,-0.03571428571428571
2026-02-18 00:00:00,GOOGL,19,-0.05639097744360902
2026-02-19 00:00:00,GOOGL,16,-0.010416666666666664
2026-02-20 00:00:00,GOOGL,11,0.0606060606060606
2026-02-21 00:00:00,GOOGL,2,0.06666666666666671
2026-02-22 00:00:00,GOOGL,1,0.6666666666666666
2026-02-23 00:00:00,GOOGL,11,0.0606060606060606
2026-02-24 00:00:00,GOOGL,14,0.07142857142857142
2026-02-25 00:00:00,GOOGL,17,0.08823529411764706
2026-02-26 00:00:00,GOOGL,21,0.030158730158730163
2026-02-27 00:00:00,GOOGL,17,0.0392156862745098
2026-02-28 00:00:00,GOOGL,3,-0.16666666666666666
2026-03-01 00:00:00,GOOGL,4,0.08333333333333334
2026-03-02 00:00:00,GOOGL,7,-0.10714285714285714
2026-03-03 00:00:00,GOOGL,10,0.20833333333333331
2026-03-04 00:00:00,GOOGL,13,0.04358974358974359
2026-03-05 00:00:00,GOOGL,11,0.07878787878787878
2026-03-06 00:00:00,GOOGL,13,0.019230769230769232
2026-03-07 00:00:00,GOOGL,3,-0.2222222222222222
2026-03-08 00:00:00,GOOGL,1,0.0
2026-03-09 00:00:00,GOOGL,14,0.005952380952380955
2026-03-10 00:00:00,GOOGL,21,0.0
2026-03-11 00:00:00,GOOGL,15,0.09111111111111111
2026-03-12 00:00:00,GOOGL,4,-0.07500000000000001
2026-03-13 00:00:00,GOOGL,9,-0.37037037037037035
2026-03-14 00:00:00,GOOGL,1,0.0
2026-03-15 00:00:00,GOOGL,2,0.0
2026-03-16 00:00:00,GOOGL,7,-0.03333333333333334
2026-03-17 00:00:00,GOOGL,11,0.09090909090909091
2026-03-18 00:00:00,GOOGL,13,0.038461538461538464
2026-03-19 00:00:00,GOOGL,14,-0.06547619047619048
2026-03-20 00:00:00,GOOGL,9,0.0
2026-03-22 00:00:00,GOOGL,2,0.0
2026-03-23 00:00:00,GOOGL,7,0.07142857142857142
2026-03-24 00:00:00,GOOGL,9,0.03703703703703704
2026-03-25 00:00:00,GOOGL,13,0.07692307692307693
2026-03-26 00:00:00,GOOGL,18,-0.027777777777777776
2026-03-27 00:00:00,GOOGL,16,-0.041666666666666664
2026-03-28 00:00:00,GOOGL,2,0.4
2026-03-29 00:00:00,GOOGL,1,-0.5
2026-03-30 00:00:00,GOOGL,11,0.09090909090909091
2026-03-31 00:00:00,GOOGL,13,0.009615384615384616
2026-04-01 00:00:00,GOOGL,13,-0.10256410256410256
2026-04-02 00:00:00,GOOGL,12,-0.20138888888888887
2026-04-03 00:00:00,GOOGL,3,0.16666666666666666
2026-04-05 00:00:00,GOOGL,1,0.6666666666666666
2026-04-06 00:00:00,GOOGL,7,0.07142857142857142
2026-04-07 00:00:00,GOOGL,12,0.1284722222222222
2026-04-08 00:00:00,GOOGL,20,0.22916666666666666
2026-04-09 00:00:00,GOOGL,13,0.26282051282051283
2026-04-10 00:00:00,GOOGL,15,0.13444444444444445
2026-04-11 00:00:00,GOOGL,2,0.0
2026-04-12 00:00:00,GOOGL,3,0.08333333333333333
2026-04-13 00:00:00,GOOGL,11,-0.015151515151515148
2026-04-14 00:00:00,GOOGL,22,0.13636363636363635
2026-04-15 00:00:00,GOOGL,15,0.2222222222222222
2026-04-16 00:00:00,GOOGL,18,0.061111111111111116
2026-04-17 00:00:00,GOOGL,11,0.07575757575757576
2026-04-18 00:00:00,GOOGL,1,0.0
2026-04-19 00:00:00,GOOGL,1,-0.4
2026-04-20 00:00:00,GOOGL,14,0.1369047619047619
2026-04-21 00:00:00,GOOGL,11,0.0606060606060606
2026-04-22 00:00:00,GOOGL,16,0.359375
2026-04-23 00:00:00,GOOGL,9,0.10185185185185185
2026-04-24 00:00:00,GOOGL,12,0.11805555555555557
2026-04-25 00:00:00,GOOGL,3,0.43333333333333335
2026-04-26 00:00:00,GOOGL,2,-0.3333333333333333
2026-04-27 00:00:00,GOOGL,17,0.16029411764705884
2026-04-28 00:00:00,GOOGL,14,-0.047619047619047616
2026-04-29 00:00:00,GOOGL,33,0.14898989898989898
2026-04-30 00:00:00,GOOGL,45,0.3333333333333333
2026-05-01 00:00:00,GOOGL,16,0.21875
2026-05-02 00:00:00,GOOGL,2,0.3333333333333333
2026-05-03 00:00:00,GOOGL,5,0.18
2026-05-04 00:00:00,GOOGL,21,0.10714285714285714
2026-05-05 00:00:00,GOOGL,25,0.016666666666666666
2026-05-06 00:00:00,GOOGL,12,-0.06944444444444445
2026-05-07 00:00:00,GOOGL,17,0.24019607843137253
2026-05-08 00:00:00,GOOGL,9,0.3074074074074074
2026-05-09 00:00:00,GOOGL,2,0.3333333333333333
2026-05-10 00:00:00,GOOGL,6,0.1388888888888889
2026-05-11 00:00:00,GOOGL,9,0.17592592592592593
2026-05-12 00:00:00,GOOGL,27,0.037037037037037035
2026-05-13 00:00:00,GOOGL,12,0.06944444444444443
2026-05-14 00:00:00,GOOGL,11,0.1787878787878788
2026-05-15 00:00:00,GOOGL,23,0.043478260869565216
2026-05-16 00:00:00,GOOGL,3,0.16666666666666666
2026-05-17 00:00:00,GOOGL,4,-0.3125
2026-05-18 00:00:00,GOOGL,21,-0.15079365079365079
2026-05-19 00:00:00,GOOGL,35,-0.14047619047619048
2026-05-20 00:00:00,GOOGL,29,0.06321839080459771
2026-05-21 00:00:00,GOOGL,17,-0.10294117647058823
2026-05-22 00:00:00,GOOGL,14,0.10714285714285714
2026-05-23 00:00:00,GOOGL,1,0.0
2026-05-24 00:00:00,GOOGL,2,0.25
2026-05-25 00:00:00,GOOGL,2,0.0
2026-05-26 00:00:00,GOOGL,6,0.15277777777777776
2026-05-27 00:00:00,GOOGL,5,0.18333333333333332
2026-05-28 00:00:00,GOOGL,15,0.05
2026-05-29 00:00:00,GOOGL,6,0.19444444444444442
2026-05-31 00:00:00,GOOGL,1,-0.5
2026-06-01 00:00:00,GOOGL,19,0.17543859649122806
2026-06-02 00:00:00,GOOGL,20,0.01666666666666667
2026-06-03 00:00:00,GOOGL,20,0.11333333333333333
2026-06-04 00:00:00,GOOGL,11,-0.07575757575757576
2026-06-05 00:00:00,GOOGL,14,-0.02380952380952381
2026-06-06 00:00:00,GOOGL,3,0.0
2026-06-07 00:00:00,GOOGL,3,-0.16666666666666666
2026-06-08 00:00:00,GOOGL,22,0.022727272727272728
2026-06-09 00:00:00,GOOGL,25,0.026666666666666665
2026-06-10 00:00:00,GOOGL,19,0.14035087719298245
2026-06-11 00:00:00,GOOGL,13,0.057692307692307696
2026-06-12 00:00:00,GOOGL,10,-0.025
2026-06-13 00:00:00,GOOGL,4,0.0
2026-06-14 00:00:00,GOOGL,5,-0.13333333333333333
2026-06-15 00:00:00,GOOGL,14,0.07142857142857142
2026-06-16 00:00:00,GOOGL,12,0.0625
2026-06-17 00:00:00,GOOGL,16,0.07708333333333334
2026-06-18 00:00:00,GOOGL,13,-0.0641025641025641
2026-06-19 00:00:00,GOOGL,3,0.0
2026-06-20 00:00:00,GOOGL,2,0.25
2026-06-21 00:00:00,GOOGL,3,-0.25
2026-06-22 00:00:00,GOOGL,20,-0.029166666666666667
2026-06-23 00:00:00,GOOGL,14,-0.047619047619047616
2026-06-24 00:00:00,GOOGL,19,-0.11403508771929824
2026-06-25 00:00:00,GOOGL,17,-0.019607843137254905
2026-06-26 00:00:00,GOOGL,7,-0.16666666666666666
2026-06-27 00:00:00,GOOGL,1,-0.6666666666666666
2026-06-28 00:00:00,GOOGL,2,0.375
2026-06-29 00:00:00,GOOGL,13,0.07051282051282051
2026-06-30 00:00:00,GOOGL,19,-0.039473684210526314
2026-07-01 00:00:00,GOOGL,21,0.11904761904761904
2024-08-02 00:00:00,HUBB,2,0.0
2024-08-22 00:00:00,HUBB,1,0.0
2024-09-06 00:00:00,HUBB,5,0.2333333333333333
2024-10-02 00:00:00,HUBB,1,0.5
2024-10-07 00:00:00,HUBB,1,0.5
2024-10-10 00:00:00,HUBB,2,0.0
2024-10-17 00:00:00,HUBB,1,0.6666666666666666
2024-10-25 00:00:00,HUBB,1,0.0
2024-10-28 00:00:00,HUBB,1,0.0
2024-10-29 00:00:00,HUBB,3,0.38888888888888884
2024-10-30 00:00:00,HUBB,3,0.5
2024-11-05 00:00:00,HUBB,2,0.25
2024-11-26 00:00:00,HUBB,4,0.0
2024-12-05 00:00:00,HUBB,2,0.25
2025-01-07 00:00:00,HUBB,1,0.0
2025-01-20 00:00:00,HUBB,1,0.0
2025-02-04 00:00:00,HUBB,4,0.29166666666666663
2025-02-12 00:00:00,HUBB,1,0.0
2025-02-13 00:00:00,HUBB,1,0.0
2025-03-03 00:00:00,HUBB,1,0.0
2025-03-26 00:00:00,HUBB,1,0.0
2025-04-08 00:00:00,HUBB,1,0.0
2025-05-01 00:00:00,HUBB,4,-0.04166666666666666
2025-05-16 00:00:00,HUBB,1,0.5
2025-06-09 00:00:00,HUBB,2,0.25
2025-07-01 00:00:00,HUBB,1,0.5
2025-07-09 00:00:00,HUBB,1,0.5
2025-07-28 00:00:00,HUBB,1,0.0
2025-07-29 00:00:00,HUBB,6,0.16666666666666666
2025-07-30 00:00:00,HUBB,2,0.25
2025-08-01 00:00:00,HUBB,2,0.25
2025-08-12 00:00:00,HUBB,2,0.25
2025-08-21 00:00:00,HUBB,1,0.0
2025-09-02 00:00:00,HUBB,2,0.3333333333333333
2025-09-08 00:00:00,HUBB,1,0.0
2025-09-10 00:00:00,HUBB,1,0.0
2025-09-11 00:00:00,HUBB,1,0.0
2025-09-12 00:00:00,HUBB,1,0.0
2025-09-15 00:00:00,HUBB,1,0.0
2025-10-10 00:00:00,HUBB,1,0.0
2025-10-15 00:00:00,HUBB,2,0.25
2025-10-17 00:00:00,HUBB,1,0.6666666666666666
2025-10-27 00:00:00,HUBB,1,0.0
2025-10-28 00:00:00,HUBB,5,0.15
2025-10-29 00:00:00,HUBB,2,0.5
2025-11-04 00:00:00,HUBB,2,0.4
2025-11-20 00:00:00,HUBB,1,0.0
2025-11-27 00:00:00,HUBB,1,0.0
2025-12-15 00:00:00,HUBB,1,0.5
2026-01-05 00:00:00,HUBB,1,0.6666666666666666
2026-01-07 00:00:00,HUBB,2,0.5
2026-02-03 00:00:00,HUBB,14,0.09523809523809523
2026-02-04 00:00:00,HUBB,5,0.4333333333333333
2026-02-26 00:00:00,HUBB,1,0.0
2026-03-11 00:00:00,HUBB,1,0.5
2026-04-01 00:00:00,HUBB,1,0.0
2026-04-30 00:00:00,HUBB,5,0.36666666666666664
2026-05-01 00:00:00,HUBB,1,0.5
2026-05-04 00:00:00,HUBB,4,0.375
2026-05-06 00:00:00,HUBB,1,0.0
2026-05-21 00:00:00,HUBB,2,0.0
2026-06-09 00:00:00,HUBB,1,0.0
2026-07-01 00:00:00,HUBB,1,0.0
2026-07-08 00:00:00,HUBB,1,0.0
2026-07-28 00:00:00,HUBB,3,0.4444444444444444
2026-08-06 00:00:00,HUBB,1,0.0
2026-08-21 00:00:00,HUBB,3,0.38888888888888884
2024-09-05 00:00:00,JEPI,1,0.0
2024-10-02 00:00:00,JEPI,1,0.5
2024-10-15 00:00:00,JEPI,1,0.0
2024-10-24 00:00:00,JEPI,1,-0.75
2024-12-18 00:00:00,JEPI,1,0.5
2025-01-08 00:00:00,JEPI,1,0.5
2025-02-14 00:00:00,JEPI,1,0.5
2025-03-06 00:00:00,JEPI,1,0.0
2025-05-21 00:00:00,JEPI,1,0.0
2025-08-20 00:00:00,JEPI,1,0.5
2025-08-25 00:00:00,JEPI,1,0.0
2025-08-26 00:00:00,JEPI,1,0.0
2025-10-14 00:00:00,JEPI,1,0.0
2025-10-15 00:00:00,JEPI,1,0.5
2025-11-13 00:00:00,JEPI,1,0.0
2025-11-25 00:00:00,JEPI,1,0.0
2026-01-30 00:00:00,JEPI,1,0.0
2026-02-27 00:00:00,JEPI,1,0.0
2026-03-09 00:00:00,JEPI,1,0.0
2026-03-20 00:00:00,JEPI,1,0.5
2026-04-13 00:00:00,JEPI,1,0.5
2026-04-20 00:00:00,JEPI,1,0.0
2026-04-24 00:00:00,JEPI,1,0.0
2026-05-07 00:00:00,JEPI,1,-0.5
2026-05-31 00:00:00,JEPI,1,0.5
2026-06-18 00:00:00,JEPI,1,0.0
2026-06-30 00:00:00,JEPI,1,0.5
2026-07-08 00:00:00,JEPI,1,0.4
2026-07-16 00:00:00,JEPI,1,0.5
2026-08-02 00:00:00,JEPI,1,0.6666666666666666
2022-10-12 00:00:00,META,1,0.0
2024-08-01 00:00:00,META,51,0.3787581699346405
2024-08-02 00:00:00,META,14,-0.14404761904761904
2024-08-03 00:00:00,META,3,-0.25
2024-08-04 00:00:00,META,3,-0.38888888888888884
2024-08-05 00:00:00,META,9,-0.16666666666666666
2024-08-06 00:00:00,META,8,-0.020833333333333332
2024-08-07 00:00:00,META,5,0.2333333333333333
2024-08-08 00:00:00,META,10,0.29166666666666663
2024-08-09 00:00:00,META,8,0.08333333333333333
2024-08-10 00:00:00,META,2,-0.25
2024-08-11 00:00:00,META,1,0.25
2024-08-12 00:00:00,META,7,-0.17857142857142858
2024-08-13 00:00:00,META,7,-0.03571428571428571
2024-08-14 00:00:00,META,7,0.21428571428571427
2024-08-15 00:00:00,META,7,0.14285714285714285
2024-08-16 00:00:00,META,5,0.0
2024-08-18 00:00:00,META,1,0.0
2024-08-19 00:00:00,META,3,0.2222222222222222
2024-08-20 00:00:00,META,6,0.08333333333333333
2024-08-21 00:00:00,META,6,0.027777777777777773
2024-08-22 00:00:00,META,5,0.25
2024-08-23 00:00:00,META,7,-0.14285714285714285
2024-08-24 00:00:00,META,2,0.25
2024-08-26 00:00:00,META,7,0.14285714285714285
2024-08-27 00:00:00,META,5,0.2
2024-08-28 00:00:00,META,10,0.15
2024-08-29 00:00:00,META,5,0.0
2024-08-30 00:00:00,META,6,0.0
2024-08-31 00:00:00,META,2,0.0
2024-09-02 00:00:00,META,2,-0.3333333333333333
2024-09-03 00:00:00,META,4,0.125
2024-09-04 00:00:00,META,7,0.07142857142857142
2024-09-05 00:00:00,META,5,0.1
2024-09-06 00:00:00,META,9,0.08888888888888889
2024-09-08 00:00:00,META,1,0.0
2024-09-09 00:00:00,META,3,0.0
2024-09-10 00:00:00,META,6,-0.027777777777777773
2024-09-11 00:00:00,META,5,0.2333333333333333
2024-09-12 00:00:00,META,4,-0.04166666666666666
2024-09-13 00:00:00,META,8,0.23958333333333331
2024-09-15 00:00:00,META,1,0.0
2024-09-16 00:00:00,META,4,0.125
2024-09-17 00:00:00,META,6,0.027777777777777773
2024-09-18 00:00:00,META,5,-0.13333333333333333
2024-09-19 00:00:00,META,6,0.047619047619047616
2024-09-20 00:00:00,META,3,0.16666666666666666
2024-09-23 00:00:00,META,7,0.21428571428571427
2024-09-24 00:00:00,META,7,0.2738095238095238
2024-09-25 00:00:00,META,22,0.05757575757575757
2024-09-26 00:00:00,META,16,0.2708333333333333
2024-09-27 00:00:00,META,8,0.09375
2024-09-28 00:00:00,META,2,0.08333333333333331
2024-09-29 00:00:00,META,1,0.4
2024-09-30 00:00:00,META,11,0.015151515151515148
2024-10-01 00:00:00,META,8,0.15625
2024-10-02 00:00:00,META,10,0.08
2024-10-03 00:00:00,META,7,0.0
2024-10-04 00:00:00,META,15,0.16444444444444445
2024-10-06 00:00:00,META,1,-0.5
2024-10-07 00:00:00,META,10,0.058333333333333334
2024-10-08 00:00:00,META,10,0.075
2024-10-09 00:00:00,META,11,0.18181818181818182
2024-10-10 00:00:00,META,7,0.3333333333333333
2024-10-11 00:00:00,META,6,0.25
2024-10-12 00:00:00,META,1,0.0
2024-10-14 00:00:00,META,9,0.2962962962962963
2024-10-15 00:00:00,META,5,-0.1
2024-10-16 00:00:00,META,6,0.08333333333333333
2024-10-17 00:00:00,META,11,0.12121212121212123
2024-10-18 00:00:00,META,7,0.07142857142857142
2024-10-20 00:00:00,META,1,0.0
2024-10-21 00:00:00,META,7,0.5119047619047619
2024-10-22 00:00:00,META,8,0.125
2024-10-23 00:00:00,META,7,-0.04761904761904762
2024-10-24 00:00:00,META,3,0.3333333333333333
2024-10-25 00:00:00,META,9,0.287037037037037
2024-10-26 00:00:00,META,2,0.0
2024-10-27 00:00:00,META,1,0.75
2024-10-28 00:00:00,META,9,0.14814814814814814
2024-10-29 00:00:00,META,10,0.21666666666666665
2024-10-30 00:00:00,META,26,0.1291208791208791
2024-10-31 00:00:00,META,35,0.22476190476190475
2024-11-01 00:00:00,META,9,-0.044444444444444446
2024-11-04 00:00:00,META,13,-0.08974358974358973
2024-11-05 00:00:00,META,13,0.15384615384615385
2024-11-06 00:00:00,META,6,0.25
2024-11-07 00:00:00,META,8,0.23958333333333331
2024-11-08 00:00:00,META,6,0.20833333333333334
2024-11-09 00:00:00,META,2,0.25
2024-11-10 00:00:00,META,1,0.0
2024-11-11 00:00:00,META,6,-0.027777777777777773
2024-11-12 00:00:00,META,10,0.18333333333333332
2024-11-13 00:00:00,META,5,0.13333333333333333
2024-11-14 00:00:00,META,12,-0.041666666666666664
2024-11-15 00:00:00,META,10,0.05
2024-11-16 00:00:00,META,2,-0.25
2024-11-18 00:00:00,META,10,-0.05
2024-11-19 00:00:00,META,13,-0.021978021978021976
2024-11-20 00:00:00,META,7,0.07142857142857142
2024-11-21 00:00:00,META,5,0.05
2024-11-22 00:00:00,META,11,-0.11742424242424242
2024-11-23 00:00:00,META,1,-0.6666666666666666
2024-11-25 00:00:00,META,10,0.03333333333333334
2024-11-26 00:00:00,META,3,0.08333333333333333
2024-11-27 00:00:00,META,7,0.0
2024-11-28 00:00:00,META,3,-0.25
2024-11-29 00:00:00,META,5,-0.1
2024-11-30 00:00:00,META,2,0.08333333333333331
2024-12-02 00:00:00,META,6,0.3333333333333333
2024-12-03 00:00:00,META,6,0.0
2024-12-04 00:00:00,META,10,0.05
2024-12-05 00:00:00,META,6,0.027777777777777773
2024-12-06 00:00:00,META,12,0.0625
2024-12-07 00:00:00,META,2,0.25
2024-12-08 00:00:00,META,2,0.5833333333333333
2024-12-09 00:00:00,META,6,0.022222222222222237
2024-12-10 00:00:00,META,6,-0.08333333333333333
2024-12-11 00:00:00,META,10,-0.05
2024-12-12 00:00:00,META,13,0.17948717948717946
2024-12-13 00:00:00,META,9,0.11574074074074073
2024-12-14 00:00:00,META,3,-0.2222222222222222
2024-12-15 00:00:00,META,2,-0.08333333333333331
2024-12-16 00:00:00,META,11,0.022727272727272728
2024-12-17 00:00:00,META,12,-0.041666666666666664
2024-12-18 00:00:00,META,10,0.11666666666666665
2024-12-19 00:00:00,META,6,-0.23611111111111108
2024-12-20 00:00:00,META,10,0.11666666666666665
2024-12-22 00:00:00,META,2,0.08333333333333331
2024-12-23 00:00:00,META,10,0.2333333333333333
2024-12-24 00:00:00,META,2,0.0
2024-12-25 00:00:00,META,2,0.0
2024-12-26 00:00:00,META,4,-0.125
2024-12-27 00:00:00,META,3,-0.16666666666666666
2024-12-28 00:00:00,META,2,-0.25
2024-12-29 00:00:00,META,2,0.0
2024-12-30 00:00:00,META,5,-0.1
2024-12-31 00:00:00,META,8,-0.14583333333333331
2025-01-01 00:00:00,META,1,0.0
2025-01-02 00:00:00,META,12,0.24305555555555555
2025-01-03 00:00:00,META,5,0.2333333333333333
2025-01-04 00:00:00,META,2,0.0
2025-01-06 00:00:00,META,6,0.19444444444444442
2025-01-07 00:00:00,META,16,0.02291666666666666
2025-01-08 00:00:00,META,10,-0.008333333333333337
2025-01-09 00:00:00,META,5,0.1
2025-01-10 00:00:00,META,11,0.09090909090909091
2025-01-11 00:00:00,META,4,-0.16666666666666666
2025-01-12 00:00:00,META,1,0.0
2025-01-13 00:00:00,META,11,0.08333333333333333
2025-01-14 00:00:00,META,14,-0.10714285714285714
2025-01-15 00:00:00,META,7,-0.16666666666666666
2025-01-16 00:00:00,META,13,0.08974358974358973
2025-01-17 00:00:00,META,15,-0.11666666666666667
2025-01-18 00:00:00,META,4,0.29166666666666663
2025-01-19 00:00:00,META,3,-0.38888888888888884
2025-01-20 00:00:00,META,5,0.1
2025-01-21 00:00:00,META,7,0.09523809523809523
2025-01-22 00:00:00,META,7,0.32857142857142857
2025-01-23 00:00:00,META,11,0.10606060606060605
2025-01-24 00:00:00,META,10,0.05
2025-01-25 00:00:00,META,5,0.0
2025-01-26 00:00:00,META,1,0.5
2025-01-27 00:00:00,META,22,-0.045454545454545456
2025-01-28 00:00:00,META,22,-0.0856060606060606
2025-01-29 00:00:00,META,25,0.08761904761904762
2025-01-30 00:00:00,META,42,0.3246031746031746
2025-01-31 00:00:00,META,10,0.008333333333333337
2025-02-02 00:00:00,META,1,-0.25
2025-02-03 00:00:00,META,10,0.05500000000000001
2025-02-04 00:00:00,META,8,-0.08333333333333333
2025-02-05 00:00:00,META,7,-0.05952380952380952
2025-02-06 00:00:00,META,7,0.2261904761904762
2025-02-07 00:00:00,META,12,0.12916666666666668
2025-02-08 00:00:00,META,1,-0.6666666666666666
2025-02-09 00:00:00,META,1,0.25
2025-02-10 00:00:00,META,12,0.09027777777777778
2025-02-11 00:00:00,META,9,0.2037037037037037
2025-02-12 00:00:00,META,7,0.21428571428571427
2025-02-13 00:00:00,META,10,-0.016666666666666663
2025-02-14 00:00:00,META,12,0.16666666666666666
2025-02-15 00:00:00,META,3,0.16666666666666666
2025-02-16 00:00:00,META,2,0.0
2025-02-17 00:00:00,META,6,0.0
2025-02-18 00:00:00,META,10,0.11333333333333333
2025-02-19 00:00:00,META,8,0.04166666666666667
2025-02-20 00:00:00,META,5,-0.016666666666666673
2025-02-21 00:00:00,META,7,-0.09523809523809523
2025-02-22 00:00:00,META,1,-0.5
2025-02-23 00:00:00,META,1,0.0
2025-02-24 00:00:00,META,9,0.12962962962962962
2025-02-25 00:00:00,META,3,0.2222222222222222
2025-02-26 00:00:00,META,4,-0.16666666666666666
2025-02-27 00:00:00,META,5,0.1
2025-02-28 00:00:00,META,5,0.15
2025-03-02 00:00:00,META,2,0.0
2025-03-03 00:00:00,META,4,-0.29166666666666663
2025-03-04 00:00:00,META,5,0.2333333333333333
2025-03-05 00:00:00,META,6,-0.20833333333333334
2025-03-06 00:00:00,META,5,0.1
2025-03-07 00:00:00,META,5,-0.05
2025-03-08 00:00:00,META,4,-0.125
2025-03-09 00:00:00,META,1,0.0
2025-03-10 00:00:00,META,7,-0.3523809523809524
2025-03-11 00:00:00,META,13,-0.10769230769230768
2025-03-12 00:00:00,META,11,0.1515151515151515
2025-03-13 00:00:00,META,6,0.08333333333333333
2025-03-14 00:00:00,META,6,0.0
2025-03-16 00:00:00,META,1,-0.8
2025-03-17 00:00:00,META,7,0.021428571428571432
2025-03-18 00:00:00,META,9,0.0
2025-03-19 00:00:00,META,6,0.1111111111111111
2025-03-20 00:00:00,META,4,-0.25
2025-03-21 00:00:00,META,8,-0.03125
2025-03-22 00:00:00,META,3,-0.16666666666666666
2025-03-23 00:00:00,META,1,-0.75
2025-03-24 00:00:00,META,9,0.027777777777777776
2025-03-25 00:00:00,META,9,0.10185185185185185
2025-03-26 00:00:00,META,4,-0.16666666666666666
2025-03-27 00:00:00,META,4,-0.1875
2025-03-28 00:00:00,META,8,0.0
2025-03-29 00:00:00,META,1,0.0
2025-03-31 00:00:00,META,5,-0.1
2025-04-01 00:00:00,META,9,-0.13756613756613756
2025-04-02 00:00:00,META,14,-0.11904761904761904
2025-04-03 00:00:00,META,9,-0.35185185185185186
2025-04-04 00:00:00,META,11,-0.1787878787878788
2025-04-05 00:00:00,META,1,-0.6666666666666666
2025-04-06 00:00:00,META,2,-0.6666666666666666
2025-04-07 00:00:00,META,15,-0.23777777777777775
2025-04-08 00:00:00,META,7,-0.33095238095238094
2025-04-09 00:00:00,META,11,-0.0606060606060606
2025-04-10 00:00:00,META,12,-0.09375
2025-04-11 00:00:00,META,13,-0.30128205128205127
2025-04-12 00:00:00,META,1,-0.5
2025-04-13 00:00:00,META,1,-0.5
2025-04-14 00:00:00,META,18,-0.07870370370370369
2025-04-15 00:00:00,META,8,0.08333333333333333
2025-04-16 00:00:00,META,14,0.0
2025-04-17 00:00:00,META,13,0.1217948717948718
2025-04-18 00:00:00,META,1,0.5
2025-04-19 00:00:00,META,3,-0.2222222222222222
2025-04-20 00:00:00,META,2,-0.3333333333333333
2025-04-21 00:00:00,META,7,-0.1142857142857143
2025-04-22 00:00:00,META,10,-0.025
2025-04-23 00:00:00,META,10,-0.175
2025-04-24 00:00:00,META,6,-0.2916666666666667
2025-04-25 00:00:00,META,7,-0.09523809523809523
2025-04-26 00:00:00,META,2,0.0
2025-04-27 00:00:00,META,1,-0.6666666666666666
2025-04-28 00:00:00,META,8,-0.13020833333333331
2025-04-29 00:00:00,META,13,-0.0064102564102564135
2025-04-30 00:00:00,META,24,0.05833333333333333
2025-05-01 00:00:00,META,37,0.2545045045045045
2025-05-02 00:00:00,META,12,0.125
2025-05-03 00:00:00,META,1,0.0
2025-05-04 00:00:00,META,2,-0.2
2025-05-05 00:00:00,META,5,0.03333333333333333
2025-05-06 00:00:00,META,5,0.033333333333333326
2025-05-07 00:00:00,META,8,0.0625
2025-05-08 00:00:00,META,1,0.0
2025-05-09 00:00:00,META,6,-0.1111111111111111
2025-05-11 00:00:00,META,1,0.5
2025-05-12 00:00:00,META,6,-0.16666666666666666
2025-05-13 00:00:00,META,6,0.16666666666666666
2025-05-14 00:00:00,META,5,-0.019999999999999997
2025-05-15 00:00:00,META,5,-0.25
2025-05-16 00:00:00,META,16,-0.11979166666666666
2025-05-18 00:00:00,META,3,0.16666666666666666
2025-05-19 00:00:00,META,5,0.1
2025-05-20 00:00:00,META,7,0.10714285714285714
2025-05-21 00:00:00,META,4,0.0
2025-05-22 00:00:00,META,9,0.1111111111111111
2025-05-23 00:00:00,META,7,-0.07142857142857142
2025-05-24 00:00:00,META,1,0.0
2025-05-25 00:00:00,META,1,-0.8
2025-05-26 00:00:00,META,1,0.0
2025-05-27 00:00:00,META,4,-0.125
2025-05-28 00:00:00,META,9,0.05555555555555555
2025-05-29 00:00:00,META,6,0.1111111111111111
2025-05-30 00:00:00,META,11,0.10606060606060605
2025-05-31 00:00:00,META,1,-0.8
2025-06-01 00:00:00,META,1,-0.5
2025-06-02 00:00:00,META,8,0.0625
2025-06-03 00:00:00,META,14,0.21428571428571427
2025-06-04 00:00:00,META,7,0.16666666666666666
2025-06-05 00:00:00,META,7,-0.07142857142857142
2025-06-06 00:00:00,META,4,0.3125
2025-06-07 00:00:00,META,1,0.0
2025-06-08 00:00:00,META,1,0.3
2025-06-09 00:00:00,META,6,0.16666666666666666
2025-06-10 00:00:00,META,8,0.1
2025-06-11 00:00:00,META,13,0.038461538461538464
2025-06-12 00:00:00,META,9,0.07407407407407407
2025-06-13 00:00:00,META,11,0.10606060606060605
2025-06-15 00:00:00,META,2,0.0
2025-06-16 00:00:00,META,7,0.09523809523809523
2025-06-17 00:00:00,META,18,0.07407407407407407
2025-06-18 00:00:00,META,17,0.17647058823529413
2025-06-19 00:00:00,META,7,0.0
2025-06-20 00:00:00,META,9,0.14444444444444446
2025-06-21 00:00:00,META,3,0.0
2025-06-22 00:00:00,META,2,0.0
2025-06-23 00:00:00,META,8,-0.02083333333333333
2025-06-24 00:00:00,META,16,-0.005208333333333336
2025-06-25 00:00:00,META,7,0.16666666666666666
2025-06-26 00:00:00,META,14,-0.0642857142857143
2025-06-27 00:00:00,META,15,0.06666666666666667
2025-06-28 00:00:00,META,1,0.0
2025-06-30 00:00:00,META,8,0.0625
2025-07-01 00:00:00,META,11,0.015151515151515148
2025-07-02 00:00:00,META,8,0.20833333333333331
2025-07-03 00:00:00,META,8,0.11458333333333333
2025-07-04 00:00:00,META,3,-0.16666666666666666
2025-07-06 00:00:00,META,2,0.375
2025-07-07 00:00:00,META,8,0.0625
2025-07-08 00:00:00,META,11,0.12121212121212123
2025-07-09 00:00:00,META,13,0.11923076923076924
2025-07-10 00:00:00,META,11,0.10606060606060605
2025-07-11 00:00:00,META,13,0.010256410256410263
2025-07-12 00:00:00,META,1,0.0
2025-07-13 00:00:00,META,2,-0.25
2025-07-14 00:00:00,META,12,0.05555555555555555
2025-07-15 00:00:00,META,11,0.045454545454545456
2025-07-16 00:00:00,META,12,0.2888888888888889
2025-07-17 00:00:00,META,13,0.08333333333333334
2025-07-18 00:00:00,META,9,0.009259259259259264
2025-07-19 00:00:00,META,3,0.16666666666666666
2025-07-20 00:00:00,META,3,0.13333333333333333
2025-07-21 00:00:00,META,9,0.018518518518518514
2025-07-22 00:00:00,META,11,0.0606060606060606
2025-07-23 00:00:00,META,8,-0.03125
2025-07-24 00:00:00,META,5,-0.05
2025-07-25 00:00:00,META,10,-0.11666666666666665
2025-07-26 00:00:00,META,3,-0.16666666666666666
2025-07-27 00:00:00,META,1,-0.5
2025-07-28 00:00:00,META,12,-0.09722222222222221
2025-07-29 00:00:00,META,10,-0.025
2025-07-30 00:00:00,META,31,0.041935483870967745
2025-07-31 00:00:00,META,55,0.3475757575757576
2025-08-01 00:00:00,META,15,0.03666666666666667
2025-08-02 00:00:00,META,2,0.25
2025-08-03 00:00:00,META,2,-0.125
2025-08-04 00:00:00,META,7,0.16666666666666666
2025-08-05 00:00:00,META,12,0.26785714285714285
2025-08-06 00:00:00,META,8,0.09583333333333333
2025-08-07 00:00:00,META,5,-0.3333333333333333
2025-08-08 00:00:00,META,6,-0.15277777777777776
2025-08-09 00:00:00,META,1,-0.75
2025-08-11 00:00:00,META,10,0.2966666666666667
2025-08-12 00:00:00,META,6,-0.2222222222222222
2025-08-13 00:00:00,META,14,0.12244897959183675
2025-08-14 00:00:00,META,11,0.045454545454545456
2025-08-15 00:00:00,META,9,-0.16666666666666666
2025-08-17 00:00:00,META,2,0.5
2025-08-18 00:00:00,META,9,0.08333333333333333
2025-08-19 00:00:00,META,9,-0.1388888888888889
2025-08-20 00:00:00,META,10,0.03333333333333334
2025-08-21 00:00:00,META,9,0.0
2025-08-22 00:00:00,META,14,-0.10119047619047618
2025-08-23 00:00:00,META,2,0.0
2025-08-24 00:00:00,META,3,0.0
2025-08-25 00:00:00,META,8,0.25
2025-08-26 00:00:00,META,9,0.03703703703703704
2025-08-27 00:00:00,META,13,0.038461538461538464
2025-08-28 00:00:00,META,15,0.15333333333333332
2025-08-29 00:00:00,META,7,0.0
2025-08-30 00:00:00,META,2,0.3333333333333333
2025-08-31 00:00:00,META,1,0.75
2025-09-01 00:00:00,META,3,-0.2222222222222222
2025-09-02 00:00:00,META,8,0.0
2025-09-03 00:00:00,META,11,-0.006060606060606059
2025-09-04 00:00:00,META,14,-0.005952380952380955
2025-09-05 00:00:00,META,13,0.048717948717948725
2025-09-06 00:00:00,META,2,-0.3333333333333333
2025-09-07 00:00:00,META,1,0.75
2025-09-08 00:00:00,META,6,0.0
2025-09-09 00:00:00,META,17,0.08823529411764706
2025-09-10 00:00:00,META,15,0.18333333333333332
2025-09-11 00:00:00,META,5,0.15
2025-09-12 00:00:00,META,10,-0.20666666666666664
2025-09-13 00:00:00,META,1,-0.75
2025-09-14 00:00:00,META,1,0.5
2025-09-15 00:00:00,META,14,0.014880952380952384
2025-09-16 00:00:00,META,9,-0.1111111111111111
2025-09-17 00:00:00,META,9,0.15740740740740738
2025-09-18 00:00:00,META,14,-0.04642857142857143
2025-09-19 00:00:00,META,9,0.07407407407407407
2025-09-20 00:00:00,META,2,-0.6666666666666666
2025-09-21 00:00:00,META,2,0.20833333333333331
2025-09-22 00:00:00,META,16,0.041666666666666664
2025-09-23 00:00:00,META,10,0.1
2025-09-24 00:00:00,META,11,-0.015151515151515148
2025-09-25 00:00:00,META,11,0.022727272727272728
2025-09-26 00:00:00,META,13,0.16025641025641027
2025-09-27 00:00:00,META,1,-0.6666666666666666
2025-09-28 00:00:00,META,2,0.25
2025-09-29 00:00:00,META,4,0.3333333333333333
2025-09-30 00:00:00,META,10,0.26666666666666666
2025-10-01 00:00:00,META,12,0.0
2025-10-02 00:00:00,META,12,0.16666666666666666
2025-10-03 00:00:00,META,7,0.23809523809523808
2025-10-04 00:00:00,META,3,-0.16666666666666666
2025-10-05 00:00:00,META,1,0.25
2025-10-06 00:00:00,META,10,-0.08333333333333333
2025-10-07 00:00:00,META,8,0.08333333333333333
2025-10-08 00:00:00,META,8,0.3958333333333333
2025-10-09 00:00:00,META,8,0.08333333333333333
2025-10-10 00:00:00,META,7,0.12142857142857143
2025-10-11 00:00:00,META,1,-0.6666666666666666
2025-10-12 00:00:00,META,2,0.25
2025-10-13 00:00:00,META,11,0.09090909090909091
2025-10-14 00:00:00,META,6,0.1111111111111111
2025-10-15 00:00:00,META,9,0.05555555555555555
2025-10-16 00:00:00,META,12,0.08333333333333333
2025-10-17 00:00:00,META,8,0.14583333333333331
2025-10-18 00:00:00,META,2,0.3333333333333333
2025-10-19 00:00:00,META,2,0.25
2025-10-20 00:00:00,META,6,0.08333333333333333
2025-10-21 00:00:00,META,7,0.20238095238095236
2025-10-22 00:00:00,META,8,-0.002083333333333326
2025-10-23 00:00:00,META,7,0.07142857142857142
2025-10-24 00:00:00,META,7,0.0
2025-10-26 00:00:00,META,2,-0.25
2025-10-27 00:00:00,META,10,0.125
2025-10-28 00:00:00,META,11,0.045454545454545456
2025-10-29 00:00:00,META,15,0.15555555555555553
2025-10-30 00:00:00,META,46,0.04746376811594204
2025-10-31 00:00:00,META,9,-0.16666666666666666
2025-11-01 00:00:00,META,2,0.3333333333333333
2025-11-02 00:00:00,META,3,0.5499999999999999
2025-11-03 00:00:00,META,7,0.0
2025-11-04 00:00:00,META,9,-0.06296296296296296
2025-11-05 00:00:00,META,3,0.2222222222222222
2025-11-06 00:00:00,META,11,-0.018181818181818177
2025-11-07 00:00:00,META,8,-0.02083333333333333
2025-11-08 00:00:00,META,2,-0.3333333333333333
2025-11-09 00:00:00,META,4,0.04166666666666666
2025-11-10 00:00:00,META,9,0.38756613756613756
2025-11-11 00:00:00,META,11,0.2484848484848485
2025-11-12 00:00:00,META,10,0.075
2025-11-13 00:00:00,META,7,0.0
2025-11-14 00:00:00,META,13,-0.17820512820512818
2025-11-15 00:00:00,META,2,0.0
2025-11-16 00:00:00,META,2,0.5
2025-11-17 00:00:00,META,15,-0.23333333333333334
2025-11-18 00:00:00,META,15,0.03888888888888889
2025-11-19 00:00:00,META,13,-0.012820512820512818
2025-11-20 00:00:00,META,9,0.10740740740740741
2025-11-21 00:00:00,META,8,0.0
2025-11-22 00:00:00,META,3,-0.38888888888888884
2025-11-23 00:00:00,META,3,0.11111111111111112
2025-11-24 00:00:00,META,9,0.03703703703703704
2025-11-25 00:00:00,META,17,-0.00588235294117647
2025-11-26 00:00:00,META,12,-0.13888888888888887
2025-11-27 00:00:00,META,5,-0.1
2025-11-28 00:00:00,META,6,0.027777777777777773
2025-11-29 00:00:00,META,3,-0.16666666666666666
2025-11-30 00:00:00,META,4,0.16666666666666666
2025-12-01 00:00:00,META,12,0.09027777777777779
2025-12-02 00:00:00,META,7,-0.09523809523809523
2025-12-03 00:00:00,META,14,0.011904761904761902
2025-12-04 00:00:00,META,16,-0.19270833333333331
2025-12-05 00:00:00,META,16,-0.09895833333333333
2025-12-06 00:00:00,META,5,-0.2333333333333333
2025-12-07 00:00:00,META,3,-0.5
2025-12-08 00:00:00,META,12,0.1597222222222222
2025-12-09 00:00:00,META,5,-0.13333333333333333
2025-12-10 00:00:00,META,9,-0.37037037037037035
2025-12-11 00:00:00,META,13,-0.07307692307692307
2025-12-12 00:00:00,META,12,-0.08333333333333333
2025-12-13 00:00:00,META,2,0.0
2025-12-14 00:00:00,META,3,-0.2222222222222222
2025-12-15 00:00:00,META,9,0.12962962962962962
2025-12-16 00:00:00,META,16,0.028124999999999997
2025-12-17 00:00:00,META,10,0.0
2025-12-18 00:00:00,META,9,0.05555555555555555
2025-12-19 00:00:00,META,6,0.25
2025-12-20 00:00:00,META,3,-0.16666666666666666
2025-12-21 00:00:00,META,1,0.6666666666666666
2025-12-22 00:00:00,META,7,0.04761904761904762
2025-12-23 00:00:00,META,10,-0.041666666666666664
2025-12-24 00:00:00,META,6,0.027777777777777773
2025-12-25 00:00:00,META,2,0.25
2025-12-26 00:00:00,META,3,0.16666666666666666
2025-12-27 00:00:00,META,1,0.0
2025-12-29 00:00:00,META,2,0.0
2025-12-30 00:00:00,META,7,0.07142857142857142
2025-12-31 00:00:00,META,2,0.25
2026-01-01 00:00:00,META,4,0.25
2026-01-02 00:00:00,META,10,0.11666666666666665
2026-01-04 00:00:00,META,2,0.0
2026-01-05 00:00:00,META,5,-0.033333333333333326
2026-01-06 00:00:00,META,6,0.125
2026-01-07 00:00:00,META,13,-0.1282051282051282
2026-01-08 00:00:00,META,7,-0.07142857142857142
2026-01-09 00:00:00,META,14,0.1130952380952381
2026-01-10 00:00:00,META,1,0.6666666666666666
2026-01-11 00:00:00,META,3,0.08333333333333333
2026-01-12 00:00:00,META,16,-0.08333333333333333
2026-01-13 00:00:00,META,9,0.03703703703703704
2026-01-14 00:00:00,META,9,0.12962962962962962
2026-01-15 00:00:00,META,9,0.08333333333333333
2026-01-16 00:00:00,META,7,0.15476190476190474
2026-01-17 00:00:00,META,1,-0.5
2026-01-18 00:00:00,META,2,-0.7333333333333334
2026-01-19 00:00:00,META,1,0.0
2026-01-20 00:00:00,META,9,-0.01666666666666667
2026-01-21 00:00:00,META,8,-0.020833333333333332
2026-01-22 00:00:00,META,9,0.4259259259259259
2026-01-23 00:00:00,META,12,0.125
2026-01-24 00:00:00,META,2,0.0
2026-01-25 00:00:00,META,2,0.0
2026-01-26 00:00:00,META,16,0.19270833333333331
2026-01-27 00:00:00,META,14,0.08333333333333333
2026-01-28 00:00:00,META,24,0.1597222222222222
2026-01-29 00:00:00,META,36,0.32083333333333336
2026-01-30 00:00:00,META,7,-0.05952380952380952
2026-01-31 00:00:00,META,3,0.0
2026-02-01 00:00:00,META,1,-0.4
2026-02-02 00:00:00,META,10,0.15833333333333335
2026-02-03 00:00:00,META,7,-0.023809523809523805
2026-02-04 00:00:00,META,6,-0.06944444444444443
2026-02-05 00:00:00,META,7,0.17857142857142858
2026-02-06 00:00:00,META,7,0.03571428571428571
2026-02-08 00:00:00,META,1,0.5
2026-02-09 00:00:00,META,12,0.0
2026-02-10 00:00:00,META,8,0.15625
2026-02-11 00:00:00,META,14,-0.023809523809523805
2026-02-12 00:00:00,META,14,-0.09583333333333334
2026-02-13 00:00:00,META,8,0.31547619047619047
2026-02-14 00:00:00,META,1,0.0
2026-02-15 00:00:00,META,2,0.0
2026-02-16 00:00:00,META,4,0.325
2026-02-17 00:00:00,META,11,-0.1515151515151515
2026-02-18 00:00:00,META,15,-0.03809523809523809
2026-02-19 00:00:00,META,13,0.07692307692307693
2026-02-20 00:00:00,META,8,-0.16666666666666666
2026-02-22 00:00:00,META,3,0.38888888888888884
2026-02-23 00:00:00,META,6,0.2916666666666667
2026-02-24 00:00:00,META,15,-0.06666666666666667
2026-02-25 00:00:00,META,17,0.196078431372549
2026-02-26 00:00:00,META,12,-0.009722222222222215
2026-02-27 00:00:00,META,7,0.15476190476190474
2026-02-28 00:00:00,META,2,0.0
2026-03-01 00:00:00,META,1,-0.6666666666666666
2026-03-02 00:00:00,META,8,-0.09375
2026-03-03 00:00:00,META,7,0.10714285714285714
2026-03-04 00:00:00,META,7,0.05714285714285715
2026-03-05 00:00:00,META,4,0.04166666666666666
2026-03-06 00:00:00,META,6,0.041666666666666664
2026-03-08 00:00:00,META,1,0.0
2026-03-09 00:00:00,META,6,0.25
2026-03-10 00:00:00,META,16,0.020833333333333336
2026-03-11 00:00:00,META,7,0.0
2026-03-12 00:00:00,META,6,-0.13333333333333333
2026-03-13 00:00:00,META,6,-0.3611111111111111
2026-03-14 00:00:00,META,1,-0.6666666666666666
2026-03-15 00:00:00,META,1,0.0
2026-03-16 00:00:00,META,12,0.0361111111111111
2026-03-17 00:00:00,META,9,0.07407407407407407
2026-03-18 00:00:00,META,6,0.0
2026-03-19 00:00:00,META,10,-0.21666666666666665
2026-03-20 00:00:00,META,5,0.15
2026-03-23 00:00:00,META,7,0.07142857142857142
2026-03-24 00:00:00,META,13,0.038461538461538464
2026-03-25 00:00:00,META,24,0.0034722222222222238
2026-03-26 00:00:00,META,12,-0.041666666666666664
2026-03-27 00:00:00,META,16,-0.11458333333333333
2026-03-28 00:00:00,META,2,0.0
2026-03-29 00:00:00,META,2,-0.125
2026-03-30 00:00:00,META,17,-0.0784313725490196
2026-03-31 00:00:00,META,13,0.009615384615384616
2026-04-01 00:00:00,META,11,-0.11060606060606061
2026-04-02 00:00:00,META,7,-0.34523809523809523
2026-04-03 00:00:00,META,3,0.0
2026-04-04 00:00:00,META,4,0.25
2026-04-06 00:00:00,META,5,-0.033333333333333326
2026-04-07 00:00:00,META,8,0.0
2026-04-08 00:00:00,META,11,0.2121212121212121
2026-04-09 00:00:00,META,22,0.20454545454545456
2026-04-10 00:00:00,META,14,0.1464285714285714
2026-04-11 00:00:00,META,5,0.1
2026-04-12 00:00:00,META,3,0.3055555555555555
2026-04-13 00:00:00,META,10,0.016666666666666663
2026-04-14 00:00:00,META,10,0.06666666666666667
2026-04-15 00:00:00,META,15,0.15
2026-04-16 00:00:00,META,14,0.24404761904761904
2026-04-17 00:00:00,META,8,0.03125
2026-04-18 00:00:00,META,1,-0.6666666666666666
2026-04-19 00:00:00,META,1,-0.75
2026-04-20 00:00:00,META,14,0.10119047619047618
2026-04-21 00:00:00,META,11,0.045454545454545456
2026-04-22 00:00:00,META,7,0.16666666666666666
2026-04-23 00:00:00,META,4,-0.4375
2026-04-24 00:00:00,META,10,0.18333333333333335
2026-04-25 00:00:00,META,2,0.06666666666666671
2026-04-26 00:00:00,META,2,-0.5833333333333333
2026-04-27 00:00:00,META,12,-0.012500000000000002
2026-04-28 00:00:00,META,8,-3.469446951953614e-18
2026-04-29 00:00:00,META,29,0.12931034482758622
2026-04-30 00:00:00,META,39,0.1452991452991453
2026-05-01 00:00:00,META,11,0.07575757575757575
2026-05-02 00:00:00,META,4,0.0
2026-05-03 00:00:00,META,5,0.17285714285714288
2026-05-04 00:00:00,META,12,0.125
2026-05-05 00:00:00,META,14,0.21428571428571427
2026-05-06 00:00:00,META,7,-0.2738095238095238
2026-05-07 00:00:00,META,12,0.24305555555555555
2026-05-08 00:00:00,META,8,0.037500000000000006
2026-05-09 00:00:00,META,1,0.6666666666666666
2026-05-10 00:00:00,META,4,0.20833333333333334
2026-05-11 00:00:00,META,10,0.041666666666666664
2026-05-12 00:00:00,META,10,0.016666666666666663
2026-05-13 00:00:00,META,14,0.047619047619047616
2026-05-14 00:00:00,META,9,0.24629629629629632
2026-05-15 00:00:00,META,13,-0.03205128205128205
2026-05-16 00:00:00,META,4,0.25
2026-05-17 00:00:00,META,1,-0.5
2026-05-18 00:00:00,META,15,-0.1388888888888889
2026-05-19 00:00:00,META,13,-0.16666666666666666
2026-05-20 00:00:00,META,10,-0.18333333333333332
2026-05-21 00:00:00,META,11,-0.1515151515151515
2026-05-22 00:00:00,META,10,0.1
2026-05-23 00:00:00,META,1,-0.6666666666666666
2026-05-24 00:00:00,META,2,0.0
2026-05-25 00:00:00,META,2,-0.5833333333333333
2026-05-26 00:00:00,META,8,-0.14583333333333331
2026-05-27 00:00:00,META,7,-0.05952380952380952
2026-05-28 00:00:00,META,9,0.07407407407407407
2026-05-29 00:00:00,META,7,0.13095238095238096
2026-05-31 00:00:00,META,1,0.6666666666666666
2026-06-01 00:00:00,META,5,0.016666666666666673
2026-06-02 00:00:00,META,16,0.046875
2026-06-03 00:00:00,META,10,0.075
2026-06-04 00:00:00,META,12,-0.17361111111111113
2026-06-05 00:00:00,META,12,-0.0069444444444444475
2026-06-06 00:00:00,META,3,-0.25
2026-06-07 00:00:00,META,2,0.0
2026-06-08 00:00:00,META,13,-0.03205128205128205
2026-06-09 00:00:00,META,15,0.05555555555555555
2026-06-10 00:00:00,META,9,0.08333333333333333
2026-06-11 00:00:00,META,6,0.0
2026-06-12 00:00:00,META,9,0.046296296296296294
2026-06-13 00:00:00,META,7,-0.09523809523809523
2026-06-14 00:00:00,META,2,0.0
2026-06-15 00:00:00,META,10,0.26666666666666666
2026-06-16 00:00:00,META,8,0.0
2026-06-17 00:00:00,META,16,0.13958333333333334
2026-06-18 00:00:00,META,12,0.11111111111111112
2026-06-19 00:00:00,META,2,0.0
2026-06-20 00:00:00,META,4,0.0
2026-06-21 00:00:00,META,5,-0.15
2026-06-22 00:00:00,META,17,0.04411764705882353
2026-06-23 00:00:00,META,12,-0.18055555555555555
2026-06-24 00:00:00,META,12,-0.09722222222222221
2026-06-25 00:00:00,META,13,0.10256410256410256
2026-06-26 00:00:00,META,8,-0.14583333333333331
2026-06-27 00:00:00,META,3,0.16666666666666666
2026-06-28 00:00:00,META,2,0.0
2026-06-29 00:00:00,META,11,0.03787878787878789
2026-06-30 00:00:00,META,4,-0.125
2026-07-01 00:00:00,META,18,-0.014814814814814812
2026-07-02 00:00:00,META,26,-0.01153846153846154
2026-07-03 00:00:00,META,5,0.0
2026-07-04 00:00:00,META,4,0.0
2026-07-05 00:00:00,META,9,-0.044444444444444446
2026-07-06 00:00:00,META,7,-0.07142857142857142
2026-07-07 00:00:00,META,10,0.08666666666666666
2026-07-08 00:00:00,META,10,-0.125
2026-07-09 00:00:00,META,13,0.08974358974358973
2026-07-10 00:00:00,META,18,-0.08611111111111111
2026-07-11 00:00:00,META,2,-0.3333333333333333
2026-07-12 00:00:00,META,2,0.625
2026-07-13 00:00:00,META,12,0.14583333333333334
2026-07-14 00:00:00,META,8,-0.13541666666666669
2026-07-15 00:00:00,META,9,-0.08333333333333333
2026-07-16 00:00:00,META,13,0.0064102564102564135
2026-07-17 00:00:00,META,10,0.008333333333333337
2026-07-18 00:00:00,META,1,0.0
2026-07-19 00:00:00,META,2,0.25
2026-07-20 00:00:00,META,14,-0.015476190476190485
2026-07-21 00:00:00,META,13,0.10897435897435896
2026-07-22 00:00:00,META,13,0.0064102564102564135
2026-07-23 00:00:00,META,11,0.2545454545454545
2026-07-24 00:00:00,META,14,-0.005952380952380955
2026-07-25 00:00:00,META,3,0.0
2026-07-26 00:00:00,META,7,-0.042857142857142864
2026-07-27 00:00:00,META,13,0.0
2026-07-28 00:00:00,META,21,-0.047619047619047616
2026-07-29 00:00:00,META,27,0.0
2026-07-30 00:00:00,META,44,0.05606060606060606
2026-07-31 00:00:00,META,15,0.03444444444444444
2026-08-01 00:00:00,META,1,0.0
2026-08-02 00:00:00,META,2,0.25
2026-08-03 00:00:00,META,18,0.19907407407407407
2026-08-04 00:00:00,META,15,0.22936507936507936
2026-08-05 00:00:00,META,11,0.03787878787878787
2026-08-06 00:00:00,META,7,-0.20238095238095236
2026-08-07 00:00:00,META,8,-0.04166666666666667
2026-08-08 00:00:00,META,4,0.3125
2026-08-09 00:00:00,META,5,0.13333333333333333
2026-08-10 00:00:00,META,8,0.04166666666666667
2026-08-11 00:00:00,META,15,-0.1
2026-08-12 00:00:00,META,9,-0.10185185185185185
2026-08-13 00:00:00,META,12,-0.041666666666666664
2026-08-14 00:00:00,META,19,0.1298245614035088
2026-08-15 00:00:00,META,3,0.2222222222222222
2026-08-16 00:00:00,META,5,0.08333333333333333
2026-08-17 00:00:00,META,17,-0.12745098039215685
2026-08-18 00:00:00,META,9,-0.061111111111111116
2026-08-19 00:00:00,META,8,-0.0625
2026-08-20 00:00:00,META,6,0.08333333333333333
2026-08-21 00:00:00,META,5,0.08333333333333333
2026-08-22 00:00:00,META,2,0.0
2026-08-23 00:00:00,META,2,0.7083333333333333
2026-08-24 00:00:00,META,7,-0.023809523809523805
2026-08-25 00:00:00,META,12,0.2847222222222222
2026-08-26 00:00:00,META,20,-0.11666666666666665
2026-08-27 00:00:00,META,20,0.05
2026-08-28 00:00:00,META,3,0.0
2026-08-30 00:00:00,META,2,-0.375
2026-08-31 00:00:00,META,7,0.09523809523809523
2026-09-01 00:00:00,META,7,-0.07142857142857142
2019-09-17 00:00:00,MSFT,1,0.0
2020-04-30 00:00:00,MSFT,1,0.75
2024-07-31 00:00:00,MSFT,1,0.0
2024-08-01 00:00:00,MSFT,10,0.05
2024-08-02 00:00:00,MSFT,11,-0.18181818181818182
2024-08-03 00:00:00,MSFT,2,0.0
2024-08-04 00:00:00,MSFT,2,-0.25
2024-08-05 00:00:00,MSFT,13,-0.3333333333333333
2024-08-06 00:00:00,MSFT,11,-0.10606060606060605
2024-08-07 00:00:00,MSFT,10,-0.2583333333333333
2024-08-08 00:00:00,MSFT,21,0.04126984126984127
2024-08-09 00:00:00,MSFT,11,0.13333333333333333
2024-08-10 00:00:00,MSFT,1,0.0
2024-08-11 00:00:00,MSFT,2,0.125
2024-08-12 00:00:00,MSFT,9,-0.08333333333333333
2024-08-13 00:00:00,MSFT,5,0.1
2024-08-14 00:00:00,MSFT,6,0.23611111111111108
2024-08-15 00:00:00,MSFT,6,0.08333333333333333
2024-08-16 00:00:00,MSFT,5,0.1
2024-08-17 00:00:00,MSFT,2,0.0
2024-08-19 00:00:00,MSFT,6,0.27777777777777773
2024-08-20 00:00:00,MSFT,8,0.0625
2024-08-21 00:00:00,MSFT,7,-0.04761904761904762
2024-08-22 00:00:00,MSFT,6,-0.05000000000000001
2024-08-23 00:00:00,MSFT,8,0.0
2024-08-24 00:00:00,MSFT,3,0.0
2024-08-26 00:00:00,MSFT,5,-0.08333333333333333
2024-08-27 00:00:00,MSFT,6,0.16666666666666666
2024-08-28 00:00:00,MSFT,10,0.05
2024-08-29 00:00:00,MSFT,7,0.0
2024-08-30 00:00:00,MSFT,7,-0.07142857142857142
2024-08-31 00:00:00,MSFT,1,0.0
2024-09-02 00:00:00,MSFT,3,-0.2222222222222222
2024-09-03 00:00:00,MSFT,6,0.16666666666666666
2024-09-04 00:00:00,MSFT,8,-0.0625
2024-09-05 00:00:00,MSFT,11,-0.1212121212121212
2024-09-06 00:00:00,MSFT,4,-0.125
2024-09-08 00:00:00,MSFT,3,0.16666666666666666
2024-09-09 00:00:00,MSFT,3,0.16666666666666666
2024-09-10 00:00:00,MSFT,12,0.08333333333333333
2024-09-11 00:00:00,MSFT,8,0.21875
2024-09-12 00:00:00,MSFT,22,-0.022727272727272728
2024-09-13 00:00:00,MSFT,7,0.07142857142857142
2024-09-14 00:00:00,MSFT,1,0.5
2024-09-15 00:00:00,MSFT,1,0.0
2024-09-16 00:00:00,MSFT,9,0.3055555555555556
2024-09-17 00:00:00,MSFT,17,0.21372549019607842
2024-09-18 00:00:00,MSFT,7,0.16666666666666666
2024-09-19 00:00:00,MSFT,11,-0.03463203463203463
2024-09-20 00:00:00,MSFT,12,0.1597222222222222
2024-09-21 00:00:00,MSFT,1,0.0
2024-09-22 00:00:00,MSFT,3,-0.055555555555555546
2024-09-23 00:00:00,MSFT,14,0.125
2024-09-24 00:00:00,MSFT,9,0.18518518518518517
2024-09-25 00:00:00,MSFT,13,-0.05128205128205128
2024-09-26 00:00:00,MSFT,11,0.07575757575757576
2024-09-27 00:00:00,MSFT,12,0.16666666666666666
2024-09-28 00:00:00,MSFT,3,0.2222222222222222
2024-09-29 00:00:00,MSFT,3,-0.033333333333333326
2024-09-30 00:00:00,MSFT,8,0.14583333333333331
2024-10-01 00:00:00,MSFT,11,0.26515151515151514
2024-10-02 00:00:00,MSFT,14,0.14285714285714285
2024-10-03 00:00:00,MSFT,13,0.11538461538461539
2024-10-04 00:00:00,MSFT,7,0.21428571428571427
2024-10-05 00:00:00,MSFT,1,0.0
2024-10-06 00:00:00,MSFT,1,-0.5
2024-10-07 00:00:00,MSFT,10,0.15
2024-10-08 00:00:00,MSFT,14,0.07142857142857142
2024-10-09 00:00:00,MSFT,8,0.30833333333333335
2024-10-10 00:00:00,MSFT,13,0.11538461538461539
2024-10-11 00:00:00,MSFT,5,0.2
2024-10-12 00:00:00,MSFT,1,0.0
2024-10-13 00:00:00,MSFT,1,0.0
2024-10-14 00:00:00,MSFT,8,0.20833333333333331
2024-10-15 00:00:00,MSFT,6,-0.041666666666666664
2024-10-16 00:00:00,MSFT,10,0.0
2024-10-17 00:00:00,MSFT,10,0.11666666666666665
2024-10-18 00:00:00,MSFT,12,0.2222222222222222
2024-10-20 00:00:00,MSFT,4,0.0
2024-10-21 00:00:00,MSFT,7,0.17857142857142858
2024-10-22 00:00:00,MSFT,13,0.057692307692307696
2024-10-23 00:00:00,MSFT,14,0.047619047619047616
2024-10-24 00:00:00,MSFT,3,0.3333333333333333
2024-10-25 00:00:00,MSFT,15,0.09444444444444443
2024-10-26 00:00:00,MSFT,1,0.0
2024-10-27 00:00:00,MSFT,2,-0.375
2024-10-28 00:00:00,MSFT,13,0.08974358974358973
2024-10-29 00:00:00,MSFT,16,0.13020833333333331
2024-10-30 00:00:00,MSFT,14,0.23809523809523808
2024-10-31 00:00:00,MSFT,30,0.08
2024-11-01 00:00:00,MSFT,6,-0.13333333333333333
2024-11-04 00:00:00,MSFT,8,0.125
2024-11-05 00:00:00,MSFT,12,0.16666666666666666
2024-11-06 00:00:00,MSFT,7,0.43571428571428567
2024-11-07 00:00:00,MSFT,10,0.16666666666666666
2024-11-08 00:00:00,MSFT,5,0.2
2024-11-09 00:00:00,MSFT,1,0.5
2024-11-10 00:00:00,MSFT,1,0.0
2024-11-11 00:00:00,MSFT,6,-0.027777777777777773
2024-11-12 00:00:00,MSFT,14,0.21428571428571427
2024-11-13 00:00:00,MSFT,9,0.0
2024-11-14 00:00:00,MSFT,19,-0.030701754385964914
2024-11-15 00:00:00,MSFT,11,0.0
2024-11-16 00:00:00,MSFT,2,0.0
2024-11-18 00:00:00,MSFT,9,-0.07407407407407407
2024-11-19 00:00:00,MSFT,28,0.0820578231292517
2024-11-20 00:00:00,MSFT,14,0.047619047619047616
2024-11-21 00:00:00,MSFT,9,0.2222222222222222
2024-11-22 00:00:00,MSFT,10,0.1375
2024-11-24 00:00:00,MSFT,2,0.0
2024-11-25 00:00:00,MSFT,11,0.045454545454545456
2024-11-26 00:00:00,MSFT,6,0.041666666666666664
2024-11-27 00:00:00,MSFT,12,0.041666666666666664
2024-11-28 00:00:00,MSFT,8,-0.17708333333333331
2024-11-29 00:00:00,MSFT,5,0.1
2024-11-30 00:00:00,MSFT,1,0.6666666666666666
2024-12-01 00:00:00,MSFT,2,-0.25
2024-12-02 00:00:00,MSFT,7,0.21428571428571427
2024-12-03 00:00:00,MSFT,10,0.13
2024-12-04 00:00:00,MSFT,7,0.0
2024-12-05 00:00:00,MSFT,7,0.07142857142857142
2024-12-06 00:00:00,MSFT,5,0.2333333333333333
2024-12-07 00:00:00,MSFT,2,0.0
2024-12-08 00:00:00,MSFT,2,0.5833333333333333
2024-12-09 00:00:00,MSFT,11,0.030303030303030307
2024-12-10 00:00:00,MSFT,8,0.09375
2024-12-11 00:00:00,MSFT,10,0.155
2024-12-12 00:00:00,MSFT,14,0.047619047619047616
2024-12-13 00:00:00,MSFT,6,0.2638888888888889
2024-12-15 00:00:00,MSFT,3,-0.2222222222222222
2024-12-16 00:00:00,MSFT,7,0.2738095238095238
2024-12-17 00:00:00,MSFT,5,0.1
2024-12-18 00:00:00,MSFT,12,0.22916666666666666
2024-12-19 00:00:00,MSFT,5,0.2
2024-12-20 00:00:00,MSFT,6,0.1111111111111111
2024-12-21 00:00:00,MSFT,1,0.25
2024-12-22 00:00:00,MSFT,3,0.2222222222222222
2024-12-23 00:00:00,MSFT,13,0.20512820512820512
2024-12-24 00:00:00,MSFT,8,0.16666666666666666
2024-12-25 00:00:00,MSFT,3,0.16666666666666666
2024-12-26 00:00:00,MSFT,6,0.0
2024-12-27 00:00:00,MSFT,6,-0.16666666666666666
2024-12-28 00:00:00,MSFT,2,0.0
2024-12-29 00:00:00,MSFT,1,-0.5
2024-12-30 00:00:00,MSFT,6,0.08333333333333333
2024-12-31 00:00:00,MSFT,6,-0.041666666666666664
2025-01-01 00:00:00,MSFT,3,-0.25
2025-01-02 00:00:00,MSFT,6,0.041666666666666664
2025-01-03 00:00:00,MSFT,6,0.08333333333333333
2025-01-04 00:00:00,MSFT,4,-0.16666666666666666
2025-01-05 00:00:00,MSFT,1,0.6666666666666666
2025-01-06 00:00:00,MSFT,14,-0.02976190476190476
2025-01-07 00:00:00,MSFT,8,0.1875
2025-01-08 00:00:00,MSFT,9,0.06481481481481483
2025-01-09 00:00:00,MSFT,5,0.0
2025-01-10 00:00:00,MSFT,4,0.1875
2025-01-11 00:00:00,MSFT,1,0.0
2025-01-13 00:00:00,MSFT,5,0.1
2025-01-14 00:00:00,MSFT,7,0.0
2025-01-15 00:00:00,MSFT,9,-0.04074074074074073
2025-01-16 00:00:00,MSFT,9,0.09523809523809523
2025-01-17 00:00:00,MSFT,10,-0.2583333333333333
2025-01-19 00:00:00,MSFT,5,0.0
2025-01-20 00:00:00,MSFT,2,0.0
2025-01-21 00:00:00,MSFT,5,0.0
2025-01-22 00:00:00,MSFT,18,0.15555555555555556
2025-01-23 00:00:00,MSFT,12,0.1111111111111111
2025-01-24 00:00:00,MSFT,12,0.013888888888888886
2025-01-25 00:00:00,MSFT,2,0.0
2025-01-26 00:00:00,MSFT,2,0.25
2025-01-27 00:00:00,MSFT,19,-0.061403508771929814
2025-01-28 00:00:00,MSFT,21,-0.0023809523809523885
2025-01-29 00:00:00,MSFT,22,0.0606060606060606
2025-01-30 00:00:00,MSFT,26,0.09038461538461538
2025-01-31 00:00:00,MSFT,11,0.062121212121212126
2025-02-01 00:00:00,MSFT,1,0.0
2025-02-02 00:00:00,MSFT,2,-0.375
2025-02-03 00:00:00,MSFT,8,-0.10416666666666667
2025-02-04 00:00:00,MSFT,8,-0.07291666666666667
2025-02-05 00:00:00,MSFT,7,-0.13095238095238096
2025-02-06 00:00:00,MSFT,9,0.2037037037037037
2025-02-07 00:00:00,MSFT,5,-0.06666666666666668
2025-02-08 00:00:00,MSFT,2,0.0
2025-02-09 00:00:00,MSFT,1,0.25
2025-02-10 00:00:00,MSFT,13,0.012820512820512818
2025-02-11 00:00:00,MSFT,5,-0.1
2025-02-12 00:00:00,MSFT,7,0.24523809523809526
2025-02-13 00:00:00,MSFT,5,0.375
2025-02-14 00:00:00,MSFT,7,0.0
2025-02-15 00:00:00,MSFT,4,0.0
2025-02-17 00:00:00,MSFT,5,0.1
2025-02-18 00:00:00,MSFT,9,0.18148148148148147
2025-02-19 00:00:00,MSFT,10,0.08333333333333334
2025-02-20 00:00:00,MSFT,12,-0.0625
2025-02-21 00:00:00,MSFT,7,0.21428571428571427
2025-02-23 00:00:00,MSFT,1,-0.6666666666666666
2025-02-24 00:00:00,MSFT,12,0.20555555555555557
2025-02-25 00:00:00,MSFT,5,0.05
2025-02-26 00:00:00,MSFT,7,0.16666666666666666
2025-02-27 00:00:00,MSFT,10,0.18333333333333332
2025-02-28 00:00:00,MSFT,14,0.07142857142857142
2025-03-01 00:00:00,MSFT,1,0.0
2025-03-02 00:00:00,MSFT,2,0.0
2025-03-03 00:00:00,MSFT,10,0.03333333333333334
2025-03-04 00:00:00,MSFT,13,-0.025641025641025644
2025-03-05 00:00:00,MSFT,4,-0.1875
2025-03-06 00:00:00,MSFT,13,0.019230769230769232
2025-03-07 00:00:00,MSFT,9,0.027777777777777776
2025-03-08 00:00:00,MSFT,3,0.0
2025-03-10 00:00:00,MSFT,6,-0.16666666666666666
2025-03-11 00:00:00,MSFT,8,-0.05
2025-03-12 00:00:00,MSFT,8,0.03125
2025-03-13 00:00:00,MSFT,11,0.045454545454545456
2025-03-14 00:00:00,MSFT,4,-0.125
2025-03-15 00:00:00,MSFT,1,0.0
2025-03-16 00:00:00,MSFT,1,-0.8
2025-03-17 00:00:00,MSFT,7,-0.14285714285714285
2025-03-18 00:00:00,MSFT,11,0.0
2025-03-19 00:00:00,MSFT,11,0.23939393939393938
2025-03-20 00:00:00,MSFT,12,0.16666666666666666
2025-03-21 00:00:00,MSFT,5,-0.05
2025-03-22 00:00:00,MSFT,3,0.0
2025-03-24 00:00:00,MSFT,11,-0.022727272727272728
2025-03-25 00:00:00,MSFT,9,0.12962962962962962
2025-03-26 00:00:00,MSFT,8,-0.02083333333333333
2025-03-27 00:00:00,MSFT,5,0.1
2025-03-28 00:00:00,MSFT,7,0.0
2025-03-29 00:00:00,MSFT,3,-0.2222222222222222
2025-03-30 00:00:00,MSFT,1,0.0
2025-03-31 00:00:00,MSFT,9,0.0
2025-04-01 00:00:00,MSFT,12,0.061111111111111116
2025-04-02 00:00:00,MSFT,7,-0.09523809523809523
2025-04-03 00:00:00,MSFT,9,-0.027777777777777776
2025-04-04 00:00:00,MSFT,14,-0.21037414965986395
2025-04-05 00:00:00,MSFT,3,-0.25
2025-04-06 00:00:00,MSFT,2,-0.3333333333333333
2025-04-07 00:00:00,MSFT,15,-0.47333333333333333
2025-04-08 00:00:00,MSFT,10,-0.2866666666666667
2025-04-09 00:00:00,MSFT,14,-0.14880952380952378
2025-04-10 00:00:00,MSFT,12,-0.17708333333333334
2025-04-11 00:00:00,MSFT,8,-0.08333333333333333
2025-04-12 00:00:00,MSFT,1,-0.5
2025-04-13 00:00:00,MSFT,1,0.0
2025-04-14 00:00:00,MSFT,7,0.14285714285714285
2025-04-15 00:00:00,MSFT,7,0.0
2025-04-16 00:00:00,MSFT,11,0.045454545454545456
2025-04-17 00:00:00,MSFT,8,0.08333333333333333
2025-04-18 00:00:00,MSFT,4,0.0
2025-04-19 00:00:00,MSFT,1,-0.6666666666666666
2025-04-20 00:00:00,MSFT,1,0.0
2025-04-21 00:00:00,MSFT,4,0.125
2025-04-22 00:00:00,MSFT,16,0.036458333333333336
2025-04-23 00:00:00,MSFT,10,0.125
2025-04-24 00:00:00,MSFT,9,0.03703703703703704
2025-04-25 00:00:00,MSFT,8,-0.09375
2025-04-26 00:00:00,MSFT,1,0.0
2025-04-27 00:00:00,MSFT,2,-0.20833333333333331
2025-04-28 00:00:00,MSFT,12,-0.05902777777777777
2025-04-29 00:00:00,MSFT,15,0.06666666666666667
2025-04-30 00:00:00,MSFT,16,0.07291666666666666
2025-05-01 00:00:00,MSFT,38,0.27763157894736845
2025-05-02 00:00:00,MSFT,9,0.09259259259259259
2025-05-03 00:00:00,MSFT,2,-0.3333333333333333
2025-05-04 00:00:00,MSFT,1,0.0
2025-05-05 00:00:00,MSFT,8,0.10416666666666666
2025-05-06 00:00:00,MSFT,9,-0.03703703703703704
2025-05-07 00:00:00,MSFT,11,-0.045454545454545456
2025-05-08 00:00:00,MSFT,11,0.06818181818181818
2025-05-09 00:00:00,MSFT,9,0.1111111111111111
2025-05-10 00:00:00,MSFT,1,0.5
2025-05-11 00:00:00,MSFT,1,0.5
2025-05-12 00:00:00,MSFT,10,-0.2583333333333333
2025-05-13 00:00:00,MSFT,10,0.05
2025-05-14 00:00:00,MSFT,15,0.0044444444444444505
2025-05-15 00:00:00,MSFT,11,0.045454545454545456
2025-05-16 00:00:00,MSFT,13,-0.08974358974358973
2025-05-19 00:00:00,MSFT,8,0.125
2025-05-20 00:00:00,MSFT,12,0.27777777777777773
2025-05-21 00:00:00,MSFT,11,0.045454545454545456
2025-05-22 00:00:00,MSFT,12,0.020833333333333332
2025-05-23 00:00:00,MSFT,10,-0.09166666666666666
2025-05-24 00:00:00,MSFT,1,0.0
2025-05-25 00:00:00,MSFT,3,-0.26666666666666666
2025-05-26 00:00:00,MSFT,5,0.0
2025-05-27 00:00:00,MSFT,9,0.018518518518518514
2025-05-28 00:00:00,MSFT,7,0.07142857142857142
2025-05-29 00:00:00,MSFT,10,0.06666666666666667
2025-05-30 00:00:00,MSFT,5,0.3466666666666667
2025-05-31 00:00:00,MSFT,3,-0.2222222222222222
2025-06-01 00:00:00,MSFT,1,0.0
2025-06-02 00:00:00,MSFT,12,0.013888888888888886
2025-06-03 00:00:00,MSFT,15,0.05555555555555556
2025-06-04 00:00:00,MSFT,12,0.08333333333333333
2025-06-05 00:00:00,MSFT,12,0.05555555555555556
2025-06-06 00:00:00,MSFT,5,-0.2833333333333333
2025-06-07 00:00:00,MSFT,1,0.0
2025-06-08 00:00:00,MSFT,2,0.15
2025-06-09 00:00:00,MSFT,10,0.275
2025-06-10 00:00:00,MSFT,10,0.19166666666666665
2025-06-11 00:00:00,MSFT,13,0.0
2025-06-12 00:00:00,MSFT,17,0.08627450980392158
2025-06-13 00:00:00,MSFT,5,0.3333333333333333
2025-06-15 00:00:00,MSFT,1,0.0
2025-06-16 00:00:00,MSFT,7,0.17857142857142858
2025-06-17 00:00:00,MSFT,9,0.2777777777777778
2025-06-18 00:00:00,MSFT,11,0.11363636363636363
2025-06-19 00:00:00,MSFT,5,-0.1
2025-06-20 00:00:00,MSFT,5,0.1
2025-06-21 00:00:00,MSFT,1,0.5
2025-06-22 00:00:00,MSFT,2,0.0
2025-06-23 00:00:00,MSFT,5,-0.13333333333333333
2025-06-24 00:00:00,MSFT,15,-0.07222222222222223
2025-06-25 00:00:00,MSFT,16,0.171875
2025-06-26 00:00:00,MSFT,15,0.07333333333333333
2025-06-27 00:00:00,MSFT,19,0.021929824561403508
2025-06-28 00:00:00,MSFT,5,0.06666666666666668
2025-06-29 00:00:00,MSFT,4,-0.04166666666666666
2025-06-30 00:00:00,MSFT,11,0.2545454545454545
2025-07-01 00:00:00,MSFT,15,0.07777777777777777
2025-07-02 00:00:00,MSFT,19,-0.013157894736842105
2025-07-03 00:00:00,MSFT,8,0.14583333333333331
2025-07-04 00:00:00,MSFT,8,0.1875
2025-07-06 00:00:00,MSFT,2,0.375
2025-07-07 00:00:00,MSFT,9,0.14444444444444446
2025-07-08 00:00:00,MSFT,7,0.03571428571428571
2025-07-09 00:00:00,MSFT,23,0.13985507246376813
2025-07-10 00:00:00,MSFT,16,0.15625
2025-07-11 00:00:00,MSFT,9,0.2
2025-07-12 00:00:00,MSFT,2,0.0
2025-07-13 00:00:00,MSFT,2,-0.5
2025-07-14 00:00:00,MSFT,12,0.10416666666666667
2025-07-15 00:00:00,MSFT,5,0.1
2025-07-16 00:00:00,MSFT,9,0.24629629629629632
2025-07-17 00:00:00,MSFT,12,0.08333333333333333
2025-07-18 00:00:00,MSFT,12,0.13888888888888887
2025-07-19 00:00:00,MSFT,4,-0.20833333333333331
2025-07-21 00:00:00,MSFT,20,-0.025
2025-07-22 00:00:00,MSFT,14,0.07142857142857142
2025-07-23 00:00:00,MSFT,12,0.015873015873015872
2025-07-24 00:00:00,MSFT,10,-0.025
2025-07-25 00:00:00,MSFT,10,0.09166666666666666
2025-07-26 00:00:00,MSFT,1,-0.5
2025-07-27 00:00:00,MSFT,1,0.0
2025-07-28 00:00:00,MSFT,16,0.20833333333333331
2025-07-29 00:00:00,MSFT,16,0.07291666666666666
2025-07-30 00:00:00,MSFT,16,0.0
2025-07-31 00:00:00,MSFT,53,0.22484276729559746
2025-08-01 00:00:00,MSFT,15,0.09777777777777778
2025-08-02 00:00:00,MSFT,5,0.0
2025-08-03 00:00:00,MSFT,2,-0.125
2025-08-04 00:00:00,MSFT,7,0.14285714285714285
2025-08-05 00:00:00,MSFT,12,0.2261904761904762
2025-08-06 00:00:00,MSFT,12,0.20277777777777775
2025-08-07 00:00:00,MSFT,13,-0.09615384615384616
2025-08-08 00:00:00,MSFT,3,0.08333333333333333
2025-08-09 00:00:00,MSFT,3,-0.5
2025-08-10 00:00:00,MSFT,1,-0.6666666666666666
2025-08-11 00:00:00,MSFT,11,0.08787878787878788
2025-08-12 00:00:00,MSFT,7,0.23809523809523808
2025-08-13 00:00:00,MSFT,12,0.11805555555555554
2025-08-14 00:00:00,MSFT,8,0.0625
2025-08-15 00:00:00,MSFT,12,-0.041666666666666664
2025-08-16 00:00:00,MSFT,1,-0.6666666666666666
2025-08-17 00:00:00,MSFT,1,0.0
2025-08-18 00:00:00,MSFT,10,0.08333333333333334
2025-08-19 00:00:00,MSFT,15,-0.04444444444444444
2025-08-20 00:00:00,MSFT,13,0.11538461538461539
2025-08-21 00:00:00,MSFT,9,-0.12962962962962962
2025-08-22 00:00:00,MSFT,10,0.075
2025-08-23 00:00:00,MSFT,2,0.0
2025-08-24 00:00:00,MSFT,3,0.0
2025-08-25 00:00:00,MSFT,13,0.08974358974358973
2025-08-26 00:00:00,MSFT,6,0.0
2025-08-27 00:00:00,MSFT,9,-0.12962962962962962
2025-08-28 00:00:00,MSFT,14,0.07738095238095237
2025-08-29 00:00:00,MSFT,6,-0.2708333333333333
2025-08-31 00:00:00,MSFT,3,-0.2222222222222222
2025-09-01 00:00:00,MSFT,4,-0.16666666666666666
2025-09-02 00:00:00,MSFT,7,-0.09523809523809523
2025-09-03 00:00:00,MSFT,11,0.3106060606060606
2025-09-04 00:00:00,MSFT,16,0.006249999999999999
2025-09-05 00:00:00,MSFT,13,0.038461538461538464
2025-09-06 00:00:00,MSFT,3,-0.2222222222222222
2025-09-07 00:00:00,MSFT,2,0.041666666666666685
2025-09-08 00:00:00,MSFT,11,-0.022727272727272728
2025-09-09 00:00:00,MSFT,14,0.1130952380952381
2025-09-10 00:00:00,MSFT,17,0.16470588235294117
2025-09-11 00:00:00,MSFT,20,0.15
2025-09-12 00:00:00,MSFT,15,-0.043333333333333335
2025-09-13 00:00:00,MSFT,3,0.0
2025-09-14 00:00:00,MSFT,4,0.1875
2025-09-15 00:00:00,MSFT,7,0.1142857142857143
2025-09-16 00:00:00,MSFT,13,0.19615384615384615
2025-09-17 00:00:00,MSFT,9,0.027777777777777776
2025-09-18 00:00:00,MSFT,6,-0.15
2025-09-19 00:00:00,MSFT,9,0.12962962962962962
2025-09-20 00:00:00,MSFT,2,-0.3333333333333333
2025-09-21 00:00:00,MSFT,5,0.0
2025-09-22 00:00:00,MSFT,15,0.04444444444444444
2025-09-23 00:00:00,MSFT,14,0.017857142857142856
2025-09-24 00:00:00,MSFT,10,-0.016666666666666663
2025-09-25 00:00:00,MSFT,12,0.125
2025-09-26 00:00:00,MSFT,10,0.15
2025-09-27 00:00:00,MSFT,3,0.0
2025-09-28 00:00:00,MSFT,2,0.25
2025-09-29 00:00:00,MSFT,12,0.09722222222222221
2025-09-30 00:00:00,MSFT,11,0.09090909090909091
2025-10-01 00:00:00,MSFT,15,0.06666666666666667
2025-10-02 00:00:00,MSFT,13,0.21153846153846154
2025-10-03 00:00:00,MSFT,11,0.030303030303030307
2025-10-04 00:00:00,MSFT,2,-0.25
2025-10-05 00:00:00,MSFT,1,0.0
2025-10-06 00:00:00,MSFT,17,0.03921568627450981
2025-10-07 00:00:00,MSFT,8,0.22916666666666666
2025-10-08 00:00:00,MSFT,12,0.2638888888888889
2025-10-09 00:00:00,MSFT,14,0.09523809523809523
2025-10-10 00:00:00,MSFT,9,0.12222222222222223
2025-10-11 00:00:00,MSFT,3,0.0
2025-10-12 00:00:00,MSFT,1,0.5
2025-10-13 00:00:00,MSFT,9,0.1388888888888889
2025-10-14 00:00:00,MSFT,10,0.13333333333333333
2025-10-15 00:00:00,MSFT,16,0.010416666666666664
2025-10-16 00:00:00,MSFT,17,0.0
2025-10-17 00:00:00,MSFT,9,0.12962962962962962
2025-10-18 00:00:00,MSFT,1,0.6666666666666666
2025-10-19 00:00:00,MSFT,3,0.0
2025-10-20 00:00:00,MSFT,8,-0.125
2025-10-21 00:00:00,MSFT,10,0.0
2025-10-22 00:00:00,MSFT,11,0.1764069264069264
2025-10-23 00:00:00,MSFT,11,0.0
2025-10-24 00:00:00,MSFT,4,0.0
2025-10-25 00:00:00,MSFT,1,0.0
2025-10-26 00:00:00,MSFT,2,-0.25
2025-10-27 00:00:00,MSFT,12,0.22916666666666666
2025-10-28 00:00:00,MSFT,22,0.03409090909090909
2025-10-29 00:00:00,MSFT,30,0.14333333333333334
2025-10-30 00:00:00,MSFT,30,0.22444444444444445
2025-10-31 00:00:00,MSFT,9,-0.05555555555555555
2025-11-01 00:00:00,MSFT,4,0.29166666666666663
2025-11-02 00:00:00,MSFT,4,0.4125
2025-11-03 00:00:00,MSFT,21,0.123015873015873
2025-11-04 00:00:00,MSFT,11,-0.07424242424242423
2025-11-05 00:00:00,MSFT,17,0.046078431372549015
2025-11-06 00:00:00,MSFT,9,-0.05555555555555555
2025-11-07 00:00:00,MSFT,14,-0.047619047619047616
2025-11-08 00:00:00,MSFT,4,-0.25
2025-11-09 00:00:00,MSFT,3,0.0
2025-11-10 00:00:00,MSFT,13,0.2987179487179487
2025-11-11 00:00:00,MSFT,16,0.071875
2025-11-12 00:00:00,MSFT,15,0.1
2025-11-13 00:00:00,MSFT,11,-0.07142857142857142
2025-11-14 00:00:00,MSFT,11,-0.10454545454545454
2025-11-15 00:00:00,MSFT,3,0.0
2025-11-16 00:00:00,MSFT,2,0.5
2025-11-17 00:00:00,MSFT,17,-0.019607843137254905
2025-11-18 00:00:00,MSFT,27,-0.04938271604938271
2025-11-19 00:00:00,MSFT,20,0.18333333333333332
2025-11-20 00:00:00,MSFT,10,0.22333333333333333
2025-11-21 00:00:00,MSFT,12,-0.06944444444444443
2025-11-22 00:00:00,MSFT,4,-0.4916666666666667
2025-11-23 00:00:00,MSFT,3,-0.05555555555555555
2025-11-24 00:00:00,MSFT,15,-0.011111111111111108
2025-11-25 00:00:00,MSFT,9,0.16296296296296298
2025-11-26 00:00:00,MSFT,10,0.15666666666666668
2025-11-27 00:00:00,MSFT,3,0.0
2025-11-28 00:00:00,MSFT,5,0.13333333333333333
2025-11-29 00:00:00,MSFT,2,-0.25
2025-12-01 00:00:00,MSFT,9,0.18518518518518517
2025-12-02 00:00:00,MSFT,15,-0.06111111111111111
2025-12-03 00:00:00,MSFT,17,0.014705882352941176
2025-12-04 00:00:00,MSFT,15,-0.16666666666666666
2025-12-05 00:00:00,MSFT,10,-0.11666666666666665
2025-12-06 00:00:00,MSFT,3,0.0
2025-12-07 00:00:00,MSFT,2,-0.5
2025-12-08 00:00:00,MSFT,14,0.08690476190476192
2025-12-09 00:00:00,MSFT,9,0.1111111111111111
2025-12-10 00:00:00,MSFT,13,-0.0282051282051282
2025-12-11 00:00:00,MSFT,9,-0.05555555555555555
2025-12-12 00:00:00,MSFT,9,0.0
2025-12-13 00:00:00,MSFT,1,0.0
2025-12-14 00:00:00,MSFT,6,-0.3055555555555555
2025-12-15 00:00:00,MSFT,10,0.16666666666666666
2025-12-16 00:00:00,MSFT,14,0.06785714285714285
2025-12-17 00:00:00,MSFT,15,0.06111111111111111
2025-12-18 00:00:00,MSFT,18,0.2037037037037037
2025-12-19 00:00:00,MSFT,6,0.08333333333333333
2025-12-20 00:00:00,MSFT,2,0.0
2025-12-21 00:00:00,MSFT,3,-0.02777777777777779
2025-12-22 00:00:00,MSFT,5,0.45
2025-12-23 00:00:00,MSFT,7,-0.05952380952380952
2025-12-24 00:00:00,MSFT,5,0.08333333333333333
2025-12-25 00:00:00,MSFT,3,0.16666666666666666
2025-12-26 00:00:00,MSFT,5,0.2333333333333333
2025-12-29 00:00:00,MSFT,5,-0.13333333333333333
2025-12-30 00:00:00,MSFT,7,0.07142857142857142
2025-12-31 00:00:00,MSFT,5,0.1
2026-01-01 00:00:00,MSFT,4,0.0
2026-01-02 00:00:00,MSFT,14,-0.03571428571428571
2026-01-05 00:00:00,MSFT,5,0.05
2026-01-06 00:00:00,MSFT,6,0.08333333333333333
2026-01-07 00:00:00,MSFT,9,-0.10185185185185185
2026-01-08 00:00:00,MSFT,15,0.1
2026-01-09 00:00:00,MSFT,5,0.2833333333333333
2026-01-10 00:00:00,MSFT,2,-0.041666666666666685
2026-01-11 00:00:00,MSFT,4,0.10416666666666666
2026-01-12 00:00:00,MSFT,11,0.045454545454545456
2026-01-13 00:00:00,MSFT,6,-0.027777777777777773
2026-01-14 00:00:00,MSFT,12,0.08333333333333333
2026-01-15 00:00:00,MSFT,14,0.05357142857142857
2026-01-16 00:00:00,MSFT,13,0.14102564102564102
2026-01-17 00:00:00,MSFT,2,-0.08333333333333331
2026-01-18 00:00:00,MSFT,3,-0.48888888888888893
2026-01-19 00:00:00,MSFT,5,0.3
2026-01-20 00:00:00,MSFT,14,-0.08214285714285714
2026-01-21 00:00:00,MSFT,14,-0.10476190476190476
2026-01-22 00:00:00,MSFT,23,0.14130434782608695
2026-01-23 00:00:00,MSFT,10,0.2
2026-01-25 00:00:00,MSFT,3,0.16666666666666666
2026-01-26 00:00:00,MSFT,16,0.109375
2026-01-27 00:00:00,MSFT,12,0.075
2026-01-28 00:00:00,MSFT,33,0.13333333333333333
2026-01-29 00:00:00,MSFT,33,0.1590909090909091
2026-01-30 00:00:00,MSFT,11,-0.1515151515151515
2026-01-31 00:00:00,MSFT,3,0.0
2026-02-01 00:00:00,MSFT,1,-0.4
2026-02-02 00:00:00,MSFT,11,0.015151515151515148
2026-02-03 00:00:00,MSFT,11,0.045454545454545456
2026-02-04 00:00:00,MSFT,13,-0.10256410256410256
2026-02-05 00:00:00,MSFT,17,-0.014705882352941176
2026-02-06 00:00:00,MSFT,14,-0.08333333333333333
2026-02-07 00:00:00,MSFT,1,0.0
2026-02-09 00:00:00,MSFT,13,0.044871794871794865
2026-02-10 00:00:00,MSFT,9,-0.05555555555555555
2026-02-11 00:00:00,MSFT,4,-0.16666666666666666
2026-02-12 00:00:00,MSFT,15,-0.008888888888888894
2026-02-13 00:00:00,MSFT,15,0.05714285714285714
2026-02-14 00:00:00,MSFT,1,0.0
2026-02-16 00:00:00,MSFT,4,-0.125
2026-02-17 00:00:00,MSFT,9,-0.1111111111111111
2026-02-18 00:00:00,MSFT,15,-0.07142857142857142
2026-02-19 00:00:00,MSFT,9,0.0
2026-02-20 00:00:00,MSFT,9,0.05555555555555555
2026-02-21 00:00:00,MSFT,4,-0.125
2026-02-22 00:00:00,MSFT,1,0.6666666666666666
2026-02-23 00:00:00,MSFT,17,0.09705882352941175
2026-02-24 00:00:00,MSFT,9,0.018518518518518514
2026-02-25 00:00:00,MSFT,18,0.21296296296296294
2026-02-26 00:00:00,MSFT,13,0.1512820512820513
2026-02-27 00:00:00,MSFT,17,0.014705882352941176
2026-03-01 00:00:00,MSFT,1,-0.6666666666666666
2026-03-02 00:00:00,MSFT,4,-0.3125
2026-03-03 00:00:00,MSFT,10,-0.05
2026-03-04 00:00:00,MSFT,10,-0.05
2026-03-05 00:00:00,MSFT,17,0.041176470588235294
2026-03-06 00:00:00,MSFT,12,0.125
2026-03-07 00:00:00,MSFT,4,-0.41666666666666663
2026-03-08 00:00:00,MSFT,1,0.0
2026-03-09 00:00:00,MSFT,9,-0.18518518518518517
2026-03-10 00:00:00,MSFT,11,0.045454545454545456
2026-03-11 00:00:00,MSFT,14,-0.05714285714285715
2026-03-12 00:00:00,MSFT,5,0.0
2026-03-13 00:00:00,MSFT,4,0.04166666666666666
2026-03-15 00:00:00,MSFT,1,0.0
2026-03-16 00:00:00,MSFT,8,-0.033333333333333326
2026-03-17 00:00:00,MSFT,9,0.05555555555555555
2026-03-18 00:00:00,MSFT,7,-0.01190476190476191
2026-03-19 00:00:00,MSFT,13,-0.04615384615384615
2026-03-20 00:00:00,MSFT,6,-0.1111111111111111
2026-03-22 00:00:00,MSFT,1,0.0
2026-03-23 00:00:00,MSFT,6,0.16666666666666666
2026-03-24 00:00:00,MSFT,20,-0.029166666666666667
2026-03-25 00:00:00,MSFT,17,0.019607843137254905
2026-03-26 00:00:00,MSFT,14,-0.011904761904761902
2026-03-27 00:00:00,MSFT,12,0.13888888888888887
2026-03-28 00:00:00,MSFT,1,0.0
2026-03-29 00:00:00,MSFT,1,0.25
2026-03-30 00:00:00,MSFT,14,0.04166666666666667
2026-03-31 00:00:00,MSFT,11,-0.06439393939393939
2026-04-01 00:00:00,MSFT,8,0.09375
2026-04-02 00:00:00,MSFT,15,0.03333333333333333
2026-04-03 00:00:00,MSFT,2,-0.25
2026-04-04 00:00:00,MSFT,2,0.25
2026-04-05 00:00:00,MSFT,1,0.0
2026-04-06 00:00:00,MSFT,8,-0.02083333333333333
2026-04-07 00:00:00,MSFT,8,0.078125
2026-04-08 00:00:00,MSFT,12,0.05555555555555555
2026-04-09 00:00:00,MSFT,16,0.05208333333333333
2026-04-10 00:00:00,MSFT,15,0.08888888888888889
2026-04-12 00:00:00,MSFT,2,0.0
2026-04-13 00:00:00,MSFT,12,0.05555555555555555
2026-04-14 00:00:00,MSFT,18,0.10648148148148147
2026-04-15 00:00:00,MSFT,18,0.2037037037037037
2026-04-16 00:00:00,MSFT,13,0.07692307692307693
2026-04-17 00:00:00,MSFT,11,0.18181818181818182
2026-04-18 00:00:00,MSFT,1,0.0
2026-04-20 00:00:00,MSFT,12,0.05555555555555555
2026-04-21 00:00:00,MSFT,12,0.09722222222222221
2026-04-22 00:00:00,MSFT,12,0.14583333333333334
2026-04-23 00:00:00,MSFT,14,-0.05357142857142857
2026-04-24 00:00:00,MSFT,8,0.010416666666666671
2026-04-25 00:00:00,MSFT,4,0.2833333333333333
2026-04-26 00:00:00,MSFT,2,-0.3333333333333333
2026-04-27 00:00:00,MSFT,24,0.06319444444444444
2026-04-28 00:00:00,MSFT,27,0.019135802469135803
2026-04-29 00:00:00,MSFT,33,0.1338383838383838
2026-04-30 00:00:00,MSFT,35,0.28476190476190477
2026-05-01 00:00:00,MSFT,18,0.027777777777777776
2026-05-02 00:00:00,MSFT,1,0.6666666666666666
2026-05-03 00:00:00,MSFT,4,0.02857142857142858
2026-05-04 00:00:00,MSFT,17,0.07352941176470588
2026-05-05 00:00:00,MSFT,25,0.05
2026-05-06 00:00:00,MSFT,12,-0.041666666666666664
2026-05-07 00:00:00,MSFT,13,0.1474358974358974
2026-05-08 00:00:00,MSFT,14,0.20357142857142857
2026-05-09 00:00:00,MSFT,1,0.6666666666666666
2026-05-10 00:00:00,MSFT,5,0.16666666666666669
2026-05-11 00:00:00,MSFT,10,0.16666666666666666
2026-05-12 00:00:00,MSFT,12,0.041666666666666664
2026-05-13 00:00:00,MSFT,12,0.13888888888888887
2026-05-14 00:00:00,MSFT,16,0.015625
2026-05-15 00:00:00,MSFT,24,0.06458333333333334
2026-05-16 00:00:00,MSFT,8,0.1625
2026-05-17 00:00:00,MSFT,2,-0.625
2026-05-18 00:00:00,MSFT,22,-0.10227272727272728
2026-05-19 00:00:00,MSFT,16,-0.16666666666666666
2026-05-20 00:00:00,MSFT,20,-0.008333333333333331
2026-05-21 00:00:00,MSFT,17,-0.0392156862745098
2026-05-22 00:00:00,MSFT,8,0.3125
2026-05-23 00:00:00,MSFT,3,-0.2222222222222222
2026-05-24 00:00:00,MSFT,3,-0.25
2026-05-25 00:00:00,MSFT,4,-0.125
2026-05-26 00:00:00,MSFT,7,0.09523809523809523
2026-05-27 00:00:00,MSFT,12,0.048611111111111105
2026-05-28 00:00:00,MSFT,20,0.2375
2026-05-29 00:00:00,MSFT,15,0.18333333333333332
2026-05-30 00:00:00,MSFT,3,0.0
2026-05-31 00:00:00,MSFT,3,0.5555555555555555
2026-06-01 00:00:00,MSFT,25,0.10666666666666666
2026-06-02 00:00:00,MSFT,27,0.04259259259259259
2026-06-03 00:00:00,MSFT,15,0.14333333333333334
2026-06-04 00:00:00,MSFT,13,0.03205128205128205
2026-06-05 00:00:00,MSFT,13,-0.0064102564102564135
2026-06-06 00:00:00,MSFT,2,0.0
2026-06-07 00:00:00,MSFT,7,0.22619047619047622
2026-06-08 00:00:00,MSFT,9,0.1111111111111111
2026-06-09 00:00:00,MSFT,15,0.13333333333333333
2026-06-10 00:00:00,MSFT,12,-0.020833333333333332
2026-06-11 00:00:00,MSFT,10,-0.10666666666666666
2026-06-12 00:00:00,MSFT,6,0.027777777777777773
2026-06-13 00:00:00,MSFT,2,0.3333333333333333
2026-06-14 00:00:00,MSFT,5,0.026666666666666682
2026-06-15 00:00:00,MSFT,9,0.12962962962962962
2026-06-16 00:00:00,MSFT,14,0.1285714285714286
2026-06-17 00:00:00,MSFT,13,0.025641025641025637
2026-06-18 00:00:00,MSFT,4,-0.04166666666666666
2026-06-19 00:00:00,MSFT,6,-0.1111111111111111
2026-06-20 00:00:00,MSFT,3,0.16666666666666666
2026-06-21 00:00:00,MSFT,4,0.0625
2026-06-22 00:00:00,MSFT,18,0.06944444444444445
2026-06-23 00:00:00,MSFT,8,-0.02083333333333333
2026-06-24 00:00:00,MSFT,14,-0.03571428571428571
2026-06-25 00:00:00,MSFT,13,0.2564102564102564
2026-06-26 00:00:00,MSFT,17,-0.1323529411764706
2026-06-27 00:00:00,MSFT,2,0.0
2026-06-28 00:00:00,MSFT,1,0.0
2026-06-29 00:00:00,MSFT,14,-0.04166666666666667
2026-06-30 00:00:00,MSFT,8,-0.20833333333333331
2026-07-01 00:00:00,MSFT,1,0.0
2023-10-31 00:00:00,NVDA,1,0.0
2024-08-01 00:00:00,NVDA,15,-0.000555555555555561
2024-08-02 00:00:00,NVDA,18,-0.25092592592592594
2024-08-04 00:00:00,NVDA,3,-0.38888888888888884
2024-08-05 00:00:00,NVDA,24,-0.21527777777777776
2024-08-06 00:00:00,NVDA,20,-0.1875
2024-08-07 00:00:00,NVDA,12,0.03472222222222222
2024-08-08 00:00:00,NVDA,13,0.08333333333333334
2024-08-09 00:00:00,NVDA,9,0.12962962962962962
2024-08-10 00:00:00,NVDA,1,0.0
2024-08-11 00:00:00,NVDA,2,0.4583333333333333
2024-08-12 00:00:00,NVDA,10,0.0
2024-08-13 00:00:00,NVDA,16,0.11979166666666666
2024-08-14 00:00:00,NVDA,15,0.22555555555555556
2024-08-15 00:00:00,NVDA,10,0.1
2024-08-16 00:00:00,NVDA,9,0.23412698412698413
2024-08-17 00:00:00,NVDA,1,0.0
2024-08-18 00:00:00,NVDA,3,-0.16666666666666666
2024-08-19 00:00:00,NVDA,11,0.17424242424242423
2024-08-20 00:00:00,NVDA,15,0.18222222222222223
2024-08-21 00:00:00,NVDA,10,0.11666666666666665
2024-08-22 00:00:00,NVDA,11,0.14696969696969697
2024-08-23 00:00:00,NVDA,15,0.05555555555555555
2024-08-24 00:00:00,NVDA,1,0.5
2024-08-25 00:00:00,NVDA,1,0.0
2024-08-26 00:00:00,NVDA,17,0.09803921568627451
2024-08-27 00:00:00,NVDA,22,0.12878787878787878
2024-08-28 00:00:00,NVDA,45,0.0574074074074074
2024-08-29 00:00:00,NVDA,51,0.23496732026143788
2024-08-30 00:00:00,NVDA,19,-0.06578947368421052
2024-09-01 00:00:00,NVDA,2,-0.25
2024-09-02 00:00:00,NVDA,8,-0.02083333333333333
2024-09-03 00:00:00,NVDA,20,-0.045
2024-09-04 00:00:00,NVDA,25,-0.15147619047619046
2024-09-05 00:00:00,NVDA,19,-0.11654135338345865
2024-09-06 00:00:00,NVDA,12,-0.3171296296296296
2024-09-07 00:00:00,NVDA,2,-0.4166666666666667
2024-09-08 00:00:00,NVDA,3,0.16666666666666666
2024-09-09 00:00:00,NVDA,13,-0.14102564102564102
2024-09-10 00:00:00,NVDA,19,0.14298245614035088
2024-09-11 00:00:00,NVDA,14,0.06547619047619048
2024-09-12 00:00:00,NVDA,16,0.16666666666666666
2024-09-13 00:00:00,NVDA,13,0.28846153846153844
2024-09-14 00:00:00,NVDA,3,0.38888888888888884
2024-09-15 00:00:00,NVDA,2,-0.3333333333333333
2024-09-16 00:00:00,NVDA,14,0.0619047619047619
2024-09-17 00:00:00,NVDA,16,0.07291666666666666
2024-09-18 00:00:00,NVDA,13,-0.08333333333333333
2024-09-19 00:00:00,NVDA,19,-0.09899749373433583
2024-09-20 00:00:00,NVDA,6,0.125
2024-09-21 00:00:00,NVDA,1,-0.75
2024-09-22 00:00:00,NVDA,2,-0.08333333333333331
2024-09-23 00:00:00,NVDA,14,0.125
2024-09-24 00:00:00,NVDA,14,0.17023809523809524
2024-09-25 00:00:00,NVDA,18,0.287037037037037
2024-09-26 00:00:00,NVDA,11,0.13636363636363635
2024-09-27 00:00:00,NVDA,10,0.14166666666666666
2024-09-28 00:00:00,NVDA,1,0.0
2024-09-29 00:00:00,NVDA,2,-0.25
2024-09-30 00:00:00,NVDA,9,0.2037037037037037
2024-10-01 00:00:00,NVDA,12,0.14583333333333334
2024-10-02 00:00:00,NVDA,21,0.047619047619047616
2024-10-03 00:00:00,NVDA,16,0.0
2024-10-04 00:00:00,NVDA,16,0.15104166666666666
2024-10-05 00:00:00,NVDA,2,-0.25
2024-10-06 00:00:00,NVDA,2,-0.25
2024-10-07 00:00:00,NVDA,15,0.11666666666666667
2024-10-08 00:00:00,NVDA,22,0.04090909090909091
2024-10-09 00:00:00,NVDA,13,0.2602564102564103
2024-10-10 00:00:00,NVDA,13,0.08974358974358973
2024-10-11 00:00:00,NVDA,11,0.18181818181818182
2024-10-12 00:00:00,NVDA,2,0.25
2024-10-13 00:00:00,NVDA,2,-0.25
2024-10-14 00:00:00,NVDA,13,0.1512820512820513
2024-10-15 00:00:00,NVDA,23,0.011594202898550721
2024-10-16 00:00:00,NVDA,23,-0.06884057971014493
2024-10-17 00:00:00,NVDA,11,0.36818181818181817
2024-10-18 00:00:00,NVDA,13,0.17307692307692307
2024-10-20 00:00:00,NVDA,4,0.125
2024-10-21 00:00:00,NVDA,17,0.14705882352941177
2024-10-22 00:00:00,NVDA,11,0.11363636363636363
2024-10-23 00:00:00,NVDA,10,0.20833333333333331
2024-10-24 00:00:00,NVDA,13,0.15256410256410258
2024-10-25 00:00:00,NVDA,13,0.2564102564102564
2024-10-26 00:00:00,NVDA,1,0.0
2024-10-27 00:00:00,NVDA,2,0.375
2024-10-28 00:00:00,NVDA,12,0.1875
2024-10-29 00:00:00,NVDA,13,0.08974358974358973
2024-10-30 00:00:00,NVDA,12,0.125
2024-10-31 00:00:00,NVDA,8,0.23958333333333331
2024-11-01 00:00:00,NVDA,9,0.049999999999999996
2024-11-02 00:00:00,NVDA,1,0.0
2024-11-03 00:00:00,NVDA,2,0.0
2024-11-04 00:00:00,NVDA,16,0.03125
2024-11-05 00:00:00,NVDA,15,0.15
2024-11-06 00:00:00,NVDA,10,0.24166666666666664
2024-11-07 00:00:00,NVDA,10,0.18333333333333332
2024-11-08 00:00:00,NVDA,9,0.25555555555555554
2024-11-09 00:00:00,NVDA,2,0.25
2024-11-10 00:00:00,NVDA,1,0.0
2024-11-11 00:00:00,NVDA,20,0.07666666666666666
2024-11-12 00:00:00,NVDA,15,0.23333333333333334
2024-11-13 00:00:00,NVDA,12,0.25
2024-11-14 00:00:00,NVDA,24,0.17592592592592593
2024-11-15 00:00:00,NVDA,11,0.07575757575757576
2024-11-16 00:00:00,NVDA,2,0.0
2024-11-17 00:00:00,NVDA,4,0.04166666666666666
2024-11-18 00:00:00,NVDA,27,0.0771604938271605
2024-11-19 00:00:00,NVDA,27,0.18262786596119931
2024-11-20 00:00:00,NVDA,35,0.04285714285714286
2024-11-21 00:00:00,NVDA,47,0.3179078014184397
2024-11-22 00:00:00,NVDA,18,0.1412037037037037
2024-11-23 00:00:00,NVDA,3,-0.2222222222222222
2024-11-24 00:00:00,NVDA,2,0.0
2024-11-25 00:00:00,NVDA,17,0.20588235294117646
2024-11-26 00:00:00,NVDA,9,0.15740740740740738
2024-11-27 00:00:00,NVDA,12,0.08333333333333333
2024-11-28 00:00:00,NVDA,8,0.14583333333333331
2024-11-29 00:00:00,NVDA,6,0.016666666666666663
2024-12-02 00:00:00,NVDA,16,0.08333333333333334
2024-12-03 00:00:00,NVDA,13,0.05128205128205128
2024-12-04 00:00:00,NVDA,13,-0.012820512820512818
2024-12-05 00:00:00,NVDA,11,0.0606060606060606
2024-12-06 00:00:00,NVDA,10,0.016666666666666663
2024-12-07 00:00:00,NVDA,2,0.0
2024-12-08 00:00:00,NVDA,4,0.5833333333333333
2024-12-09 00:00:00,NVDA,15,-0.16444444444444445
2024-12-10 00:00:00,NVDA,16,-0.078125
2024-12-11 00:00:00,NVDA,15,0.10277777777777779
2024-12-12 00:00:00,NVDA,13,0.038461538461538464
2024-12-13 00:00:00,NVDA,16,0.11458333333333333
2024-12-14 00:00:00,NVDA,1,0.0
2024-12-15 00:00:00,NVDA,2,-0.3333333333333333
2024-12-16 00:00:00,NVDA,16,0.17395833333333333
2024-12-17 00:00:00,NVDA,17,0.012254901960784315
2024-12-18 00:00:00,NVDA,14,-0.09285714285714286
2024-12-19 00:00:00,NVDA,7,0.07142857142857142
2024-12-20 00:00:00,NVDA,10,0.11666666666666665
2024-12-21 00:00:00,NVDA,2,-0.3333333333333333
2024-12-22 00:00:00,NVDA,3,0.2222222222222222
2024-12-23 00:00:00,NVDA,13,0.05128205128205128
2024-12-24 00:00:00,NVDA,15,0.15555555555555553
2024-12-25 00:00:00,NVDA,8,0.09375
2024-12-26 00:00:00,NVDA,7,0.25
2024-12-27 00:00:00,NVDA,8,-0.0625
2024-12-29 00:00:00,NVDA,2,0.25
2024-12-30 00:00:00,NVDA,16,0.1875
2024-12-31 00:00:00,NVDA,9,0.0
2025-01-01 00:00:00,NVDA,4,-0.1875
2025-01-02 00:00:00,NVDA,14,0.047619047619047616
2025-01-03 00:00:00,NVDA,9,0.07407407407407407
2025-01-04 00:00:00,NVDA,2,-0.3333333333333333
2025-01-05 00:00:00,NVDA,1,0.6666666666666666
2025-01-06 00:00:00,NVDA,20,0.18333333333333332
2025-01-07 00:00:00,NVDA,45,0.09462962962962962
2025-01-08 00:00:00,NVDA,28,0.03571428571428571
2025-01-09 00:00:00,NVDA,12,-0.1875
2025-01-10 00:00:00,NVDA,19,0.03289473684210526
2025-01-11 00:00:00,NVDA,2,-0.3333333333333333
2025-01-12 00:00:00,NVDA,3,0.16666666666666666
2025-01-13 00:00:00,NVDA,18,0.09722222222222222
2025-01-14 00:00:00,NVDA,11,0.045454545454545456
2025-01-15 00:00:00,NVDA,14,0.045238095238095244
2025-01-16 00:00:00,NVDA,18,0.2726190476190476
2025-01-17 00:00:00,NVDA,19,0.11403508771929824
2025-01-18 00:00:00,NVDA,1,0.0
2025-01-19 00:00:00,NVDA,4,-0.125
2025-01-20 00:00:00,NVDA,3,0.16666666666666666
2025-01-21 00:00:00,NVDA,10,0.11666666666666665
2025-01-22 00:00:00,NVDA,17,0.3852941176470588
2025-01-23 00:00:00,NVDA,10,-0.041666666666666664
2025-01-24 00:00:00,NVDA,8,0.08333333333333333
2025-01-25 00:00:00,NVDA,1,-0.5
2025-01-27 00:00:00,NVDA,36,-0.17777777777777778
2025-01-28 00:00:00,NVDA,38,-0.2043859649122807
2025-01-29 00:00:00,NVDA,36,-0.039351851851851846
2025-01-30 00:00:00,NVDA,12,0.025000000000000005
2025-01-31 00:00:00,NVDA,20,-0.0875
2025-02-01 00:00:00,NVDA,3,-0.16666666666666666
2025-02-02 00:00:00,NVDA,4,-0.3125
2025-02-03 00:00:00,NVDA,12,-0.2333333333333333
2025-02-04 00:00:00,NVDA,14,-0.08928571428571429
2025-02-05 00:00:00,NVDA,16,-0.11979166666666666
2025-02-06 00:00:00,NVDA,14,0.13095238095238096
2025-02-07 00:00:00,NVDA,5,0.13333333333333333
2025-02-09 00:00:00,NVDA,1,0.25
2025-02-10 00:00:00,NVDA,13,0.09615384615384616
2025-02-11 00:00:00,NVDA,15,-0.016666666666666666
2025-02-12 00:00:00,NVDA,13,0.13205128205128205
2025-02-13 00:00:00,NVDA,9,0.08333333333333333
2025-02-14 00:00:00,NVDA,21,0.16666666666666666
2025-02-15 00:00:00,NVDA,1,0.5
2025-02-16 00:00:00,NVDA,1,0.0
2025-02-17 00:00:00,NVDA,4,0.0
2025-02-18 00:00:00,NVDA,10,0.2633333333333333
2025-02-19 00:00:00,NVDA,13,-0.03205128205128205
2025-02-20 00:00:00,NVDA,10,-0.08333333333333334
2025-02-21 00:00:00,NVDA,9,-0.05555555555555555
2025-02-22 00:00:00,NVDA,1,-0.6666666666666666
2025-02-23 00:00:00,NVDA,3,-0.055555555555555546
2025-02-24 00:00:00,NVDA,17,0.03725490196078432
2025-02-25 00:00:00,NVDA,19,-0.05964912280701754
2025-02-26 00:00:00,NVDA,26,0.03782051282051282
2025-02-27 00:00:00,NVDA,36,0.13055555555555556
2025-02-28 00:00:00,NVDA,21,-0.14444444444444443
2025-03-01 00:00:00,NVDA,1,-0.5
2025-03-02 00:00:00,NVDA,2,0.0
2025-03-03 00:00:00,NVDA,22,-0.007575757575757574
2025-03-04 00:00:00,NVDA,16,-0.17857142857142858
2025-03-05 00:00:00,NVDA,8,-0.15625
2025-03-06 00:00:00,NVDA,10,-0.1925
2025-03-07 00:00:00,NVDA,12,-0.0069444444444444475
2025-03-08 00:00:00,NVDA,1,-0.5
2025-03-10 00:00:00,NVDA,11,-0.06818181818181818
2025-03-11 00:00:00,NVDA,15,-0.10444444444444444
2025-03-12 00:00:00,NVDA,15,-0.016666666666666666
2025-03-13 00:00:00,NVDA,19,0.07894736842105263
2025-03-14 00:00:00,NVDA,6,0.16666666666666666
2025-03-16 00:00:00,NVDA,2,-0.6000000000000001
2025-03-17 00:00:00,NVDA,18,-0.09259259259259259
2025-03-18 00:00:00,NVDA,31,0.03225806451612903
2025-03-19 00:00:00,NVDA,45,0.0
2025-03-20 00:00:00,NVDA,17,0.029411764705882353
2025-03-21 00:00:00,NVDA,13,0.12692307692307692
2025-03-22 00:00:00,NVDA,2,0.0
2025-03-23 00:00:00,NVDA,3,-0.47222222222222215
2025-03-24 00:00:00,NVDA,15,-0.02444444444444444
2025-03-25 00:00:00,NVDA,15,0.09444444444444443
2025-03-26 00:00:00,NVDA,18,-0.12268518518518517
2025-03-27 00:00:00,NVDA,20,-0.22916666666666666
2025-03-28 00:00:00,NVDA,11,-0.03636363636363637
2025-03-29 00:00:00,NVDA,4,-0.04166666666666666
2025-03-30 00:00:00,NVDA,1,0.0
2025-03-31 00:00:00,NVDA,14,-0.017857142857142856
2025-04-01 00:00:00,NVDA,16,-0.15029761904761904
2025-04-02 00:00:00,NVDA,13,-0.05128205128205128
2025-04-03 00:00:00,NVDA,18,-0.07500000000000001
2025-04-04 00:00:00,NVDA,18,-0.3861111111111111
2025-04-05 00:00:00,NVDA,2,-0.7083333333333333
2025-04-06 00:00:00,NVDA,1,0.0
2025-04-07 00:00:00,NVDA,19,-0.30588972431077693
2025-04-08 00:00:00,NVDA,12,-0.29583333333333334
2025-04-09 00:00:00,NVDA,20,-0.16083333333333333
2025-04-10 00:00:00,NVDA,12,-0.03819444444444445
2025-04-11 00:00:00,NVDA,10,-0.2
2025-04-12 00:00:00,NVDA,3,-0.47222222222222215
2025-04-14 00:00:00,NVDA,19,-0.11403508771929824
2025-04-15 00:00:00,NVDA,18,-0.13796296296296295
2025-04-16 00:00:00,NVDA,36,-0.03888888888888889
2025-04-17 00:00:00,NVDA,21,-0.025793650793650792
2025-04-18 00:00:00,NVDA,9,-0.1388888888888889
2025-04-19 00:00:00,NVDA,1,0.0
2025-04-20 00:00:00,NVDA,3,0.0
2025-04-21 00:00:00,NVDA,18,-0.10648148148148147
2025-04-22 00:00:00,NVDA,21,-0.04365079365079365
2025-04-23 00:00:00,NVDA,9,-0.08333333333333333
2025-04-24 00:00:00,NVDA,13,0.012820512820512818
2025-04-25 00:00:00,NVDA,17,0.0742296918767507
2025-04-27 00:00:00,NVDA,1,0.25
2025-04-28 00:00:00,NVDA,16,0.005208333333333336
2025-04-29 00:00:00,NVDA,10,0.1
2025-04-30 00:00:00,NVDA,17,-0.11764705882352941
2025-05-01 00:00:00,NVDA,9,0.07407407407407407
2025-05-02 00:00:00,NVDA,8,0.0
2025-05-03 00:00:00,NVDA,2,0.3333333333333333
2025-05-04 00:00:00,NVDA,2,-0.2
2025-05-05 00:00:00,NVDA,11,-0.015151515151515148
2025-05-06 00:00:00,NVDA,9,-0.027777777777777776
2025-05-07 00:00:00,NVDA,16,-0.10052083333333334
2025-05-08 00:00:00,NVDA,15,-0.06333333333333332
2025-05-09 00:00:00,NVDA,9,0.05555555555555555
2025-05-10 00:00:00,NVDA,1,0.5
2025-05-11 00:00:00,NVDA,1,0.0
2025-05-12 00:00:00,NVDA,12,-0.15277777777777776
2025-05-13 00:00:00,NVDA,20,0.13273809523809524
2025-05-14 00:00:00,NVDA,20,0.19833333333333333
2025-05-15 00:00:00,NVDA,21,0.07142857142857142
2025-05-16 00:00:00,NVDA,19,-0.12280701754385963
2025-05-17 00:00:00,NVDA,2,0.0
2025-05-18 00:00:00,NVDA,3,0.3
2025-05-19 00:00:00,NVDA,32,0.046875
2025-05-20 00:00:00,NVDA,23,0.11956521739130435
2025-05-21 00:00:00,NVDA,19,-0.05263157894736842
2025-05-22 00:00:00,NVDA,22,0.09848484848484848
2025-05-23 00:00:00,NVDA,16,-0.09375
2025-05-24 00:00:00,NVDA,4,0.0
2025-05-25 00:00:00,NVDA,4,-0.3666666666666667
2025-05-26 00:00:00,NVDA,4,0.125
2025-05-27 00:00:00,NVDA,19,0.0
2025-05-28 00:00:00,NVDA,32,0.11458333333333333
2025-05-29 00:00:00,NVDA,50,0.22733333333333333
2025-05-30 00:00:00,NVDA,21,-0.016666666666666666
2025-05-31 00:00:00,NVDA,3,-0.055555555555555546
2025-06-01 00:00:00,NVDA,2,-0.25
2025-06-02 00:00:00,NVDA,10,0.11666666666666665
2025-06-03 00:00:00,NVDA,15,0.05555555555555556
2025-06-04 00:00:00,NVDA,18,0.1388888888888889
2025-06-05 00:00:00,NVDA,8,0.1875
2025-06-06 00:00:00,NVDA,8,0.010416666666666671
2025-06-07 00:00:00,NVDA,1,0.0
2025-06-08 00:00:00,NVDA,1,0.0
2025-06-09 00:00:00,NVDA,16,0.03125
2025-06-10 00:00:00,NVDA,11,0.09090909090909091
2025-06-11 00:00:00,NVDA,29,0.05459770114942528
2025-06-12 00:00:00,NVDA,17,0.1715686274509804
2025-06-13 00:00:00,NVDA,8,-0.1
2025-06-14 00:00:00,NVDA,2,0.25
2025-06-15 00:00:00,NVDA,2,0.25
2025-06-16 00:00:00,NVDA,7,0.14285714285714285
2025-06-17 00:00:00,NVDA,15,0.20555555555555555
2025-06-18 00:00:00,NVDA,9,0.3333333333333333
2025-06-19 00:00:00,NVDA,4,0.0
2025-06-20 00:00:00,NVDA,11,0.045454545454545456
2025-06-21 00:00:00,NVDA,2,0.0
2025-06-22 00:00:00,NVDA,2,0.0
2025-06-23 00:00:00,NVDA,11,-0.04978354978354978
2025-06-24 00:00:00,NVDA,10,0.2
2025-06-25 00:00:00,NVDA,12,0.19999999999999998
2025-06-26 00:00:00,NVDA,21,0.1706349206349206
2025-06-27 00:00:00,NVDA,17,0.12009803921568626
2025-06-28 00:00:00,NVDA,1,0.0
2025-06-29 00:00:00,NVDA,2,-0.2
2025-06-30 00:00:00,NVDA,7,0.32857142857142857
2025-07-01 00:00:00,NVDA,17,0.16176470588235295
2025-07-02 00:00:00,NVDA,15,0.0018518518518518526
2025-07-03 00:00:00,NVDA,20,0.17083333333333334
2025-07-04 00:00:00,NVDA,10,0.175
2025-07-06 00:00:00,NVDA,3,0.25
2025-07-07 00:00:00,NVDA,16,0.18541666666666667
2025-07-08 00:00:00,NVDA,14,0.24047619047619048
2025-07-09 00:00:00,NVDA,19,0.019298245614035082
2025-07-10 00:00:00,NVDA,27,0.17222222222222225
2025-07-11 00:00:00,NVDA,15,0.07
2025-07-12 00:00:00,NVDA,2,-0.375
2025-07-13 00:00:00,NVDA,2,-0.25
2025-07-14 00:00:00,NVDA,14,0.0
2025-07-15 00:00:00,NVDA,24,0.2652777777777778
2025-07-16 00:00:00,NVDA,27,0.23333333333333334
2025-07-17 00:00:00,NVDA,22,0.10606060606060606
2025-07-18 00:00:00,NVDA,12,0.05555555555555555
2025-07-19 00:00:00,NVDA,3,0.0
2025-07-20 00:00:00,NVDA,2,-0.1333333333333333
2025-07-21 00:00:00,NVDA,17,0.014705882352941176
2025-07-22 00:00:00,NVDA,12,-0.08333333333333333
2025-07-23 00:00:00,NVDA,14,0.20238095238095236
2025-07-24 00:00:00,NVDA,16,0.09375
2025-07-25 00:00:00,NVDA,14,-0.1130952380952381
2025-07-26 00:00:00,NVDA,1,0.0
2025-07-27 00:00:00,NVDA,1,0.0
2025-07-28 00:00:00,NVDA,15,0.057777777777777775
2025-07-29 00:00:00,NVDA,20,0.15416666666666665
2025-07-30 00:00:00,NVDA,13,0.09615384615384616
2025-07-31 00:00:00,NVDA,12,0.21944444444444444
2025-08-01 00:00:00,NVDA,10,-0.21666666666666665
2025-08-02 00:00:00,NVDA,2,-0.25
2025-08-03 00:00:00,NVDA,1,-0.25
2025-08-04 00:00:00,NVDA,12,0.10972222222222222
2025-08-05 00:00:00,NVDA,14,0.21428571428571427
2025-08-06 00:00:00,NVDA,16,-0.09791666666666667
2025-08-07 00:00:00,NVDA,13,0.057692307692307696
2025-08-08 00:00:00,NVDA,10,0.1
2025-08-09 00:00:00,NVDA,2,-0.7083333333333333
2025-08-11 00:00:00,NVDA,20,0.08166666666666667
2025-08-12 00:00:00,NVDA,19,-0.08333333333333333
2025-08-13 00:00:00,NVDA,18,0.10634920634920635
2025-08-14 00:00:00,NVDA,18,0.1111111111111111
2025-08-15 00:00:00,NVDA,10,0.0
2025-08-16 00:00:00,NVDA,4,0.125
2025-08-17 00:00:00,NVDA,2,0.0
2025-08-18 00:00:00,NVDA,11,0.2545454545454545
2025-08-19 00:00:00,NVDA,16,-0.010416666666666664
2025-08-20 00:00:00,NVDA,24,0.05803571428571428
2025-08-21 00:00:00,NVDA,19,0.15175438596491228
2025-08-22 00:00:00,NVDA,19,0.20614035087719298
2025-08-23 00:00:00,NVDA,2,-0.25
2025-08-24 00:00:00,NVDA,2,0.0
2025-08-25 00:00:00,NVDA,31,0.08010752688172043
2025-08-26 00:00:00,NVDA,32,0.033854166666666664
2025-08-27 00:00:00,NVDA,39,0.10555555555555554
2025-08-28 00:00:00,NVDA,54,0.225
2025-08-29 00:00:00,NVDA,18,0.09259259259259259
2025-08-30 00:00:00,NVDA,4,-0.04166666666666666
2025-08-31 00:00:00,NVDA,6,-0.2638888888888889
2025-09-01 00:00:00,NVDA,6,0.013888888888888895
2025-09-02 00:00:00,NVDA,17,-0.049019607843137254
2025-09-03 00:00:00,NVDA,13,0.17307692307692307
2025-09-04 00:00:00,NVDA,27,-0.008641975308641978
2025-09-05 00:00:00,NVDA,19,0.034210526315789476
2025-09-06 00:00:00,NVDA,4,0.25
2025-09-07 00:00:00,NVDA,3,-0.01666666666666668
2025-09-08 00:00:00,NVDA,12,-0.020833333333333332
2025-09-09 00:00:00,NVDA,14,0.05357142857142857
2025-09-10 00:00:00,NVDA,15,0.23666666666666666
2025-09-11 00:00:00,NVDA,13,0.10897435897435896
2025-09-12 00:00:00,NVDA,14,0.20119047619047617
2025-09-13 00:00:00,NVDA,2,0.0
2025-09-14 00:00:00,NVDA,1,0.0
2025-09-15 00:00:00,NVDA,22,0.07045454545454545
2025-09-16 00:00:00,NVDA,19,0.1298245614035088
2025-09-17 00:00:00,NVDA,21,-0.026984126984126982
2025-09-18 00:00:00,NVDA,28,-0.008333333333333335
2025-09-19 00:00:00,NVDA,24,0.09375
2025-09-20 00:00:00,NVDA,2,0.25
2025-09-21 00:00:00,NVDA,4,0.10416666666666666
2025-09-22 00:00:00,NVDA,25,0.12933333333333333
2025-09-23 00:00:00,NVDA,25,0.07
2025-09-24 00:00:00,NVDA,19,0.028947368421052635
2025-09-25 00:00:00,NVDA,22,0.125
2025-09-26 00:00:00,NVDA,9,-0.14814814814814814
2025-09-28 00:00:00,NVDA,2,0.0
2025-09-29 00:00:00,NVDA,18,0.027777777777777776
2025-09-30 00:00:00,NVDA,22,0.13257575757575757
2025-10-01 00:00:00,NVDA,17,0.0784313725490196
2025-10-02 00:00:00,NVDA,16,0.13541666666666666
2025-10-03 00:00:00,NVDA,21,0.15476190476190477
2025-10-04 00:00:00,NVDA,4,-0.125
2025-10-05 00:00:00,NVDA,1,0.5
2025-10-06 00:00:00,NVDA,15,0.07222222222222223
2025-10-07 00:00:00,NVDA,21,0.15873015873015872
2025-10-08 00:00:00,NVDA,19,0.19298245614035087
2025-10-09 00:00:00,NVDA,24,0.24305555555555555
2025-10-10 00:00:00,NVDA,20,0.1575
2025-10-11 00:00:00,NVDA,2,-0.5833333333333333
2025-10-12 00:00:00,NVDA,3,0.0
2025-10-13 00:00:00,NVDA,25,0.10666666666666666
2025-10-14 00:00:00,NVDA,20,0.16916666666666666
2025-10-15 00:00:00,NVDA,22,0.20075757575757572
2025-10-16 00:00:00,NVDA,19,0.04473684210526316
2025-10-17 00:00:00,NVDA,14,0.0
2025-10-18 00:00:00,NVDA,4,0.04166666666666666
2025-10-19 00:00:00,NVDA,5,-0.1
2025-10-20 00:00:00,NVDA,11,-0.09090909090909091
2025-10-21 00:00:00,NVDA,7,0.07142857142857142
2025-10-22 00:00:00,NVDA,10,0.075
2025-10-23 00:00:00,NVDA,13,0.19230769230769232
2025-10-24 00:00:00,NVDA,12,0.13888888888888887
2025-10-25 00:00:00,NVDA,2,0.0
2025-10-26 00:00:00,NVDA,2,0.0
2025-10-27 00:00:00,NVDA,11,0.07727272727272727
2025-10-28 00:00:00,NVDA,72,0.11226851851851853
2025-10-29 00:00:00,NVDA,33,0.16818181818181818
2025-10-30 00:00:00,NVDA,21,0.10714285714285714
2025-10-31 00:00:00,NVDA,23,0.13716356107660455
2025-11-01 00:00:00,NVDA,4,0.08333333333333334
2025-11-02 00:00:00,NVDA,6,0.38611111111111107
2025-11-03 00:00:00,NVDA,38,0.11622807017543861
2025-11-04 00:00:00,NVDA,29,-0.010919540229885057
2025-11-05 00:00:00,NVDA,21,0.1645124716553288
2025-11-06 00:00:00,NVDA,20,0.0016666666666666607
2025-11-07 00:00:00,NVDA,19,0.0
2025-11-08 00:00:00,NVDA,6,-0.19444444444444442
2025-11-09 00:00:00,NVDA,3,-0.26666666666666666
2025-11-10 00:00:00,NVDA,19,0.3666666666666667
2025-11-11 00:00:00,NVDA,21,0.05158730158730159
2025-11-12 00:00:00,NVDA,24,0.08432539682539682
2025-11-13 00:00:00,NVDA,21,0.15476190476190477
2025-11-14 00:00:00,NVDA,13,0.0064102564102564135
2025-11-15 00:00:00,NVDA,4,-0.125
2025-11-16 00:00:00,NVDA,2,0.5
2025-11-17 00:00:00,NVDA,31,-0.028494623655913976
2025-11-18 00:00:00,NVDA,32,0.002604166666666668
2024-08-05 00:00:00,O,2,0.3333333333333333
2024-08-06 00:00:00,O,4,0.25
2024-08-07 00:00:00,O,1,0.6666666666666666
2024-08-19 00:00:00,O,1,0.0
2024-08-20 00:00:00,O,3,0.16666666666666666
2024-08-26 00:00:00,O,3,0.3333333333333333
2024-08-30 00:00:00,O,1,0.0
2024-09-10 00:00:00,O,1,0.0
2024-09-17 00:00:00,O,2,0.25
2024-10-16 00:00:00,O,1,0.5
2024-11-04 00:00:00,O,1,0.5
2024-11-05 00:00:00,O,1,0.0
2024-11-06 00:00:00,O,1,0.5
2024-11-14 00:00:00,O,2,-0.25
2024-11-25 00:00:00,O,1,0.0
2024-11-28 00:00:00,O,1,0.5
2024-12-10 00:00:00,O,1,0.0
2024-12-11 00:00:00,O,3,0.16666666666666666
2024-12-12 00:00:00,O,1,0.0
2024-12-17 00:00:00,O,1,0.0
2025-01-08 00:00:00,O,2,0.0
2025-01-16 00:00:00,O,1,0.0
2025-01-27 00:00:00,O,1,0.5
2025-02-04 00:00:00,O,2,0.0
2025-02-21 00:00:00,O,1,0.0
2025-02-24 00:00:00,O,4,0.125
2025-02-25 00:00:00,O,1,-0.25
2025-02-26 00:00:00,O,2,0.25
2025-02-28 00:00:00,O,2,0.0
2025-03-04 00:00:00,O,2,0.25
2025-03-08 00:00:00,O,1,0.0
2025-03-12 00:00:00,O,1,0.0
2025-03-20 00:00:00,O,1,0.5
2025-03-21 00:00:00,O,1,0.0
2025-04-02 00:00:00,O,1,0.5
2025-04-03 00:00:00,O,2,0.25
2025-04-14 00:00:00,O,1,0.0
2025-04-23 00:00:00,O,1,0.0
2025-05-05 00:00:00,O,5,0.05
2025-05-06 00:00:00,O,4,0.0625
2025-05-07 00:00:00,O,2,0.0
2025-05-12 00:00:00,O,1,0.5
2025-05-13 00:00:00,O,1,0.0
2025-05-16 00:00:00,O,1,0.0
2025-05-17 00:00:00,O,1,0.0
2025-06-06 00:00:00,O,1,0.6666666666666666
2025-06-09 00:00:00,O,1,0.0
2025-06-10 00:00:00,O,1,0.0
2025-07-09 00:00:00,O,2,0.0
2025-07-15 00:00:00,O,3,-0.16666666666666666
2025-07-17 00:00:00,O,1,0.0
2025-08-06 00:00:00,O,3,0.16666666666666666
2025-08-07 00:00:00,O,1,0.0
2025-08-15 00:00:00,O,1,0.5
2025-08-20 00:00:00,O,1,0.5
2025-08-28 00:00:00,O,1,0.5
2025-08-29 00:00:00,O,1,0.0
2025-09-09 00:00:00,O,1,0.0
2025-09-11 00:00:00,O,2,0.25
2025-09-29 00:00:00,O,1,-0.5
2025-10-01 00:00:00,O,3,0.0
2025-10-02 00:00:00,O,1,0.0
2025-10-20 00:00:00,O,1,0.5
2025-11-03 00:00:00,O,6,0.16666666666666666
2025-11-04 00:00:00,O,2,0.41666666666666663
2025-11-06 00:00:00,O,1,0.0
2025-11-07 00:00:00,O,1,0.0
2025-11-25 00:00:00,O,1,0.5
2025-12-01 00:00:00,O,1,0.5
2025-12-03 00:00:00,O,1,0.5
2025-12-09 00:00:00,O,1,0.0
2025-12-11 00:00:00,O,1,0.0
2025-12-17 00:00:00,O,1,0.0
2025-12-18 00:00:00,O,1,-0.5
2025-12-24 00:00:00,O,2,0.5
2026-01-05 00:00:00,O,1,0.0
2026-01-12 00:00:00,O,2,0.0
2026-01-26 00:00:00,O,1,0.0
2026-01-27 00:00:00,O,2,0.0
2026-01-29 00:00:00,O,1,0.0
2026-02-02 00:00:00,O,2,0.375
2026-02-17 00:00:00,O,1,0.0
2026-02-20 00:00:00,O,1,0.0
2026-02-23 00:00:00,O,2,0.0
2026-02-24 00:00:00,O,4,0.125
2026-02-25 00:00:00,O,1,0.6666666666666666
2026-02-26 00:00:00,O,3,0.16666666666666666
2026-02-27 00:00:00,O,1,0.5
2026-03-02 00:00:00,O,1,0.5
2026-03-09 00:00:00,O,2,0.25
2026-03-11 00:00:00,O,3,0.5555555555555555
2026-03-13 00:00:00,O,1,0.5
2026-03-17 00:00:00,O,1,0.5
2026-03-19 00:00:00,O,1,0.0
2026-03-25 00:00:00,O,1,0.0
2026-03-27 00:00:00,O,2,0.0
2026-03-30 00:00:00,O,1,0.0
2026-03-31 00:00:00,O,1,0.0
2026-04-14 00:00:00,O,1,0.0
2026-04-21 00:00:00,O,1,0.5
2026-05-06 00:00:00,O,3,0.38888888888888884
2026-05-07 00:00:00,O,1,0.6666666666666666
2026-05-12 00:00:00,O,1,0.6666666666666666
2026-05-13 00:00:00,O,1,0.0
2026-05-15 00:00:00,O,1,0.0
2026-05-28 00:00:00,O,1,0.0
2026-06-01 00:00:00,O,1,0.0
2026-06-18 00:00:00,O,1,0.5
2026-06-30 00:00:00,O,1,0.0
2026-07-06 00:00:00,O,1,0.5
2026-07-15 00:00:00,O,1,0.5
2026-07-22 00:00:00,O,1,0.0
2026-08-05 00:00:00,O,2,0.5
2026-08-07 00:00:00,O,2,0.5
2026-08-10 00:00:00,O,1,0.0
2026-08-11 00:00:00,O,2,0.0
2026-08-12 00:00:00,O,1,0.0
2026-09-01 00:00:00,O,1,0.0
2024-08-01 00:00:00,PWR,3,0.38888888888888884
2024-08-02 00:00:00,PWR,2,0.5833333333333333
2024-08-05 00:00:00,PWR,2,0.25
2024-08-08 00:00:00,PWR,2,0.25
2024-08-26 00:00:00,PWR,1,0.0
2024-09-04 00:00:00,PWR,2,0.0
2024-09-05 00:00:00,PWR,1,0.0
2024-09-11 00:00:00,PWR,1,0.0
2024-09-19 00:00:00,PWR,1,0.5
2024-09-20 00:00:00,PWR,2,0.25
2024-09-24 00:00:00,PWR,1,0.5
2024-10-04 00:00:00,PWR,2,0.25
2024-10-07 00:00:00,PWR,2,0.0
2024-10-09 00:00:00,PWR,1,0.5
2024-10-10 00:00:00,PWR,1,0.5
2024-10-15 00:00:00,PWR,1,0.5
2024-10-23 00:00:00,PWR,3,0.16666666666666666
2024-10-31 00:00:00,PWR,2,0.0
2024-11-01 00:00:00,PWR,3,0.4444444444444444
2024-11-05 00:00:00,PWR,1,0.6666666666666666
2024-11-07 00:00:00,PWR,1,0.0
2024-11-14 00:00:00,PWR,1,0.0
2024-12-05 00:00:00,PWR,2,0.0
2024-12-09 00:00:00,PWR,3,0.16666666666666666
2024-12-11 00:00:00,PWR,1,0.5
2024-12-17 00:00:00,PWR,1,0.0
2024-12-19 00:00:00,PWR,1,0.5
2024-12-31 00:00:00,PWR,1,-0.5
2025-01-02 00:00:00,PWR,1,0.0
2025-01-03 00:00:00,PWR,1,0.0
2025-01-07 00:00:00,PWR,1,0.0
2025-01-08 00:00:00,PWR,1,0.0
2025-01-16 00:00:00,PWR,2,0.0
2025-01-21 00:00:00,PWR,1,0.0
2025-01-22 00:00:00,PWR,1,0.5
2025-01-24 00:00:00,PWR,1,0.0
2025-01-28 00:00:00,PWR,1,0.5
2025-01-29 00:00:00,PWR,1,0.0
2025-02-02 00:00:00,PWR,1,-0.5
2025-02-18 00:00:00,PWR,2,0.0
2025-02-20 00:00:00,PWR,6,0.125
2025-02-21 00:00:00,PWR,2,0.25
2025-02-24 00:00:00,PWR,1,0.0
2025-02-25 00:00:00,PWR,3,0.2222222222222222
2025-02-28 00:00:00,PWR,1,0.0
2025-03-05 00:00:00,PWR,1,0.0
2025-03-19 00:00:00,PWR,3,-0.16666666666666666
2025-04-08 00:00:00,PWR,3,0.0
2025-04-09 00:00:00,PWR,1,0.0
2025-04-15 00:00:00,PWR,1,0.0
2025-04-24 00:00:00,PWR,2,0.0
2025-04-25 00:00:00,PWR,2,0.0
2025-04-28 00:00:00,PWR,1,0.0
2025-05-01 00:00:00,PWR,5,0.26666666666666666
2025-05-02 00:00:00,PWR,4,0.25
2025-05-04 00:00:00,PWR,1,0.5
2025-05-05 00:00:00,PWR,1,0.5
2025-05-06 00:00:00,PWR,2,0.25
2025-05-09 00:00:00,PWR,1,0.0
2025-05-15 00:00:00,PWR,1,0.25
2025-05-20 00:00:00,PWR,1,0.0
2025-05-23 00:00:00,PWR,1,0.6666666666666666
2025-05-27 00:00:00,PWR,2,0.25
2025-06-03 00:00:00,PWR,2,0.0
2025-06-04 00:00:00,PWR,1,0.5
2025-06-10 00:00:00,PWR,1,0.0
2025-06-11 00:00:00,PWR,3,-0.16666666666666666
2025-06-12 00:00:00,PWR,2,0.25
2025-07-02 00:00:00,PWR,2,-0.25
2025-07-07 00:00:00,PWR,1,0.0
2025-07-10 00:00:00,PWR,1,0.0
2025-07-11 00:00:00,PWR,1,0.5
2025-07-17 00:00:00,PWR,2,-0.3333333333333333
2025-07-22 00:00:00,PWR,2,0.25
2025-07-23 00:00:00,PWR,1,0.0
2025-07-24 00:00:00,PWR,1,0.0
2025-07-25 00:00:00,PWR,1,0.5
2025-07-28 00:00:00,PWR,1,0.5
2025-07-29 00:00:00,PWR,2,0.25
2025-07-31 00:00:00,PWR,6,0.3333333333333333
2025-08-01 00:00:00,PWR,1,0.5
2025-08-04 00:00:00,PWR,3,0.3333333333333333
2025-08-05 00:00:00,PWR,1,0.0
2025-08-07 00:00:00,PWR,1,0.0
2025-08-08 00:00:00,PWR,1,0.6666666666666666
2025-08-11 00:00:00,PWR,1,0.0
2025-08-27 00:00:00,PWR,1,0.0
2025-09-04 00:00:00,PWR,2,0.0
2025-09-08 00:00:00,PWR,2,0.0
2025-09-12 00:00:00,PWR,1,0.0
2025-09-15 00:00:00,PWR,1,0.5
2025-09-24 00:00:00,PWR,3,0.4444444444444444
2025-09-30 00:00:00,PWR,1,0.0
2025-10-01 00:00:00,PWR,1,0.0
2025-10-08 00:00:00,PWR,1,0.5
2025-10-09 00:00:00,PWR,1,0.5
2025-10-13 00:00:00,PWR,1,0.5
2025-10-16 00:00:00,PWR,2,0.25
2025-10-17 00:00:00,PWR,1,0.0
2025-10-20 00:00:00,PWR,1,0.5
2025-10-22 00:00:00,PWR,1,0.0
2025-10-27 00:00:00,PWR,1,0.0
2025-10-29 00:00:00,PWR,1,0.0
2025-10-30 00:00:00,PWR,6,0.19444444444444442
2025-10-31 00:00:00,PWR,3,0.5555555555555555
2025-11-03 00:00:00,PWR,1,0.0
2025-11-05 00:00:00,PWR,1,0.0
2025-11-10 00:00:00,PWR,1,0.0
2025-11-20 00:00:00,PWR,2,0.0
2025-12-02 00:00:00,PWR,1,0.0
2025-12-08 00:00:00,PWR,1,0.6666666666666666
2025-12-19 00:00:00,PWR,1,0.0
2025-12-23 00:00:00,PWR,1,0.0
2025-12-25 00:00:00,PWR,1,0.0
2025-12-29 00:00:00,PWR,1,0.0
2026-01-02 00:00:00,PWR,1,0.0
2026-01-21 00:00:00,PWR,1,0.0
2026-01-23 00:00:00,PWR,2,0.0
2026-01-26 00:00:00,PWR,2,0.5
2026-02-16 00:00:00,PWR,1,0.0
2026-02-18 00:00:00,PWR,1,0.0
2026-02-19 00:00:00,PWR,7,0.023809523809523805
2026-02-20 00:00:00,PWR,11,0.3939393939393939
2026-02-24 00:00:00,PWR,3,0.5
2026-02-25 00:00:00,PWR,1,0.0
2026-02-27 00:00:00,PWR,1,0.0
2026-03-23 00:00:00,PWR,1,0.0
2026-03-27 00:00:00,PWR,3,0.5166666666666667
2026-03-30 00:00:00,PWR,1,0.5
2026-04-01 00:00:00,PWR,1,0.6666666666666666
2026-04-14 00:00:00,PWR,1,0.6666666666666666
2026-04-20 00:00:00,PWR,1,0.5
2026-04-24 00:00:00,PWR,2,-0.3333333333333333
2026-04-27 00:00:00,PWR,2,0.5833333333333333
2026-04-28 00:00:00,PWR,1,0.0
2026-04-29 00:00:00,PWR,1,0.0
2026-04-30 00:00:00,PWR,6,0.3611111111111111
2026-05-01 00:00:00,PWR,4,0.41666666666666663
2026-05-04 00:00:00,PWR,3,0.5
2026-05-05 00:00:00,PWR,2,0.25
2026-05-11 00:00:00,PWR,1,0.5
2026-05-14 00:00:00,PWR,1,0.0
2026-05-22 00:00:00,PWR,2,0.5833333333333333
2026-05-28 00:00:00,PWR,1,0.6666666666666666
2026-06-01 00:00:00,PWR,1,0.0
2026-06-08 00:00:00,PWR,1,0.0
2026-06-16 00:00:00,PWR,1,0.0
2026-06-30 00:00:00,PWR,1,0.6666666666666666
2026-07-01 00:00:00,PWR,1,0.0
2026-07-02 00:00:00,PWR,1,0.5
2026-07-07 00:00:00,PWR,2,0.0
2026-07-08 00:00:00,PWR,1,0.0
2026-07-10 00:00:00,PWR,1,0.0
2026-07-14 00:00:00,PWR,1,0.0
2026-07-16 00:00:00,PWR,2,0.0
2026-07-17 00:00:00,PWR,1,0.0
2026-07-21 00:00:00,PWR,1,-0.5
2026-07-26 00:00:00,PWR,1,0.0
2026-07-28 00:00:00,PWR,2,0.25
2026-07-29 00:00:00,PWR,1,0.0
2026-07-30 00:00:00,PWR,3,0.611111111111111
2026-07-31 00:00:00,PWR,1,0.5
2026-08-03 00:00:00,PWR,3,0.5
2026-08-04 00:00:00,PWR,1,0.0
2026-08-06 00:00:00,PWR,1,0.0
2026-08-07 00:00:00,PWR,2,0.5
2026-08-17 00:00:00,PWR,1,0.75
2026-08-20 00:00:00,PWR,1,0.0
2026-08-21 00:00:00,PWR,1,0.6666666666666666
2026-08-25 00:00:00,PWR,1,0.0
2026-08-28 00:00:00,PWR,1,0.5
2023-10-31 00:00:00,QQQ,1,0.0
2024-07-31 00:00:00,QQQ,1,0.0
2024-08-01 00:00:00,QQQ,8,0.03749999999999999
2024-08-02 00:00:00,QQQ,6,-0.2833333333333334
2024-08-04 00:00:00,QQQ,1,-0.6666666666666666
2024-08-05 00:00:00,QQQ,12,-0.09027777777777778
2024-08-06 00:00:00,QQQ,8,0.15625
2024-08-07 00:00:00,QQQ,5,0.08333333333333333
2024-08-08 00:00:00,QQQ,12,0.11805555555555557
2024-08-09 00:00:00,QQQ,8,0.23541666666666666
2024-08-12 00:00:00,QQQ,9,-0.2208994708994709
2024-08-13 00:00:00,QQQ,9,0.07407407407407407
2024-08-14 00:00:00,QQQ,6,0.1972222222222222
2024-08-15 00:00:00,QQQ,8,0.23958333333333331
2024-08-16 00:00:00,QQQ,6,0.2638888888888889
2024-08-19 00:00:00,QQQ,4,0.375
2024-08-20 00:00:00,QQQ,6,-0.24444444444444446
2024-08-21 00:00:00,QQQ,7,0.005102040816326524
2024-08-22 00:00:00,QQQ,7,-0.15238095238095237
2024-08-23 00:00:00,QQQ,5,-0.13333333333333333
2024-08-26 00:00:00,QQQ,7,-0.0857142857142857
2024-08-27 00:00:00,QQQ,4,0.125
2024-08-28 00:00:00,QQQ,4,0.0
2024-08-29 00:00:00,QQQ,7,-0.08571428571428572
2024-08-30 00:00:00,QQQ,5,-0.2333333333333333
2024-09-03 00:00:00,QQQ,9,-0.15555555555555556
2024-09-04 00:00:00,QQQ,6,-0.1986111111111111
2024-09-05 00:00:00,QQQ,4,0.125
2024-09-06 00:00:00,QQQ,9,-0.20061728395061726
2024-09-07 00:00:00,QQQ,1,0.0
2024-09-09 00:00:00,QQQ,5,-0.019047619047619046
2024-09-10 00:00:00,QQQ,3,-0.10000000000000002
2024-09-11 00:00:00,QQQ,7,-0.04761904761904761
2024-09-12 00:00:00,QQQ,6,0.4694444444444444
2024-09-13 00:00:00,QQQ,6,0.16666666666666666
2024-09-16 00:00:00,QQQ,5,-0.05
2024-09-17 00:00:00,QQQ,6,0.1361111111111111
2024-09-18 00:00:00,QQQ,6,-0.3055555555555555
2024-09-19 00:00:00,QQQ,6,-0.10416666666666667
2024-09-20 00:00:00,QQQ,4,0.25
2024-09-23 00:00:00,QQQ,4,0.22916666666666666
2024-09-24 00:00:00,QQQ,4,0.3666666666666667
2024-09-25 00:00:00,QQQ,6,0.1111111111111111
2024-09-26 00:00:00,QQQ,3,0.43333333333333335
2024-09-27 00:00:00,QQQ,3,0.0
2024-09-30 00:00:00,QQQ,5,0.2
2024-10-01 00:00:00,QQQ,8,-0.0625
2024-10-02 00:00:00,QQQ,8,0.0625
2024-10-03 00:00:00,QQQ,4,0.225
2024-10-04 00:00:00,QQQ,5,0.4619047619047619
2024-10-07 00:00:00,QQQ,5,0.019999999999999997
2024-10-08 00:00:00,QQQ,5,0.15
2024-10-09 00:00:00,QQQ,5,0.3833333333333333
2024-10-10 00:00:00,QQQ,5,0.1
2024-10-11 00:00:00,QQQ,3,0.2619047619047619
2024-10-14 00:00:00,QQQ,6,0.3
2024-10-15 00:00:00,QQQ,7,0.15034013605442173
2024-10-16 00:00:00,QQQ,5,0.2
2024-10-17 00:00:00,QQQ,6,0.1527777777777778
2024-10-18 00:00:00,QQQ,8,0.13392857142857142
2024-10-21 00:00:00,QQQ,2,0.125
2024-10-22 00:00:00,QQQ,4,-0.04166666666666666
2024-10-23 00:00:00,QQQ,5,0.13333333333333333
2024-10-24 00:00:00,QQQ,6,0.37222222222222223
2024-10-25 00:00:00,QQQ,6,0.16666666666666666
2024-10-26 00:00:00,QQQ,1,-0.25
2024-10-28 00:00:00,QQQ,5,0.025
2024-10-29 00:00:00,QQQ,6,0.15277777777777776
2024-10-30 00:00:00,QQQ,5,0.05
2024-10-31 00:00:00,QQQ,3,0.15
2024-11-01 00:00:00,QQQ,4,-0.03125
2024-11-04 00:00:00,QQQ,5,0.25
2024-11-05 00:00:00,QQQ,6,0.4444444444444444
2024-11-06 00:00:00,QQQ,6,0.4583333333333333
2024-11-07 00:00:00,QQQ,7,0.09523809523809523
2024-11-08 00:00:00,QQQ,4,0.325
2024-11-11 00:00:00,QQQ,5,0.3333333333333333
2024-11-12 00:00:00,QQQ,9,0.33055555555555555
2024-11-13 00:00:00,QQQ,4,0.1875
2024-11-14 00:00:00,QQQ,6,0.09722222222222222
2024-11-15 00:00:00,QQQ,8,0.03333333333333334
2024-11-18 00:00:00,QQQ,6,0.20833333333333334
2024-11-19 00:00:00,QQQ,8,0.2708333333333333
2024-11-20 00:00:00,QQQ,5,-0.15
2024-11-21 00:00:00,QQQ,6,0.15
2024-11-22 00:00:00,QQQ,6,0.35833333333333334
2024-11-25 00:00:00,QQQ,6,0.17777777777777778
2024-11-26 00:00:00,QQQ,6,-0.15277777777777776
2024-11-27 00:00:00,QQQ,5,-0.08333333333333333
2024-11-29 00:00:00,QQQ,5,-0.03857142857142859
2024-11-30 00:00:00,QQQ,1,0.0
2024-12-02 00:00:00,QQQ,5,0.3142857142857143
2024-12-03 00:00:00,QQQ,4,0.0
2024-12-04 00:00:00,QQQ,5,0.3
2024-12-05 00:00:00,QQQ,3,-0.16666666666666666
2024-12-06 00:00:00,QQQ,3,0.16666666666666666
2024-12-09 00:00:00,QQQ,5,0.13333333333333333
2024-12-10 00:00:00,QQQ,3,-0.08333333333333333
2024-12-11 00:00:00,QQQ,8,0.171875
2024-12-12 00:00:00,QQQ,5,0.1
2024-12-13 00:00:00,QQQ,6,0.0625
2024-12-14 00:00:00,QQQ,1,0.0
2024-12-16 00:00:00,QQQ,9,0.3267195767195767
2024-12-17 00:00:00,QQQ,8,-0.09895833333333334
2024-12-18 00:00:00,QQQ,9,-0.19444444444444445
2024-12-19 00:00:00,QQQ,6,-0.041666666666666664
2024-12-20 00:00:00,QQQ,10,-0.07500000000000001
2024-12-23 00:00:00,QQQ,8,0.3625
2024-12-24 00:00:00,QQQ,3,0.26666666666666666
2024-12-25 00:00:00,QQQ,3,0.0
2024-12-26 00:00:00,QQQ,2,0.25
2024-12-27 00:00:00,QQQ,8,0.1
2024-12-30 00:00:00,QQQ,3,0.16666666666666666
2024-12-31 00:00:00,QQQ,4,-0.10416666666666666
2025-01-01 00:00:00,QQQ,2,0.25
2025-01-02 00:00:00,QQQ,8,-0.016666666666666673
2025-01-03 00:00:00,QQQ,4,-0.22916666666666666
2025-01-04 00:00:00,QQQ,1,0.0
2025-01-06 00:00:00,QQQ,3,0.2222222222222222
2025-01-07 00:00:00,QQQ,3,0.08333333333333333
2025-01-08 00:00:00,QQQ,5,-0.2333333333333333
2025-01-09 00:00:00,QQQ,2,0.06666666666666671
2025-01-10 00:00:00,QQQ,5,-0.18333333333333332
2025-01-13 00:00:00,QQQ,7,-0.10714285714285714
2025-01-14 00:00:00,QQQ,6,0.06944444444444443
2025-01-15 00:00:00,QQQ,10,-0.12916666666666665
2025-01-16 00:00:00,QQQ,3,0.3333333333333333
2025-01-17 00:00:00,QQQ,5,0.13
2025-01-21 00:00:00,QQQ,3,0.08333333333333333
2025-01-22 00:00:00,QQQ,3,0.2833333333333333
2025-01-23 00:00:00,QQQ,3,0.2222222222222222
2025-01-24 00:00:00,QQQ,3,-0.20238095238095236
2025-01-27 00:00:00,QQQ,5,-0.3466666666666667
2025-01-28 00:00:00,QQQ,6,-0.20833333333333334
2025-01-29 00:00:00,QQQ,10,0.08333333333333334
2025-01-30 00:00:00,QQQ,5,0.36666666666666664
2025-01-31 00:00:00,QQQ,8,0.056249999999999994
2025-02-03 00:00:00,QQQ,9,-0.5425925925925925
2025-02-04 00:00:00,QQQ,4,2.7755575615628914e-17
2025-02-05 00:00:00,QQQ,5,-0.22999999999999998
2025-02-06 00:00:00,QQQ,5,0.08333333333333333
2025-02-07 00:00:00,QQQ,4,-0.033333333333333354
2025-02-08 00:00:00,QQQ,1,0.5
2025-02-10 00:00:00,QQQ,6,-0.047619047619047616
2025-02-11 00:00:00,QQQ,5,-0.38
2025-02-12 00:00:00,QQQ,10,0.0
2025-02-13 00:00:00,QQQ,6,-0.27777777777777773
2025-02-14 00:00:00,QQQ,6,0.3333333333333333
2025-02-17 00:00:00,QQQ,4,0.0
2025-02-18 00:00:00,QQQ,5,0.16666666666666669
2025-02-19 00:00:00,QQQ,8,-0.3125
2025-02-20 00:00:00,QQQ,5,-0.15
2025-02-21 00:00:00,QQQ,4,-0.17500000000000002
2025-02-22 00:00:00,QQQ,2,-0.7333333333333334
2025-02-24 00:00:00,QQQ,6,-0.24444444444444446
2025-02-25 00:00:00,QQQ,6,-0.24444444444444446
2025-02-26 00:00:00,QQQ,5,-0.13333333333333333
2025-02-27 00:00:00,QQQ,6,0.17500000000000002
2025-02-28 00:00:00,QQQ,7,-0.2857142857142857
2025-03-03 00:00:00,QQQ,10,-0.5433333333333333
2025-03-04 00:00:00,QQQ,10,-0.4807142857142857
2025-03-05 00:00:00,QQQ,9,-0.009259259259259264
2025-03-06 00:00:00,QQQ,8,-0.34375
2025-03-07 00:00:00,QQQ,9,-0.34259259259259256
2025-03-10 00:00:00,QQQ,11,-0.1590909090909091
2025-03-11 00:00:00,QQQ,19,-0.2657894736842105
2025-03-12 00:00:00,QQQ,10,-0.2
2025-03-13 00:00:00,QQQ,13,-0.23717948717948717
2025-03-14 00:00:00,QQQ,6,-0.19444444444444442
2025-03-17 00:00:00,QQQ,9,0.018518518518518528
2025-03-18 00:00:00,QQQ,7,0.023809523809523805
2025-03-19 00:00:00,QQQ,7,-0.2857142857142857
2025-03-20 00:00:00,QQQ,7,-0.05714285714285715
2025-03-21 00:00:00,QQQ,6,0.0
2025-03-24 00:00:00,QQQ,5,-0.2
2025-03-25 00:00:00,QQQ,9,-0.00555555555555556
2025-03-26 00:00:00,QQQ,6,-0.3958333333333333
2025-03-27 00:00:00,QQQ,8,-0.2875
2025-03-28 00:00:00,QQQ,9,-0.4444444444444444
2025-03-31 00:00:00,QQQ,13,-0.5397435897435897
2025-04-01 00:00:00,QQQ,9,-0.32275132275132273
2025-04-02 00:00:00,QQQ,6,-0.027777777777777773
2025-04-03 00:00:00,QQQ,10,-0.5504761904761905
2025-04-04 00:00:00,QQQ,14,-0.2967687074829932
2025-04-07 00:00:00,QQQ,12,-0.5013888888888889
2025-04-08 00:00:00,QQQ,9,-0.2962962962962963
2025-04-09 00:00:00,QQQ,19,-0.15350877192982457
2025-04-10 00:00:00,QQQ,16,-0.3598958333333333
2025-04-11 00:00:00,QQQ,13,-0.2838827838827839
2025-04-14 00:00:00,QQQ,7,-0.05595238095238094
2025-04-15 00:00:00,QQQ,8,-0.05208333333333333
2025-04-16 00:00:00,QQQ,10,0.006666666666666665
2025-04-17 00:00:00,QQQ,7,-0.14285714285714285
2025-04-21 00:00:00,QQQ,7,-0.07142857142857142
2025-04-22 00:00:00,QQQ,8,-0.28125
2025-04-23 00:00:00,QQQ,14,0.01666666666666667
2025-04-24 00:00:00,QQQ,13,-0.2692307692307692
2025-04-25 00:00:00,QQQ,8,0.09970238095238095
2025-04-28 00:00:00,QQQ,6,-0.027777777777777773
2025-04-29 00:00:00,QQQ,6,-0.12916666666666668
2025-04-30 00:00:00,QQQ,4,-0.4083333333333333
2025-05-01 00:00:00,QQQ,3,-0.08333333333333333
2025-05-02 00:00:00,QQQ,6,-0.1111111111111111
2025-05-03 00:00:00,QQQ,2,0.0
2025-05-05 00:00:00,QQQ,9,-0.12566137566137567
2025-05-06 00:00:00,QQQ,9,-0.1388888888888889
2025-05-07 00:00:00,QQQ,8,-0.3125
2025-05-08 00:00:00,QQQ,7,-0.22142857142857145
2025-05-09 00:00:00,QQQ,7,-0.009523809523809521
2025-05-12 00:00:00,QQQ,8,-0.3020833333333333
2025-05-13 00:00:00,QQQ,8,0.21517857142857144
2025-05-14 00:00:00,QQQ,8,0.084375
2025-05-15 00:00:00,QQQ,9,-0.07407407407407407
2025-05-16 00:00:00,QQQ,7,0.0
2025-05-19 00:00:00,QQQ,7,-0.5071428571428571
2025-05-20 00:00:00,QQQ,9,0.009259259259259264
2025-05-21 00:00:00,QQQ,7,-0.3095238095238095
2025-05-22 00:00:00,QQQ,6,-0.4583333333333333
2025-05-23 00:00:00,QQQ,11,-0.024242424242424246
2025-05-26 00:00:00,QQQ,7,-0.3010204081632653
2025-05-27 00:00:00,QQQ,6,-0.16666666666666666
2025-05-28 00:00:00,QQQ,6,0.08333333333333333
2025-05-29 00:00:00,QQQ,11,-0.13787878787878788
2025-05-30 00:00:00,QQQ,7,0.01190476190476191
2025-06-02 00:00:00,QQQ,8,-0.23958333333333331
2025-06-03 00:00:00,QQQ,9,0.07407407407407407
2025-06-04 00:00:00,QQQ,7,-0.011904761904761906
2025-06-05 00:00:00,QQQ,8,0.05416666666666667
2025-06-06 00:00:00,QQQ,7,-0.016666666666666656
2025-06-07 00:00:00,QQQ,1,0.0
2025-06-09 00:00:00,QQQ,8,-0.29166666666666663
2025-06-10 00:00:00,QQQ,7,0.09523809523809523
2025-06-11 00:00:00,QQQ,8,-0.010416666666666671
2025-06-12 00:00:00,QQQ,6,-0.18055555555555558
2025-06-13 00:00:00,QQQ,3,0.02777777777777779
2025-06-16 00:00:00,QQQ,7,-0.05952380952380952
2025-06-17 00:00:00,QQQ,7,-0.03571428571428571
2025-06-18 00:00:00,QQQ,10,-0.24666666666666667
2025-06-19 00:00:00,QQQ,5,-0.1
2025-06-20 00:00:00,QQQ,6,-0.1111111111111111
2025-06-23 00:00:00,QQQ,3,-0.2222222222222222
2025-06-24 00:00:00,QQQ,9,-0.009259259259259264
2025-06-25 00:00:00,QQQ,12,0.20138888888888887
2025-06-26 00:00:00,QQQ,8,-0.17708333333333331
2025-06-27 00:00:00,QQQ,7,0.16071428571428573
2025-06-30 00:00:00,QQQ,7,0.34523809523809523
2025-07-01 00:00:00,QQQ,7,0.21428571428571427
2025-07-02 00:00:00,QQQ,8,-0.11805555555555555
2025-07-03 00:00:00,QQQ,7,0.16904761904761906
2025-07-04 00:00:00,QQQ,6,-0.125
2025-07-07 00:00:00,QQQ,9,-0.1259259259259259
2025-07-08 00:00:00,QQQ,5,0.1
2025-07-09 00:00:00,QQQ,6,-0.22222222222222224
2025-07-10 00:00:00,QQQ,8,0.05208333333333333
2025-07-11 00:00:00,QQQ,6,-0.027777777777777773
2025-07-14 00:00:00,QQQ,9,-0.15555555555555556
2025-07-15 00:00:00,QQQ,7,0.4238095238095238
2025-07-16 00:00:00,QQQ,8,0.17708333333333331
2025-07-17 00:00:00,QQQ,6,0.16587301587301587
2025-07-18 00:00:00,QQQ,6,0.125
2025-07-21 00:00:00,QQQ,8,-0.15625
2025-07-22 00:00:00,QQQ,6,0.027777777777777773
2025-07-23 00:00:00,QQQ,8,0.07291666666666667
2025-07-24 00:00:00,QQQ,5,0.21000000000000002
2025-07-25 00:00:00,QQQ,6,-0.38888888888888884
2025-07-28 00:00:00,QQQ,6,0.38888888888888884
2025-07-29 00:00:00,QQQ,6,0.27777777777777773
2025-07-30 00:00:00,QQQ,8,0.1125
2025-07-31 00:00:00,QQQ,6,0.16666666666666666
2025-08-01 00:00:00,QQQ,8,-0.1875
2025-08-04 00:00:00,QQQ,4,-0.5958333333333333
2025-08-05 00:00:00,QQQ,2,0.0
2025-08-06 00:00:00,QQQ,6,-0.35555555555555557
2025-08-07 00:00:00,QQQ,6,-0.27777777777777773
2025-08-08 00:00:00,QQQ,8,0.36041666666666666
2025-08-11 00:00:00,QQQ,6,0.08333333333333333
2025-08-12 00:00:00,QQQ,7,-0.023809523809523805
2025-08-13 00:00:00,QQQ,7,0.23095238095238096
2025-08-14 00:00:00,QQQ,6,0.125
2025-08-15 00:00:00,QQQ,10,-0.14833333333333334
2025-08-16 00:00:00,QQQ,2,-0.08333333333333331
2025-08-17 00:00:00,QQQ,1,0.0
2025-08-18 00:00:00,QQQ,8,0.058333333333333334
2025-08-19 00:00:00,QQQ,11,0.01666666666666666
2025-08-20 00:00:00,QQQ,12,-0.08333333333333333
2025-08-21 00:00:00,QQQ,9,-0.2037037037037037
2025-08-22 00:00:00,QQQ,7,-0.2836734693877551
2025-08-23 00:00:00,QQQ,1,-0.5
2025-08-24 00:00:00,QQQ,1,0.5
2025-08-25 00:00:00,QQQ,9,0.09074074074074073
2025-08-26 00:00:00,QQQ,11,-0.045454545454545456
2025-08-27 00:00:00,QQQ,10,0.1
2025-08-28 00:00:00,QQQ,7,0.10714285714285714
2025-08-29 00:00:00,QQQ,6,-0.125
2025-09-01 00:00:00,QQQ,8,-0.1875
2025-09-02 00:00:00,QQQ,9,0.05555555555555555
2025-09-03 00:00:00,QQQ,10,-0.24666666666666667
2025-09-04 00:00:00,QQQ,7,-0.28095238095238095
2025-09-05 00:00:00,QQQ,8,-0.06875
2025-09-08 00:00:00,QQQ,7,-0.23095238095238096
2025-09-09 00:00:00,QQQ,8,0.15029761904761904
2025-09-10 00:00:00,QQQ,9,0.018518518518518528
2025-09-11 00:00:00,QQQ,7,0.12414965986394556
2025-09-12 00:00:00,QQQ,5,0.2
2025-09-15 00:00:00,QQQ,8,-0.010416666666666671
2025-09-16 00:00:00,QQQ,8,0.0
2025-09-17 00:00:00,QQQ,17,-0.09215686274509804
2025-09-18 00:00:00,QQQ,8,-0.29583333333333334
2025-09-19 00:00:00,QQQ,6,0.20833333333333334
2025-09-20 00:00:00,QQQ,1,0.8
2025-09-21 00:00:00,QQQ,1,0.0
2025-09-22 00:00:00,QQQ,10,0.275
2025-09-23 00:00:00,QQQ,11,0.012121212121212128
2025-09-24 00:00:00,QQQ,8,0.0062500000000000056
2025-09-25 00:00:00,QQQ,3,-0.16666666666666666
2025-09-26 00:00:00,QQQ,4,-0.16666666666666666
2025-09-28 00:00:00,QQQ,1,0.0
2025-09-29 00:00:00,QQQ,10,0.25833333333333336
2025-09-30 00:00:00,QQQ,7,-0.18367346938775508
2025-10-01 00:00:00,QQQ,7,-0.23809523809523808
2025-10-02 00:00:00,QQQ,10,0.1716666666666667
2025-10-03 00:00:00,QQQ,7,0.16666666666666666
2025-10-06 00:00:00,QQQ,9,0.1037037037037037
2025-10-07 00:00:00,QQQ,10,-0.004166666666666663
2025-10-08 00:00:00,QQQ,7,0.07142857142857142
2025-10-09 00:00:00,QQQ,10,0.25
2025-10-10 00:00:00,QQQ,5,-0.14
2025-10-11 00:00:00,QQQ,1,0.0
2025-10-13 00:00:00,QQQ,4,0.3125
2025-10-14 00:00:00,QQQ,6,0.0
2025-10-15 00:00:00,QQQ,5,-0.2
2025-10-16 00:00:00,QQQ,6,-0.041666666666666664
2025-10-17 00:00:00,QQQ,4,0.1875
2025-10-20 00:00:00,QQQ,6,-0.3194444444444444
2025-10-21 00:00:00,QQQ,4,0.325
2025-10-22 00:00:00,QQQ,3,-0.47222222222222215
2025-10-23 00:00:00,QQQ,4,-0.22916666666666666
2025-10-24 00:00:00,QQQ,6,-0.01388888888888889
2025-10-27 00:00:00,QQQ,4,0.25
2025-10-28 00:00:00,QQQ,6,0.041666666666666664
2025-10-29 00:00:00,QQQ,7,0.10714285714285714
2025-10-30 00:00:00,QQQ,5,-0.21333333333333332
2025-10-31 00:00:00,QQQ,4,-0.04464285714285715
2025-11-01 00:00:00,QQQ,1,0.5
2025-11-02 00:00:00,QQQ,1,0.0
2025-11-03 00:00:00,QQQ,8,0.25
2025-11-04 00:00:00,QQQ,6,-0.05555555555555556
2025-11-05 00:00:00,QQQ,4,-0.10416666666666669
2025-11-06 00:00:00,QQQ,5,-0.31333333333333335
2025-11-07 00:00:00,QQQ,6,-0.3055555555555555
2025-11-08 00:00:00,QQQ,2,-0.5
2025-11-10 00:00:00,QQQ,14,0.10748299319727891
2025-11-11 00:00:00,QQQ,6,0.041666666666666664
2025-11-12 00:00:00,QQQ,7,0.2857142857142857
2025-11-13 00:00:00,QQQ,7,-0.3095238095238095
2025-11-14 00:00:00,QQQ,5,-0.41666666666666663
2025-11-15 00:00:00,QQQ,1,0.0
2025-11-17 00:00:00,QQQ,8,0.14583333333333331
2025-11-18 00:00:00,QQQ,8,-0.14583333333333331
2025-11-19 00:00:00,QQQ,6,0.09722222222222221
2025-11-20 00:00:00,QQQ,7,0.2952380952380952
2025-11-21 00:00:00,QQQ,8,-0.16517857142857142
2025-11-22 00:00:00,QQQ,2,-0.5833333333333333
2025-11-24 00:00:00,QQQ,11,-0.10606060606060605
2025-11-25 00:00:00,QQQ,7,-0.25
2025-11-26 00:00:00,QQQ,6,0.125
2025-11-27 00:00:00,QQQ,1,0.0
2025-11-28 00:00:00,QQQ,5,-0.2261904761904762
2025-12-01 00:00:00,QQQ,6,0.3611111111111111
2025-12-02 00:00:00,QQQ,5,0.3433333333333334
2025-12-03 00:00:00,QQQ,7,0.2857142857142857
2025-12-04 00:00:00,QQQ,6,-0.061111111111111095
2025-12-05 00:00:00,QQQ,3,-0.6666666666666666
2025-12-06 00:00:00,QQQ,1,0.25
2025-12-08 00:00:00,QQQ,6,-0.1111111111111111
2025-12-09 00:00:00,QQQ,6,0.025000000000000005
2025-12-10 00:00:00,QQQ,8,-0.0625
2025-12-11 00:00:00,QQQ,8,-0.05208333333333333
2025-12-12 00:00:00,QQQ,6,-0.125
2025-12-15 00:00:00,QQQ,5,0.3
2025-12-16 00:00:00,QQQ,6,-0.125
2025-12-17 00:00:00,QQQ,7,-0.09523809523809523
2025-12-18 00:00:00,QQQ,7,0.2976190476190476
2025-12-19 00:00:00,QQQ,3,0.5222222222222223
2025-12-22 00:00:00,QQQ,8,0.0625
2025-12-23 00:00:00,QQQ,4,0.0
2025-12-24 00:00:00,QQQ,8,0.13125
2025-12-26 00:00:00,QQQ,4,-0.04166666666666666
2025-12-29 00:00:00,QQQ,3,0.0
2025-12-30 00:00:00,QQQ,3,-0.3138888888888889
2025-12-31 00:00:00,QQQ,2,0.08333333333333331
2026-01-02 00:00:00,QQQ,5,-0.08333333333333333
2026-01-05 00:00:00,QQQ,5,0.35
2026-01-06 00:00:00,QQQ,8,0.19791666666666669
2026-01-07 00:00:00,QQQ,5,-0.07333333333333332
2026-01-08 00:00:00,QQQ,4,-0.1875
2026-01-09 00:00:00,QQQ,7,0.13333333333333333
2026-01-12 00:00:00,QQQ,8,-0.08333333333333333
2026-01-13 00:00:00,QQQ,8,-0.09375
2026-01-14 00:00:00,QQQ,6,-0.3055555555555555
2026-01-15 00:00:00,QQQ,5,0.08
2026-01-16 00:00:00,QQQ,4,0.29166666666666663
2026-01-19 00:00:00,QQQ,2,-0.3333333333333333
2026-01-20 00:00:00,QQQ,5,-0.29333333333333333
2026-01-21 00:00:00,QQQ,8,-0.05208333333333333
2026-01-22 00:00:00,QQQ,5,0.2
2026-01-23 00:00:00,QQQ,4,0.22916666666666666
2026-01-26 00:00:00,QQQ,6,0.28611111111111115
2026-01-27 00:00:00,QQQ,5,-0.05
2026-01-28 00:00:00,QQQ,5,0.1
2026-01-29 00:00:00,QQQ,4,-0.3125
2026-01-30 00:00:00,QQQ,7,-0.2738095238095238
2026-02-02 00:00:00,QQQ,8,-0.40625
2026-02-03 00:00:00,QQQ,8,-0.06770833333333333
2026-02-04 00:00:00,QQQ,5,0.2333333333333333
2026-02-05 00:00:00,QQQ,5,-0.18
2026-02-06 00:00:00,QQQ,5,-0.11666666666666665
2026-02-09 00:00:00,QQQ,7,-0.11904761904761904
2026-02-10 00:00:00,QQQ,5,0.21333333333333332
2026-02-11 00:00:00,QQQ,5,-0.2166666666666667
2026-02-12 00:00:00,QQQ,4,-0.024999999999999994
2026-02-13 00:00:00,QQQ,6,-0.16666666666666666
2026-02-16 00:00:00,QQQ,2,0.0
2026-02-17 00:00:00,QQQ,5,-0.2333333333333333
2026-02-18 00:00:00,QQQ,4,0.25
2026-02-19 00:00:00,QQQ,3,-0.6388888888888888
2026-02-20 00:00:00,QQQ,5,-0.36666666666666664
2026-02-23 00:00:00,QQQ,7,-0.16666666666666666
2026-02-24 00:00:00,QQQ,6,-0.40277777777777773
2026-02-25 00:00:00,QQQ,7,-0.08333333333333333
2026-02-26 00:00:00,QQQ,6,0.13425925925925927
2026-02-27 00:00:00,QQQ,4,-0.10416666666666666
2026-03-02 00:00:00,QQQ,4,-0.47916666666666663
2026-03-03 00:00:00,QQQ,6,-0.06944444444444443
2026-03-04 00:00:00,QQQ,6,0.18333333333333335
2026-03-05 00:00:00,QQQ,4,-0.4916666666666667
2026-03-06 00:00:00,QQQ,3,-0.3
2026-03-09 00:00:00,QQQ,5,-0.08333333333333333
2026-03-10 00:00:00,QQQ,5,-0.033333333333333326
2026-03-11 00:00:00,QQQ,3,-0.11111111111111112
2026-03-12 00:00:00,QQQ,3,-0.3055555555555555
2026-03-13 00:00:00,QQQ,3,-0.16666666666666666
2026-03-16 00:00:00,QQQ,5,0.1
2026-03-17 00:00:00,QQQ,4,-0.04166666666666666
2026-03-18 00:00:00,QQQ,8,-0.0625
2026-03-19 00:00:00,QQQ,5,-0.21000000000000002
2026-03-20 00:00:00,QQQ,6,-0.3055555555555555
2026-03-23 00:00:00,QQQ,7,0.22380952380952382
2026-03-24 00:00:00,QQQ,6,-0.27777777777777773
2026-03-25 00:00:00,QQQ,8,-0.26041666666666663
2026-03-26 00:00:00,QQQ,5,-0.2
2026-03-27 00:00:00,QQQ,6,-0.125
2026-03-29 00:00:00,QQQ,1,-0.5
2026-03-30 00:00:00,QQQ,10,-0.19166666666666665
2026-03-31 00:00:00,QQQ,6,-0.2708333333333333
2026-04-01 00:00:00,QQQ,6,0.16666666666666666
2026-04-02 00:00:00,QQQ,7,0.05952380952380952
2026-04-03 00:00:00,QQQ,3,-0.11111111111111112
2026-04-05 00:00:00,QQQ,2,0.3333333333333333
2026-04-06 00:00:00,QQQ,8,-0.1625
2026-04-07 00:00:00,QQQ,4,0.0625
2026-04-08 00:00:00,QQQ,10,0.38333333333333336
2026-04-09 00:00:00,QQQ,7,-0.2619047619047619
2026-04-10 00:00:00,QQQ,6,-0.08333333333333333
2026-04-13 00:00:00,QQQ,6,0.020833333333333332
2026-04-14 00:00:00,QQQ,9,0.1388888888888889
2026-04-15 00:00:00,QQQ,8,0.17708333333333331
2026-04-16 00:00:00,QQQ,7,0.32142857142857145
2026-04-17 00:00:00,QQQ,8,0.3229166666666667
2026-04-18 00:00:00,QQQ,1,0.4
2026-04-20 00:00:00,QQQ,9,0.12037037037037039
2026-04-21 00:00:00,QQQ,5,0.026666666666666682
2026-04-22 00:00:00,QQQ,6,0.38888888888888884
2026-04-23 00:00:00,QQQ,3,-0.3333333333333333
2026-04-24 00:00:00,QQQ,5,0.2833333333333333
2026-04-27 00:00:00,QQQ,7,0.16904761904761906
2026-04-28 00:00:00,QQQ,5,-0.25
2026-04-29 00:00:00,QQQ,6,-0.05555555555555556
2026-04-30 00:00:00,QQQ,5,-0.033333333333333326
2026-05-01 00:00:00,QQQ,7,0.09523809523809523
2026-05-04 00:00:00,QQQ,6,0.027777777777777773
2026-05-05 00:00:00,QQQ,5,0.3666666666666667
2026-05-06 00:00:00,QQQ,4,0.1875
2026-05-07 00:00:00,QQQ,5,0.175
2026-05-08 00:00:00,QQQ,5,0.18333333333333335
2026-05-11 00:00:00,QQQ,7,0.09523809523809523
2026-05-12 00:00:00,QQQ,9,-0.24074074074074073
2026-05-13 00:00:00,QQQ,3,0.35000000000000003
2026-05-14 00:00:00,QQQ,6,0.36944444444444446
2026-05-15 00:00:00,QQQ,4,-0.125
2026-05-18 00:00:00,QQQ,6,0.0
2026-05-19 00:00:00,QQQ,7,-0.06666666666666667
2026-05-20 00:00:00,QQQ,5,0.1
2026-05-21 00:00:00,QQQ,7,-0.369047619047619
2026-05-22 00:00:00,QQQ,6,0.16666666666666666
2026-05-23 00:00:00,QQQ,1,0.0
2026-05-24 00:00:00,QQQ,1,0.0
2026-05-25 00:00:00,QQQ,3,-0.38888888888888884
2026-05-26 00:00:00,QQQ,3,0.26666666666666666
2026-05-27 00:00:00,QQQ,5,-0.1
2026-05-28 00:00:00,QQQ,3,0.16666666666666666
2026-05-29 00:00:00,QQQ,7,0.16666666666666666
2026-05-31 00:00:00,QQQ,1,0.5
2026-06-01 00:00:00,QQQ,4,0.325
2026-06-02 00:00:00,QQQ,6,0.18055555555555558
2026-06-03 00:00:00,QQQ,6,0.13333333333333333
2026-06-04 00:00:00,QQQ,6,-0.3194444444444444
2026-06-05 00:00:00,QQQ,4,0.0
2026-06-08 00:00:00,QQQ,5,0.1
2026-06-09 00:00:00,QQQ,5,0.0
2026-06-10 00:00:00,QQQ,11,0.045454545454545456
2026-06-11 00:00:00,QQQ,7,-0.04761904761904762
2026-06-12 00:00:00,QQQ,4,0.1875
2026-06-15 00:00:00,QQQ,5,0.3333333333333333
2026-06-16 00:00:00,QQQ,4,0.22916666666666666
2026-06-17 00:00:00,QQQ,5,0.05
2026-06-18 00:00:00,QQQ,2,0.04999999999999999
2026-06-19 00:00:00,QQQ,2,-0.3333333333333333
2026-06-22 00:00:00,QQQ,6,-0.34722222222222215
2026-06-23 00:00:00,QQQ,7,-0.03571428571428571
2026-06-24 00:00:00,QQQ,6,-0.08333333333333333
2026-06-25 00:00:00,QQQ,6,0.4305555555555555
2026-06-26 00:00:00,QQQ,3,-0.16666666666666666
2026-06-27 00:00:00,QQQ,1,0.0
2026-06-29 00:00:00,QQQ,7,-0.00714285714285715
2026-06-30 00:00:00,QQQ,5,-0.05
2026-07-01 00:00:00,QQQ,5,-0.07333333333333332
2026-07-02 00:00:00,QQQ,4,0.1875
2026-07-03 00:00:00,QQQ,2,-0.25
2026-07-05 00:00:00,QQQ,1,0.5
2026-07-06 00:00:00,QQQ,4,0.375
2026-07-07 00:00:00,QQQ,7,-0.10714285714285714
2026-07-08 00:00:00,QQQ,6,-0.04444444444444443
2026-07-09 00:00:00,QQQ,7,0.1285714285714286
2026-07-10 00:00:00,QQQ,3,-0.2222222222222222
2026-07-13 00:00:00,QQQ,3,0.055555555555555546
2026-07-14 00:00:00,QQQ,4,-0.41666666666666663
2026-07-15 00:00:00,QQQ,5,-0.08333333333333333
2026-07-16 00:00:00,QQQ,6,-0.16666666666666666
2026-07-17 00:00:00,QQQ,5,0.0
2026-07-18 00:00:00,QQQ,1,0.0
2026-07-20 00:00:00,QQQ,5,0.1
2026-07-21 00:00:00,QQQ,7,0.09047619047619049
2026-07-22 00:00:00,QQQ,6,-0.13333333333333333
2026-07-23 00:00:00,QQQ,10,0.033333333333333326
2026-07-24 00:00:00,QQQ,4,-0.2
2026-07-26 00:00:00,QQQ,3,0.16666666666666666
2026-07-27 00:00:00,QQQ,9,0.046296296296296294
2026-07-28 00:00:00,QQQ,9,-0.08518518518518518
2026-07-29 00:00:00,QQQ,8,0.16666666666666669
2026-07-30 00:00:00,QQQ,5,0.15
2026-07-31 00:00:00,QQQ,7,0.08333333333333333
2026-08-02 00:00:00,QQQ,1,0.0
2026-08-03 00:00:00,QQQ,6,0.06944444444444443
2026-08-04 00:00:00,QQQ,4,0.5
2026-08-05 00:00:00,QQQ,6,0.12142857142857144
2026-08-06 00:00:00,QQQ,4,-0.1875
2026-08-07 00:00:00,QQQ,8,0.11666666666666667
2026-08-10 00:00:00,QQQ,6,0.09722222222222222
2026-08-11 00:00:00,QQQ,5,-0.2333333333333333
2026-08-12 00:00:00,QQQ,5,0.3
2026-08-13 00:00:00,QQQ,8,-0.06875
2026-08-14 00:00:00,QQQ,8,0.1875
2026-08-15 00:00:00,QQQ,2,0.6666666666666666
2026-08-17 00:00:00,QQQ,6,0.0
2026-08-18 00:00:00,QQQ,9,-0.3851851851851852
2026-08-19 00:00:00,QQQ,6,0.15277777777777776
2026-08-20 00:00:00,QQQ,7,0.08333333333333334
2026-08-21 00:00:00,QQQ,9,0.17592592592592593
2026-08-24 00:00:00,QQQ,5,-0.4
2026-08-25 00:00:00,QQQ,11,-0.1515151515151515
2026-08-26 00:00:00,QQQ,5,-0.2333333333333333
2026-08-27 00:00:00,QQQ,8,0.25
2026-08-28 00:00:00,QQQ,4,-0.25
2026-08-30 00:00:00,QQQ,1,0.0
2026-08-31 00:00:00,QQQ,8,-0.15625
2026-09-01 00:00:00,QQQ,10,0.08333333333333334
2024-08-12 00:00:00,SCHD,1,0.5
2024-09-17 00:00:00,SCHD,1,-0.5
2024-10-15 00:00:00,SCHD,1,0.0
2024-11-01 00:00:00,SCHD,1,0.0
2024-12-17 00:00:00,SCHD,1,-0.5
2024-12-23 00:00:00,SCHD,1,0.5
2025-01-15 00:00:00,SCHD,1,0.8
2025-02-04 00:00:00,SCHD,1,-0.5
2025-03-31 00:00:00,SCHD,1,0.6666666666666666
2025-04-04 00:00:00,SCHD,1,0.0
2025-04-11 00:00:00,SCHD,1,0.6666666666666666
2025-04-16 00:00:00,SCHD,1,0.5
2025-04-24 00:00:00,SCHD,1,0.5
2025-05-20 00:00:00,SCHD,1,0.5
2025-05-30 00:00:00,SCHD,1,0.5
2025-06-06 00:00:00,SCHD,1,0.6666666666666666
2025-06-11 00:00:00,SCHD,1,0.0
2025-07-03 00:00:00,SCHD,1,-0.25
2025-07-28 00:00:00,SCHD,1,0.5
2025-11-22 00:00:00,SCHD,1,-0.6666666666666666
2025-12-18 00:00:00,SCHD,1,0.0
2026-01-14 00:00:00,SCHD,1,-0.5
2026-01-21 00:00:00,SCHD,1,0.0
2026-02-05 00:00:00,SCHD,1,-0.75
2026-03-09 00:00:00,SCHD,1,0.0
2026-03-24 00:00:00,SCHD,1,-0.16666666666666666
2026-04-28 00:00:00,SCHD,1,0.0
2026-05-06 00:00:00,SCHD,1,0.5
2026-05-16 00:00:00,SCHD,1,0.0
2026-05-23 00:00:00,SCHD,1,0.5
2026-05-31 00:00:00,SCHD,1,0.5
2026-06-10 00:00:00,SCHD,1,-0.25
2026-07-05 00:00:00,SCHD,1,0.5
2026-07-26 00:00:00,SCHD,1,0.5
2026-08-15 00:00:00,SCHD,1,0.6666666666666666
2026-08-30 00:00:00,SCHD,1,0.0
2023-10-31 00:00:00,SPY,1,0.0
2024-07-31 00:00:00,SPY,1,0.0
2024-08-01 00:00:00,SPY,28,-0.007142857142857145
2024-08-02 00:00:00,SPY,33,-0.20252525252525252
2024-08-03 00:00:00,SPY,2,0.0
2024-08-05 00:00:00,SPY,31,-0.0814516129032258
2024-08-06 00:00:00,SPY,20,-0.010833333333333334
2024-08-07 00:00:00,SPY,19,-0.01578947368421053
2024-08-08 00:00:00,SPY,35,-0.027619047619047623
2024-08-09 00:00:00,SPY,19,0.011403508771929825
2024-08-12 00:00:00,SPY,22,-0.09036796536796537
2024-08-13 00:00:00,SPY,37,-0.027927927927927924
2024-08-14 00:00:00,SPY,19,0.00964912280701754
2024-08-15 00:00:00,SPY,32,0.034375
2024-08-16 00:00:00,SPY,36,0.039351851851851846
2024-08-18 00:00:00,SPY,1,-0.5
2024-08-19 00:00:00,SPY,18,0.023148148148148154
2024-08-20 00:00:00,SPY,18,-0.07222222222222223
2024-08-21 00:00:00,SPY,31,0.00706605222734255
2024-08-22 00:00:00,SPY,38,-0.12105263157894736
2024-08-23 00:00:00,SPY,44,-0.14015151515151514
2024-08-26 00:00:00,SPY,26,-0.11858974358974358
2024-08-27 00:00:00,SPY,35,0.011904761904761904
2024-08-28 00:00:00,SPY,14,-0.028571428571428574
2024-08-29 00:00:00,SPY,28,-0.006547619047619048
2024-08-30 00:00:00,SPY,23,-0.07246376811594202
2024-08-31 00:00:00,SPY,1,-0.5
2024-09-02 00:00:00,SPY,2,-0.125
2024-09-03 00:00:00,SPY,23,-0.0463768115942029
2024-09-04 00:00:00,SPY,35,-0.06928571428571428
2024-09-05 00:00:00,SPY,43,-0.050387596899224806
2024-09-06 00:00:00,SPY,64,-0.15034722222222222
2024-09-07 00:00:00,SPY,1,0.0
2024-09-09 00:00:00,SPY,16,-0.09970238095238096
2024-09-10 00:00:00,SPY,22,-0.13712121212121212
2024-09-11 00:00:00,SPY,40,-0.0625
2024-09-12 00:00:00,SPY,28,0.07678571428571428
2024-09-13 00:00:00,SPY,26,0.08205128205128205
2024-09-15 00:00:00,SPY,3,0.0
2024-09-16 00:00:00,SPY,31,-0.10161290322580645
2024-09-17 00:00:00,SPY,41,0.0016260162601626012
2024-09-18 00:00:00,SPY,95,-0.1192982456140351
2024-09-19 00:00:00,SPY,32,-0.03463541666666667
2024-09-20 00:00:00,SPY,27,-0.09567901234567901
2024-09-23 00:00:00,SPY,35,-0.04761904761904762
2024-09-24 00:00:00,SPY,37,-0.09099099099099099
2024-09-25 00:00:00,SPY,37,0.02297297297297297
2024-09-26 00:00:00,SPY,47,-0.016666666666666666
2024-09-27 00:00:00,SPY,56,-0.03125
2024-09-28 00:00:00,SPY,1,0.0
2024-09-30 00:00:00,SPY,55,-0.09545454545454546
2024-10-01 00:00:00,SPY,79,-0.02932489451476793
2024-10-02 00:00:00,SPY,35,-0.09666666666666666
2024-10-03 00:00:00,SPY,43,-0.02945736434108527
2024-10-04 00:00:00,SPY,48,0.015128968253968254
2024-10-07 00:00:00,SPY,49,-0.011564625850340135
2024-10-08 00:00:00,SPY,59,0.0016949152542372877
2024-10-09 00:00:00,SPY,43,-0.08062015503875969
2024-10-10 00:00:00,SPY,51,-0.08104575163398693
2024-10-11 00:00:00,SPY,34,-0.008053221288515407
2024-10-14 00:00:00,SPY,25,0.08933333333333333
2024-10-15 00:00:00,SPY,31,-0.0380952380952381
2024-10-16 00:00:00,SPY,15,0.11666666666666667
2024-10-17 00:00:00,SPY,30,0.11055555555555555
2024-10-18 00:00:00,SPY,24,0.06646825396825397
2024-10-20 00:00:00,SPY,1,-0.75
2024-10-21 00:00:00,SPY,25,-0.08285714285714285
2024-10-22 00:00:00,SPY,26,0.0032051282051282068
2024-10-23 00:00:00,SPY,26,0.028205128205128202
2024-10-24 00:00:00,SPY,29,0.13160919540229885
2024-10-25 00:00:00,SPY,22,-0.011363636363636364
2024-10-26 00:00:00,SPY,1,-0.25
2024-10-28 00:00:00,SPY,14,-0.026785714285714284
2024-10-29 00:00:00,SPY,33,-0.06060606060606061
2024-10-30 00:00:00,SPY,27,0.10925925925925926
2024-10-31 00:00:00,SPY,24,0.032638888888888884
2024-11-01 00:00:00,SPY,21,-0.017857142857142856
2024-11-02 00:00:00,SPY,1,0.6666666666666666
2024-11-04 00:00:00,SPY,18,0.036111111111111115
2024-11-05 00:00:00,SPY,24,0.14583333333333334
2024-11-06 00:00:00,SPY,44,0.1490530303030303
2024-11-07 00:00:00,SPY,52,0.04391025641025641
2024-11-08 00:00:00,SPY,24,0.013690476190476192
2024-11-11 00:00:00,SPY,10,0.14166666666666666
2024-11-12 00:00:00,SPY,30,0.06861111111111112
2024-11-13 00:00:00,SPY,42,-0.08095238095238096
2024-11-14 00:00:00,SPY,52,0.022435897435897433
2024-11-15 00:00:00,SPY,37,-0.11666666666666665
2024-11-17 00:00:00,SPY,1,0.6666666666666666
2024-11-18 00:00:00,SPY,28,0.1488095238095238
2024-11-19 00:00:00,SPY,45,0.0
2024-11-20 00:00:00,SPY,28,-0.03669217687074829
2024-11-21 00:00:00,SPY,36,0.058333333333333334
2024-11-22 00:00:00,SPY,30,0.03833333333333333
2024-11-23 00:00:00,SPY,1,0.5
2024-11-25 00:00:00,SPY,19,0.0780701754385965
2024-11-26 00:00:00,SPY,30,-0.15
2024-11-27 00:00:00,SPY,27,-0.024691358024691357
2024-11-28 00:00:00,SPY,2,0.3333333333333333
2024-11-29 00:00:00,SPY,9,-0.11031746031746033
2024-11-30 00:00:00,SPY,1,0.0
2024-12-01 00:00:00,SPY,1,0.0
2024-12-02 00:00:00,SPY,32,-0.007663690476190477
2024-12-03 00:00:00,SPY,30,-0.06388888888888888
2024-12-04 00:00:00,SPY,58,-0.015804597701149423
2024-12-05 00:00:00,SPY,17,-0.06372549019607844
2024-12-06 00:00:00,SPY,52,-0.037820512820512825
2024-12-07 00:00:00,SPY,1,0.0
2024-12-08 00:00:00,SPY,6,-0.08333333333333333
2024-12-09 00:00:00,SPY,22,0.007575757575757574
2024-12-10 00:00:00,SPY,19,-0.02631578947368421
2024-12-11 00:00:00,SPY,20,-0.02708333333333333
2024-12-12 00:00:00,SPY,24,0.045138888888888895
2024-12-13 00:00:00,SPY,13,-0.13974358974358975
2024-12-16 00:00:00,SPY,22,-0.058008658008658
2024-12-17 00:00:00,SPY,26,-0.020833333333333336
2024-12-18 00:00:00,SPY,53,-0.17510005717552884
2024-12-19 00:00:00,SPY,28,-0.038690476190476185
2024-12-20 00:00:00,SPY,47,-0.1276595744680851
2024-12-22 00:00:00,SPY,1,0.0
2024-12-23 00:00:00,SPY,21,0.07063492063492063
2024-12-24 00:00:00,SPY,13,0.11282051282051284
2024-12-25 00:00:00,SPY,3,0.0
2024-12-26 00:00:00,SPY,11,0.2424242424242424
2024-12-27 00:00:00,SPY,16,0.09479166666666666
2024-12-29 00:00:00,SPY,3,-0.3333333333333333
2024-12-30 00:00:00,SPY,11,-0.0606060606060606
2024-12-31 00:00:00,SPY,14,0.15238095238095237
2025-01-01 00:00:00,SPY,2,0.25
2025-01-02 00:00:00,SPY,14,0.24404761904761904
2025-01-03 00:00:00,SPY,18,-0.10185185185185185
2025-01-04 00:00:00,SPY,1,0.0
2025-01-06 00:00:00,SPY,20,0.045
2025-01-07 00:00:00,SPY,26,-0.04807692307692308
2025-01-08 00:00:00,SPY,28,-0.07738095238095237
2025-01-09 00:00:00,SPY,6,0.10555555555555557
2025-01-10 00:00:00,SPY,26,-0.08333333333333333
2025-01-13 00:00:00,SPY,17,-0.11764705882352941
2025-01-14 00:00:00,SPY,24,-0.034722222222222224
2025-01-15 00:00:00,SPY,42,0.04662698412698413
2025-01-16 00:00:00,SPY,27,0.046913580246913576
2025-01-17 00:00:00,SPY,22,0.11893939393939394
2025-01-19 00:00:00,SPY,2,0.25
2025-01-20 00:00:00,SPY,2,0.0
2025-01-21 00:00:00,SPY,11,-0.05303030303030303
2025-01-22 00:00:00,SPY,13,0.1371794871794872
2025-01-23 00:00:00,SPY,34,-0.024509803921568627
2025-01-24 00:00:00,SPY,25,-0.11695238095238095
2025-01-27 00:00:00,SPY,11,-0.28961038961038965
2025-01-28 00:00:00,SPY,21,-0.11428571428571428
2025-01-29 00:00:00,SPY,53,-0.1641509433962264
2025-01-30 00:00:00,SPY,26,-0.04935897435897436
2025-01-31 00:00:00,SPY,46,-0.1677536231884058
2025-02-03 00:00:00,SPY,66,-0.23232323232323232
2025-02-04 00:00:00,SPY,26,-0.10192307692307692
2025-02-05 00:00:00,SPY,32,-0.14618055555555556
2025-02-06 00:00:00,SPY,35,-0.10095238095238095
2025-02-07 00:00:00,SPY,59,-0.04079903147699758
2025-02-08 00:00:00,SPY,1,0.5
2025-02-10 00:00:00,SPY,12,-0.14484126984126985
2025-02-11 00:00:00,SPY,66,-0.07424242424242425
2025-02-12 00:00:00,SPY,84,-0.073015873015873
2025-02-13 00:00:00,SPY,47,-0.23404255319148937
2025-02-14 00:00:00,SPY,29,-0.01149425287356322
2025-02-17 00:00:00,SPY,10,-0.05
2025-02-18 00:00:00,SPY,24,-0.003472222222222219
2025-02-19 00:00:00,SPY,28,-0.13988095238095238
2025-02-20 00:00:00,SPY,45,-0.0937037037037037
2025-02-21 00:00:00,SPY,30,-0.13722222222222225
2025-02-22 00:00:00,SPY,2,-0.7333333333333334
2025-02-23 00:00:00,SPY,1,0.0
2025-02-24 00:00:00,SPY,21,-0.1492063492063492
2025-02-25 00:00:00,SPY,20,-0.22583333333333333
2025-02-26 00:00:00,SPY,29,-0.132183908045977
2025-02-27 00:00:00,SPY,32,-0.11979166666666666
2025-02-28 00:00:00,SPY,30,-0.12222222222222222
2025-03-02 00:00:00,SPY,1,0.0
2025-03-03 00:00:00,SPY,47,-0.20070921985815604
2025-03-04 00:00:00,SPY,45,-0.2886772486772487
2025-03-05 00:00:00,SPY,34,-0.08333333333333333
2025-03-06 00:00:00,SPY,48,-0.24270833333333333
2025-03-07 00:00:00,SPY,39,-0.1717948717948718
2025-03-10 00:00:00,SPY,21,-0.1626984126984127
2025-03-11 00:00:00,SPY,44,-0.2321969696969697
2025-03-12 00:00:00,SPY,44,-0.15643939393939393
2025-03-13 00:00:00,SPY,57,-0.15555555555555556
2025-03-14 00:00:00,SPY,29,-0.11206896551724138
2025-03-17 00:00:00,SPY,30,-0.01222222222222222
2025-03-18 00:00:00,SPY,24,-0.06944444444444443
2025-03-19 00:00:00,SPY,45,-0.143015873015873
2025-03-20 00:00:00,SPY,23,-0.042753623188405795
2025-03-21 00:00:00,SPY,39,-0.1799145299145299
2025-03-24 00:00:00,SPY,39,-0.11965811965811966
2025-03-25 00:00:00,SPY,41,-0.0886178861788618
2025-03-26 00:00:00,SPY,40,-0.18229166666666669
2025-03-27 00:00:00,SPY,37,-0.12522522522522522
2025-03-28 00:00:00,SPY,47,-0.20187436676798376
2025-03-31 00:00:00,SPY,39,-0.29572649572649573
2025-04-01 00:00:00,SPY,36,-0.22451499118165785
2025-04-02 00:00:00,SPY,45,-0.2477777777777778
2025-04-03 00:00:00,SPY,54,-0.29466490299823633
2025-04-04 00:00:00,SPY,53,-0.23418688230008983
2025-04-07 00:00:00,SPY,71,-0.36837692823608315
2025-04-08 00:00:00,SPY,79,-0.23618143459915608
2025-04-09 00:00:00,SPY,74,-0.27104247104247103
2025-04-10 00:00:00,SPY,78,-0.1564051689051689
2025-04-11 00:00:00,SPY,37,-0.18758043758043758
2025-04-13 00:00:00,SPY,2,-0.625
2025-04-14 00:00:00,SPY,31,-0.19543010752688172
2025-04-15 00:00:00,SPY,2,0.0
2022-10-12 00:00:00,TSLA,1,0.0
2022-10-14 00:00:00,TSLA,1,0.0
2023-10-31 00:00:00,TSLA,1,0.0
2023-11-25 00:00:00,TSLA,1,0.0
2024-01-12 00:00:00,TSLA,1,0.0
2024-04-18 00:00:00,TSLA,1,-0.6666666666666666
2024-04-19 00:00:00,TSLA,1,-0.5
2024-04-26 00:00:00,TSLA,1,0.5
2024-05-09 00:00:00,TSLA,1,0.0
2024-07-22 00:00:00,TSLA,1,0.0
2024-07-31 00:00:00,TSLA,1,-0.5
2024-08-01 00:00:00,TSLA,12,-0.06666666666666667
2024-08-02 00:00:00,TSLA,13,-0.11538461538461539
2024-08-03 00:00:00,TSLA,8,-0.10416666666666667
2024-08-04 00:00:00,TSLA,2,0.0
2024-08-05 00:00:00,TSLA,15,-0.15555555555555553
2024-08-06 00:00:00,TSLA,14,-0.06547619047619048
2024-08-07 00:00:00,TSLA,8,0.0
2024-08-08 00:00:00,TSLA,15,0.18333333333333332
2024-08-09 00:00:00,TSLA,10,0.06666666666666667
2024-08-10 00:00:00,TSLA,5,-0.13333333333333333
2024-08-12 00:00:00,TSLA,10,0.075
2024-08-13 00:00:00,TSLA,14,-0.17261904761904762
2024-08-14 00:00:00,TSLA,18,0.03425925925925925
2024-08-15 00:00:00,TSLA,13,0.16666666666666666
2024-08-16 00:00:00,TSLA,6,0.0
2024-08-17 00:00:00,TSLA,5,0.0
2024-08-18 00:00:00,TSLA,4,-0.29166666666666663
2024-08-19 00:00:00,TSLA,12,0.041666666666666664
2024-08-20 00:00:00,TSLA,21,0.0746031746031746
2024-08-21 00:00:00,TSLA,13,-0.1282051282051282
2024-08-22 00:00:00,TSLA,14,-0.13214285714285715
2024-08-23 00:00:00,TSLA,7,-0.07142857142857142
2024-08-24 00:00:00,TSLA,3,0.0
2024-08-25 00:00:00,TSLA,3,0.0
2024-08-26 00:00:00,TSLA,11,-0.034848484848484844
2024-08-27 00:00:00,TSLA,7,0.03571428571428571
2024-08-28 00:00:00,TSLA,10,-0.1
2024-08-29 00:00:00,TSLA,8,-0.07291666666666667
2024-08-30 00:00:00,TSLA,13,-0.019230769230769232
2024-08-31 00:00:00,TSLA,6,-0.1111111111111111
2024-09-01 00:00:00,TSLA,1,0.0
2024-09-02 00:00:00,TSLA,6,0.041666666666666664
2024-09-03 00:00:00,TSLA,16,0.0
2024-09-04 00:00:00,TSLA,11,-0.11742424242424242
2024-09-05 00:00:00,TSLA,20,0.07083333333333333
2024-09-06 00:00:00,TSLA,15,-0.16444444444444445
2024-09-07 00:00:00,TSLA,6,0.055555555555555546
2024-09-08 00:00:00,TSLA,4,0.0
2024-09-09 00:00:00,TSLA,14,0.011904761904761904
2024-09-10 00:00:00,TSLA,17,0.11764705882352941
2024-09-11 00:00:00,TSLA,15,0.11666666666666667
2024-09-12 00:00:00,TSLA,8,-0.08333333333333333
2024-09-13 00:00:00,TSLA,10,0.0
2024-09-14 00:00:00,TSLA,3,0.2222222222222222
2024-09-15 00:00:00,TSLA,1,0.0
2024-09-16 00:00:00,TSLA,10,0.0
2024-09-17 00:00:00,TSLA,10,0.11666666666666665
2024-09-18 00:00:00,TSLA,11,-0.006060606060606059
2024-09-19 00:00:00,TSLA,13,0.07967032967032966
2024-09-20 00:00:00,TSLA,12,0.02777777777777778
2024-09-21 00:00:00,TSLA,5,-0.2
2024-09-22 00:00:00,TSLA,1,0.0
2024-09-23 00:00:00,TSLA,13,0.1282051282051282
2024-09-24 00:00:00,TSLA,17,0.0
2024-09-25 00:00:00,TSLA,12,0.125
2024-09-26 00:00:00,TSLA,10,0.0
2024-09-27 00:00:00,TSLA,11,0.11363636363636363
2024-09-28 00:00:00,TSLA,2,0.5833333333333333
2024-09-29 00:00:00,TSLA,1,-0.5
2024-09-30 00:00:00,TSLA,17,0.07450980392156863
2024-10-01 00:00:00,TSLA,16,0.19270833333333331
2024-10-02 00:00:00,TSLA,18,-0.009259259259259257
2024-10-03 00:00:00,TSLA,21,0.015873015873015876
2024-10-04 00:00:00,TSLA,14,-0.011904761904761902
2024-10-05 00:00:00,TSLA,2,0.0
2024-10-06 00:00:00,TSLA,4,0.125
2024-10-07 00:00:00,TSLA,18,0.12962962962962962
2024-10-08 00:00:00,TSLA,14,0.041666666666666664
2024-10-09 00:00:00,TSLA,19,0.16666666666666666
2024-10-10 00:00:00,TSLA,19,0.07456140350877193
2024-10-11 00:00:00,TSLA,33,-0.010281385281385282
2024-10-12 00:00:00,TSLA,7,-0.09523809523809523
2024-10-13 00:00:00,TSLA,7,-0.10714285714285714
2024-10-14 00:00:00,TSLA,17,0.019607843137254905
2024-10-15 00:00:00,TSLA,17,0.058823529411764705
2024-10-16 00:00:00,TSLA,14,0.05952380952380953
2024-10-17 00:00:00,TSLA,13,0.038461538461538464
2024-10-18 00:00:00,TSLA,10,-0.05500000000000001
2024-10-19 00:00:00,TSLA,4,0.0
2024-10-20 00:00:00,TSLA,2,-0.3333333333333333
2024-10-21 00:00:00,TSLA,15,0.16999999999999998
2024-10-22 00:00:00,TSLA,18,-0.06481481481481481
2024-10-23 00:00:00,TSLA,29,0.04022988505747126
2024-10-24 00:00:00,TSLA,45,0.2885185185185185
2024-10-25 00:00:00,TSLA,22,0.2537878787878788
2024-10-26 00:00:00,TSLA,3,-0.2222222222222222
2024-10-27 00:00:00,TSLA,2,0.3333333333333333
2024-10-28 00:00:00,TSLA,14,0.125
2024-10-29 00:00:00,TSLA,18,0.16203703703703703
2024-10-30 00:00:00,TSLA,8,0.21875
2024-10-31 00:00:00,TSLA,10,0.075
2024-11-01 00:00:00,TSLA,7,0.0
2024-11-02 00:00:00,TSLA,3,0.3333333333333333
2024-11-03 00:00:00,TSLA,2,0.0
2024-11-04 00:00:00,TSLA,17,0.0980392156862745
2024-11-05 00:00:00,TSLA,18,0.19444444444444445
2024-11-06 00:00:00,TSLA,22,0.29204545454545455
2024-11-07 00:00:00,TSLA,20,0.15583333333333332
2024-11-08 00:00:00,TSLA,18,0.2296296296296296
2024-11-09 00:00:00,TSLA,2,0.25
2024-11-10 00:00:00,TSLA,2,-0.5833333333333333
2024-11-11 00:00:00,TSLA,15,0.29666666666666663
2024-11-12 00:00:00,TSLA,17,0.34411764705882353
2024-11-13 00:00:00,TSLA,14,-0.10119047619047618
2024-11-14 00:00:00,TSLA,20,0.054166666666666675
2024-11-15 00:00:00,TSLA,22,-0.026515151515151512
2024-11-16 00:00:00,TSLA,4,0.0
2024-11-17 00:00:00,TSLA,2,0.3333333333333333
2024-11-18 00:00:00,TSLA,21,0.02777777777777778
2024-11-19 00:00:00,TSLA,21,0.2193877551020408
2024-11-20 00:00:00,TSLA,12,0.20138888888888887
2024-11-21 00:00:00,TSLA,12,-0.013888888888888886
2024-11-22 00:00:00,TSLA,11,0.1461038961038961
2024-11-23 00:00:00,TSLA,4,0.0
2024-11-24 00:00:00,TSLA,1,0.6666666666666666
2024-11-25 00:00:00,TSLA,14,0.11904761904761904
2024-11-26 00:00:00,TSLA,14,0.05357142857142857
2024-11-27 00:00:00,TSLA,13,0.0064102564102564135
2024-11-28 00:00:00,TSLA,11,-0.045454545454545456
2024-11-29 00:00:00,TSLA,8,0.04464285714285714
2024-11-30 00:00:00,TSLA,4,-0.16666666666666666
2024-12-01 00:00:00,TSLA,2,0.0
2024-12-02 00:00:00,TSLA,22,0.20075757575757577
2024-12-03 00:00:00,TSLA,19,0.2263157894736842
2024-12-04 00:00:00,TSLA,12,-0.0625
2024-12-05 00:00:00,TSLA,9,0.24074074074074073
2024-12-06 00:00:00,TSLA,17,0.2647058823529412
2024-12-07 00:00:00,TSLA,6,0.21666666666666667
2024-12-08 00:00:00,TSLA,2,0.25
2024-12-09 00:00:00,TSLA,17,0.16666666666666666
2024-12-10 00:00:00,TSLA,12,0.14722222222222223
2024-12-11 00:00:00,TSLA,20,0.20416666666666666
2024-12-12 00:00:00,TSLA,17,0.10784313725490195
2024-12-13 00:00:00,TSLA,15,0.058333333333333334
2024-12-14 00:00:00,TSLA,5,0.1
2024-12-15 00:00:00,TSLA,4,-0.04166666666666666
2024-12-16 00:00:00,TSLA,23,0.2365424430641822
2024-12-17 00:00:00,TSLA,22,0.09659090909090909
2024-12-18 00:00:00,TSLA,15,0.07777777777777777
2024-12-19 00:00:00,TSLA,9,-0.15740740740740738
2024-12-20 00:00:00,TSLA,13,-0.025641025641025644
2024-12-21 00:00:00,TSLA,2,-0.3333333333333333
2024-12-22 00:00:00,TSLA,4,0.16666666666666666
2024-12-23 00:00:00,TSLA,9,-0.14814814814814814
2024-12-24 00:00:00,TSLA,14,0.1761904761904762
2024-12-25 00:00:00,TSLA,8,0.0625
2024-12-26 00:00:00,TSLA,9,0.18518518518518517
2024-12-27 00:00:00,TSLA,12,0.011111111111111118
2024-12-28 00:00:00,TSLA,4,-0.125
2024-12-29 00:00:00,TSLA,3,0.0
2024-12-30 00:00:00,TSLA,14,0.15476190476190474
2024-12-31 00:00:00,TSLA,10,-0.1
2025-01-01 00:00:00,TSLA,4,0.0
2025-01-02 00:00:00,TSLA,21,0.03571428571428571
2025-01-03 00:00:00,TSLA,33,0.03156565656565657
2025-01-04 00:00:00,TSLA,4,0.16666666666666666
2025-01-05 00:00:00,TSLA,6,-0.16666666666666666
2025-01-06 00:00:00,TSLA,16,0.19791666666666666
2025-01-07 00:00:00,TSLA,20,-0.07708333333333332
2025-01-08 00:00:00,TSLA,13,-0.05128205128205128
2025-01-09 00:00:00,TSLA,9,0.18518518518518517
2025-01-10 00:00:00,TSLA,13,-0.16666666666666666
2025-01-11 00:00:00,TSLA,1,0.0
2025-01-12 00:00:00,TSLA,3,-0.2222222222222222
2025-01-13 00:00:00,TSLA,11,0.09090909090909091
2025-01-14 00:00:00,TSLA,16,0.036458333333333336
2025-01-15 00:00:00,TSLA,13,0.057692307692307696
2025-01-16 00:00:00,TSLA,12,0.0069444444444444475
2025-01-17 00:00:00,TSLA,13,-0.05128205128205128
2025-01-18 00:00:00,TSLA,3,0.16666666666666666
2025-01-19 00:00:00,TSLA,3,-0.4444444444444444
2025-01-20 00:00:00,TSLA,11,0.07272727272727274
2025-01-21 00:00:00,TSLA,17,-0.06372549019607844
2025-01-22 00:00:00,TSLA,9,0.2685185185185185
2025-01-23 00:00:00,TSLA,10,0.0
2025-01-24 00:00:00,TSLA,8,-0.125
2025-01-25 00:00:00,TSLA,6,0.19444444444444442
2025-01-26 00:00:00,TSLA,6,0.0
2025-01-27 00:00:00,TSLA,17,0.015686274509803918
2025-01-28 00:00:00,TSLA,20,0.017499999999999998
2025-01-29 00:00:00,TSLA,31,-0.0510752688172043
2025-01-30 00:00:00,TSLA,30,0.08888888888888888
2025-01-31 00:00:00,TSLA,17,-0.0784313725490196
2025-02-01 00:00:00,TSLA,3,-0.08333333333333333
2025-02-02 00:00:00,TSLA,1,-0.4
2025-02-03 00:00:00,TSLA,15,-0.3477777777777778
2025-02-04 00:00:00,TSLA,11,-0.09090909090909091
2025-02-05 00:00:00,TSLA,11,0.10606060606060605
2025-02-06 00:00:00,TSLA,14,0.1130952380952381
2025-02-07 00:00:00,TSLA,13,-0.05128205128205128
2025-02-08 00:00:00,TSLA,4,0.0
2025-02-09 00:00:00,TSLA,4,-0.1333333333333333
2025-02-10 00:00:00,TSLA,21,0.10476190476190476
2025-02-11 00:00:00,TSLA,15,0.005555555555555558
2025-02-12 00:00:00,TSLA,22,-0.060606060606060615
2025-02-13 00:00:00,TSLA,18,-0.09722222222222222
2025-02-14 00:00:00,TSLA,16,0.159375
2025-02-15 00:00:00,TSLA,3,-0.055555555555555546
2025-02-16 00:00:00,TSLA,4,-0.35416666666666663
2025-02-17 00:00:00,TSLA,8,-0.125
2025-02-18 00:00:00,TSLA,16,0.005208333333333336
2025-02-19 00:00:00,TSLA,19,-0.08333333333333333
2025-02-20 00:00:00,TSLA,14,-0.11071428571428572
2025-02-21 00:00:00,TSLA,9,0.04074074074074073
2025-02-22 00:00:00,TSLA,2,-0.25
2025-02-23 00:00:00,TSLA,4,-0.3392857142857143
2025-02-24 00:00:00,TSLA,14,-0.02380952380952381
2025-02-25 00:00:00,TSLA,13,-0.06153846153846154
2025-02-26 00:00:00,TSLA,9,-0.24074074074074073
2025-02-27 00:00:00,TSLA,12,0.027777777777777773
2025-02-28 00:00:00,TSLA,12,-0.0069444444444444475
2025-03-01 00:00:00,TSLA,5,-0.1
2025-03-02 00:00:00,TSLA,6,-0.2222222222222222
2025-03-03 00:00:00,TSLA,22,-0.1787878787878788
2025-03-04 00:00:00,TSLA,17,-0.08823529411764706
2025-03-05 00:00:00,TSLA,14,-0.21726190476190474
2025-03-06 00:00:00,TSLA,12,-0.1111111111111111
2025-03-07 00:00:00,TSLA,10,-0.05
2025-03-08 00:00:00,TSLA,3,0.08333333333333333
2025-03-09 00:00:00,TSLA,2,-0.375
2025-03-10 00:00:00,TSLA,14,-0.2202380952380952
2025-03-11 00:00:00,TSLA,32,-0.17678571428571427
2025-03-12 00:00:00,TSLA,27,-0.008024691358024695
2025-03-13 00:00:00,TSLA,15,0.09444444444444443
2025-03-14 00:00:00,TSLA,11,-0.25757575757575757
2025-03-15 00:00:00,TSLA,8,-0.35416666666666663
2025-03-16 00:00:00,TSLA,3,-0.5333333333333333
2025-03-17 00:00:00,TSLA,22,0.0606060606060606
2025-03-18 00:00:00,TSLA,25,0.010666666666666665
2025-03-19 00:00:00,TSLA,20,0.22916666666666666
2025-03-20 00:00:00,TSLA,17,-0.15588235294117647
2025-03-21 00:00:00,TSLA,22,0.032575757575757584
2025-03-22 00:00:00,TSLA,3,0.0
2025-03-23 00:00:00,TSLA,3,-0.16666666666666666
2025-03-24 00:00:00,TSLA,26,-0.10576923076923077
2025-03-25 00:00:00,TSLA,15,0.10555555555555556
2025-03-26 00:00:00,TSLA,14,-0.19047619047619047
2025-03-27 00:00:00,TSLA,18,-0.3638888888888889
2025-03-28 00:00:00,TSLA,22,-0.18354978354978355
2025-03-29 00:00:00,TSLA,4,-0.29166666666666663
2025-03-30 00:00:00,TSLA,2,-0.5833333333333333
2025-03-31 00:00:00,TSLA,18,-0.07685185185185185
2025-04-01 00:00:00,TSLA,25,-0.20752380952380953
2025-04-02 00:00:00,TSLA,27,-0.245679012345679
2025-04-03 00:00:00,TSLA,21,-0.13492063492063494
2025-04-04 00:00:00,TSLA,11,-0.32575757575757575
2025-04-05 00:00:00,TSLA,2,-0.6666666666666666
2025-04-06 00:00:00,TSLA,3,-0.5555555555555555
2025-04-07 00:00:00,TSLA,19,-0.29473684210526313
2025-04-08 00:00:00,TSLA,13,-0.4346153846153846
2025-04-09 00:00:00,TSLA,17,-0.24901960784313726
2025-04-10 00:00:00,TSLA,20,-0.09625
2025-04-11 00:00:00,TSLA,14,-0.13214285714285715
2025-04-12 00:00:00,TSLA,6,-0.20833333333333334
2025-04-13 00:00:00,TSLA,1,0.16666666666666666
2025-04-14 00:00:00,TSLA,10,-0.025
2025-04-15 00:00:00,TSLA,11,-0.16666666666666666
2025-04-16 00:00:00,TSLA,19,-0.21929824561403505
2025-04-17 00:00:00,TSLA,11,-0.045454545454545456
2025-04-18 00:00:00,TSLA,7,-0.4047619047619047
2025-04-19 00:00:00,TSLA,4,-0.3333333333333333
2025-04-20 00:00:00,TSLA,1,0.0
2025-04-21 00:00:00,TSLA,17,-0.04411764705882353
2025-04-22 00:00:00,TSLA,34,-0.13872549019607844
2025-04-23 00:00:00,TSLA,46,-0.012681159420289856
2025-04-24 00:00:00,TSLA,21,-0.11507936507936507
2025-04-25 00:00:00,TSLA,24,0.10813492063492064
2025-04-26 00:00:00,TSLA,4,-0.0625
2025-04-27 00:00:00,TSLA,3,0.4166666666666667
2025-04-28 00:00:00,TSLA,14,0.06845238095238096
2025-04-29 00:00:00,TSLA,15,-0.09444444444444443
2025-04-30 00:00:00,TSLA,14,-0.07142857142857142
2025-05-01 00:00:00,TSLA,18,0.023148148148148147
2025-05-02 00:00:00,TSLA,13,-0.07692307692307693
2025-05-04 00:00:00,TSLA,4,0.06666666666666665
2025-05-05 00:00:00,TSLA,10,-0.16166666666666668
2025-05-06 00:00:00,TSLA,15,-0.10888888888888888
2025-05-07 00:00:00,TSLA,10,-0.13999999999999999
2025-05-08 00:00:00,TSLA,15,-0.006666666666666665
2025-05-09 00:00:00,TSLA,14,0.0773809523809524
2025-05-10 00:00:00,TSLA,2,0.0
2025-05-11 00:00:00,TSLA,3,0.38888888888888884
2025-05-12 00:00:00,TSLA,16,-0.13541666666666666
2025-05-13 00:00:00,TSLA,13,-0.019230769230769232
2025-05-14 00:00:00,TSLA,13,0.16538461538461538
2025-05-15 00:00:00,TSLA,10,0.09166666666666666
2025-05-16 00:00:00,TSLA,11,0.045454545454545456
2025-05-17 00:00:00,TSLA,4,0.04166666666666666
2025-05-18 00:00:00,TSLA,6,-0.04444444444444443
2025-05-19 00:00:00,TSLA,11,-0.11363636363636363
2025-05-20 00:00:00,TSLA,34,0.11029411764705882
2025-05-21 00:00:00,TSLA,21,0.023809523809523808
2025-05-22 00:00:00,TSLA,20,-0.0625
2025-05-23 00:00:00,TSLA,13,0.17051282051282052
2025-05-24 00:00:00,TSLA,3,-0.38888888888888884
2025-05-25 00:00:00,TSLA,1,-0.8
2025-05-26 00:00:00,TSLA,1,0.0
2025-05-27 00:00:00,TSLA,16,-0.010416666666666664
2025-05-28 00:00:00,TSLA,18,0.05555555555555555
2025-05-29 00:00:00,TSLA,23,0.018115942028985504
2025-05-30 00:00:00,TSLA,16,-0.020833333333333336
2025-05-31 00:00:00,TSLA,12,-0.12222222222222223
2025-06-01 00:00:00,TSLA,4,-0.41666666666666663
2025-06-02 00:00:00,TSLA,21,0.06507936507936508
2025-06-03 00:00:00,TSLA,25,0.09933333333333333
2025-06-04 00:00:00,TSLA,14,0.011904761904761902
2025-06-05 00:00:00,TSLA,30,-0.08555555555555555
2025-06-06 00:00:00,TSLA,38,-0.08859649122807016
2025-06-07 00:00:00,TSLA,11,-0.08333333333333333
2025-06-08 00:00:00,TSLA,6,-0.11666666666666665
2025-06-09 00:00:00,TSLA,26,-0.035256410256410256
2025-06-10 00:00:00,TSLA,19,0.02631578947368421
2025-06-11 00:00:00,TSLA,20,-0.01666666666666667
2025-06-12 00:00:00,TSLA,21,-0.09920634920634919
2025-06-13 00:00:00,TSLA,12,-0.0625
2025-06-14 00:00:00,TSLA,1,0.0
2025-06-16 00:00:00,TSLA,10,-0.03333333333333334
2025-06-17 00:00:00,TSLA,17,-0.03921568627450981
2025-06-18 00:00:00,TSLA,15,0.035555555555555556
2025-06-19 00:00:00,TSLA,3,-0.2222222222222222
2025-06-20 00:00:00,TSLA,13,0.07692307692307693
2025-06-21 00:00:00,TSLA,3,0.0
2025-06-22 00:00:00,TSLA,2,0.25
2025-06-23 00:00:00,TSLA,28,0.07142857142857142
2025-06-24 00:00:00,TSLA,13,0.10769230769230768
2025-06-25 00:00:00,TSLA,16,0.11979166666666666
2025-06-26 00:00:00,TSLA,17,0.17450980392156865
2025-06-27 00:00:00,TSLA,10,-0.075
2025-06-28 00:00:00,TSLA,4,-0.2
2025-06-29 00:00:00,TSLA,6,0.027777777777777773
2025-06-30 00:00:00,TSLA,11,-0.12878787878787878
2025-07-01 00:00:00,TSLA,30,0.008333333333333333
2025-07-02 00:00:00,TSLA,27,-0.05864197530864198
2025-07-03 00:00:00,TSLA,19,0.05701754385964912
2025-07-04 00:00:00,TSLA,10,-0.016666666666666663
2025-07-05 00:00:00,TSLA,4,-0.04166666666666666
2025-07-06 00:00:00,TSLA,3,0.25
2025-07-07 00:00:00,TSLA,31,-0.12634408602150538
2025-07-08 00:00:00,TSLA,25,-0.01
2025-07-09 00:00:00,TSLA,12,-0.1013888888888889
2025-07-10 00:00:00,TSLA,21,0.023809523809523808
2025-07-11 00:00:00,TSLA,22,-0.004545454545454544
2025-07-12 00:00:00,TSLA,3,0.055555555555555546
2025-07-13 00:00:00,TSLA,3,-0.16666666666666666
2025-07-14 00:00:00,TSLA,20,-0.12916666666666665
2025-07-15 00:00:00,TSLA,17,-0.14705882352941177
2025-07-16 00:00:00,TSLA,15,0.020000000000000004
2025-07-17 00:00:00,TSLA,18,-0.10648148148148147
2025-07-18 00:00:00,TSLA,15,0.03333333333333333
2025-07-19 00:00:00,TSLA,1,0.0
2025-07-20 00:00:00,TSLA,2,0.2
2025-07-21 00:00:00,TSLA,18,0.08333333333333333
2025-07-22 00:00:00,TSLA,24,-0.020833333333333332
2025-07-23 00:00:00,TSLA,40,-0.05625
2025-07-24 00:00:00,TSLA,34,-0.12962184873949578
2025-07-25 00:00:00,TSLA,32,-0.03645833333333333
2025-07-26 00:00:00,TSLA,3,0.0
2025-07-27 00:00:00,TSLA,2,-0.25
2025-07-28 00:00:00,TSLA,21,-0.04206349206349207
2025-07-29 00:00:00,TSLA,19,0.13596491228070173
2025-07-30 00:00:00,TSLA,12,-0.125
2025-07-31 00:00:00,TSLA,10,0.1716666666666667
2025-08-01 00:00:00,TSLA,11,-0.1515151515151515
2025-08-02 00:00:00,TSLA,2,-0.7083333333333333
2025-08-03 00:00:00,TSLA,3,-0.08333333333333333
2025-08-04 00:00:00,TSLA,17,0.041176470588235294
2025-08-05 00:00:00,TSLA,12,-0.05555555555555555
2025-08-06 00:00:00,TSLA,10,-0.05833333333333333
2025-08-07 00:00:00,TSLA,8,0.0
2025-08-08 00:00:00,TSLA,11,0.12878787878787878
2025-08-09 00:00:00,TSLA,3,-0.25
2025-08-10 00:00:00,TSLA,3,-0.21666666666666667
2025-08-11 00:00:00,TSLA,12,-0.013888888888888886
2025-08-12 00:00:00,TSLA,11,-0.022727272727272728
2025-08-13 00:00:00,TSLA,13,-0.019230769230769232
2025-08-14 00:00:00,TSLA,9,0.06481481481481483
2025-08-15 00:00:00,TSLA,7,-0.09523809523809523
2025-08-16 00:00:00,TSLA,2,-0.08333333333333331
2025-08-17 00:00:00,TSLA,3,0.3333333333333333
2025-08-18 00:00:00,TSLA,13,0.22307692307692306
2025-08-19 00:00:00,TSLA,14,0.05238095238095238
2025-08-20 00:00:00,TSLA,12,-0.07638888888888888
2025-08-21 00:00:00,TSLA,13,-0.17051282051282052
2025-08-22 00:00:00,TSLA,14,-0.08452380952380953
2025-08-23 00:00:00,TSLA,2,0.0
2025-08-24 00:00:00,TSLA,4,0.0
2025-08-25 00:00:00,TSLA,9,0.05555555555555555
2025-08-26 00:00:00,TSLA,12,-0.08333333333333333
2025-08-27 00:00:00,TSLA,14,-0.041666666666666664
2025-08-28 00:00:00,TSLA,6,-0.027777777777777773
2025-08-29 00:00:00,TSLA,7,-0.023809523809523805
2025-08-30 00:00:00,TSLA,3,0.08333333333333333
2025-08-31 00:00:00,TSLA,3,0.4166666666666667
2025-09-01 00:00:00,TSLA,6,-0.19444444444444442
2025-09-02 00:00:00,TSLA,11,-0.0075757575757575794
2025-09-03 00:00:00,TSLA,13,0.025641025641025644
2025-09-04 00:00:00,TSLA,16,0.03125
2025-09-05 00:00:00,TSLA,18,0.061111111111111116
2025-09-06 00:00:00,TSLA,1,0.0
2025-09-07 00:00:00,TSLA,6,0.041666666666666664
2025-09-08 00:00:00,TSLA,10,0.05
2025-09-09 00:00:00,TSLA,15,0.04444444444444444
2025-09-10 00:00:00,TSLA,13,0.08974358974358973
2025-09-11 00:00:00,TSLA,15,0.1111111111111111
2025-09-12 00:00:00,TSLA,16,0.011458333333333334
2025-09-13 00:00:00,TSLA,5,-0.25
2025-09-14 00:00:00,TSLA,5,0.2
2025-09-15 00:00:00,TSLA,21,0.1349206349206349
2025-09-16 00:00:00,TSLA,13,-0.025641025641025637
2025-09-17 00:00:00,TSLA,15,-0.16555555555555557
2025-09-18 00:00:00,TSLA,11,0.04696969696969697
2025-09-19 00:00:00,TSLA,17,0.2549019607843137
2025-09-20 00:00:00,TSLA,6,0.1388888888888889
2025-09-21 00:00:00,TSLA,4,-0.0625
2025-09-22 00:00:00,TSLA,14,0.20833333333333331
2025-09-23 00:00:00,TSLA,14,0.1445578231292517
2025-09-24 00:00:00,TSLA,14,-0.02976190476190476
2025-09-25 00:00:00,TSLA,13,0.038461538461538464
2025-09-26 00:00:00,TSLA,15,0.06111111111111111
2025-09-27 00:00:00,TSLA,3,0.0
2025-09-28 00:00:00,TSLA,3,0.16666666666666666
2025-09-29 00:00:00,TSLA,9,0.03703703703703703
2025-09-30 00:00:00,TSLA,10,0.15
2025-10-01 00:00:00,TSLA,15,-0.1
2025-10-02 00:00:00,TSLA,20,0.25
2025-10-03 00:00:00,TSLA,16,0.06770833333333334
2025-10-04 00:00:00,TSLA,4,-0.29166666666666663
2025-10-05 00:00:00,TSLA,3,-0.25
2025-10-06 00:00:00,TSLA,14,0.16071428571428573
2025-10-07 00:00:00,TSLA,17,0.0784313725490196
2025-10-08 00:00:00,TSLA,10,0.15
2025-10-09 00:00:00,TSLA,16,0.02083333333333333
2025-10-10 00:00:00,TSLA,12,-0.03333333333333333
2025-10-12 00:00:00,TSLA,3,0.3333333333333333
2025-10-13 00:00:00,TSLA,22,0.12878787878787878
2025-10-14 00:00:00,TSLA,5,0.5266666666666666
2025-10-15 00:00:00,TSLA,9,0.2962962962962963
2025-10-16 00:00:00,TSLA,12,0.05555555555555555
2025-10-17 00:00:00,TSLA,11,-0.022727272727272728
2025-10-18 00:00:00,TSLA,3,0.0
2025-10-19 00:00:00,TSLA,4,0.16666666666666666
2025-10-20 00:00:00,TSLA,15,0.06111111111111111
2025-10-21 00:00:00,TSLA,5,0.0
2025-10-22 00:00:00,TSLA,31,0.017741935483870968
2025-10-23 00:00:00,TSLA,36,0.06481481481481483
2025-10-24 00:00:00,TSLA,14,0.1130952380952381
2025-10-25 00:00:00,TSLA,3,-0.16666666666666666
2025-10-26 00:00:00,TSLA,2,-0.25
2025-10-27 00:00:00,TSLA,12,0.1111111111111111
2025-10-28 00:00:00,TSLA,13,0.10256410256410256
2025-10-29 00:00:00,TSLA,13,0.1217948717948718
2025-10-30 00:00:00,TSLA,11,-0.015151515151515148
2025-10-31 00:00:00,TSLA,8,-0.0625
2025-11-01 00:00:00,TSLA,4,0.1875
2025-11-02 00:00:00,TSLA,4,0.16666666666666666
2025-11-03 00:00:00,TSLA,17,-0.013725490196078435
2025-11-04 00:00:00,TSLA,20,0.06916666666666667
2025-11-05 00:00:00,TSLA,10,0.05
2025-11-06 00:00:00,TSLA,11,0.030303030303030307
2025-11-07 00:00:00,TSLA,21,0.13492063492063494
2025-11-08 00:00:00,TSLA,8,-0.2708333333333333
2025-11-09 00:00:00,TSLA,3,0.16666666666666666
2025-11-10 00:00:00,TSLA,11,-0.045454545454545456
2025-11-11 00:00:00,TSLA,13,-0.09615384615384616
2025-11-12 00:00:00,TSLA,10,-0.15
2025-11-13 00:00:00,TSLA,19,-0.11403508771929824
2025-11-14 00:00:00,TSLA,15,-0.05
2025-11-15 00:00:00,TSLA,3,-0.16666666666666666
2025-11-16 00:00:00,TSLA,7,0.14285714285714285
2025-11-17 00:00:00,TSLA,20,0.1375
2025-11-18 00:00:00,TSLA,18,-0.06481481481481481
2025-11-19 00:00:00,TSLA,18,0.13558201058201058
2025-11-20 00:00:00,TSLA,12,0.13888888888888887
2025-11-21 00:00:00,TSLA,11,-0.09696969696969697
2025-11-22 00:00:00,TSLA,3,-0.38888888888888884
2025-11-23 00:00:00,TSLA,6,-4.625929269271485e-18
2025-11-24 00:00:00,TSLA,16,0.15416666666666667
2025-11-25 00:00:00,TSLA,17,0.1568627450980392
2025-11-26 00:00:00,TSLA,15,-0.1
2025-11-27 00:00:00,TSLA,3,0.0
2025-11-28 00:00:00,TSLA,9,0.24074074074074073
2025-11-29 00:00:00,TSLA,2,0.25
2025-11-30 00:00:00,TSLA,3,0.5555555555555555
2025-12-01 00:00:00,TSLA,16,-0.07291666666666667
2025-12-02 00:00:00,TSLA,16,0.034375
2025-12-03 00:00:00,TSLA,14,0.08333333333333333
2025-12-04 00:00:00,TSLA,11,-0.10606060606060605
2025-12-05 00:00:00,TSLA,11,0.030303030303030307
2025-12-06 00:00:00,TSLA,5,-0.2333333333333333
2025-12-07 00:00:00,TSLA,6,-0.25
2025-12-08 00:00:00,TSLA,17,0.017647058823529415
2024-08-01 00:00:00,VRT,1,0.5
2024-08-06 00:00:00,VRT,1,0.0
2024-08-07 00:00:00,VRT,2,0.3333333333333333
2024-08-08 00:00:00,VRT,1,0.0
2024-08-15 00:00:00,VRT,2,0.25
2024-08-18 00:00:00,VRT,1,0.0
2024-08-19 00:00:00,VRT,1,0.0
2024-08-22 00:00:00,VRT,1,0.0
2024-08-23 00:00:00,VRT,1,0.0
2024-08-27 00:00:00,VRT,1,0.0
2024-08-28 00:00:00,VRT,1,0.0
2024-09-05 00:00:00,VRT,1,0.0
2024-09-09 00:00:00,VRT,1,0.0
2024-09-10 00:00:00,VRT,1,0.0
2024-09-11 00:00:00,VRT,1,0.0
2024-09-15 00:00:00,VRT,1,0.6666666666666666
2024-09-18 00:00:00,VRT,2,-0.25
2024-09-20 00:00:00,VRT,2,0.0
2024-09-24 00:00:00,VRT,2,0.25
2024-09-25 00:00:00,VRT,1,0.0
2024-09-27 00:00:00,VRT,1,0.0
2024-09-30 00:00:00,VRT,1,0.0
2024-10-02 00:00:00,VRT,2,0.0
2024-10-07 00:00:00,VRT,4,0.29166666666666663
2024-10-09 00:00:00,VRT,1,0.0
2024-10-10 00:00:00,VRT,1,0.0
2024-10-14 00:00:00,VRT,2,0.3333333333333333
2024-10-15 00:00:00,VRT,2,0.25
2024-10-17 00:00:00,VRT,1,0.6666666666666666
2024-10-18 00:00:00,VRT,1,0.5
2024-10-22 00:00:00,VRT,1,0.0
2024-10-23 00:00:00,VRT,13,0.1282051282051282
2024-10-24 00:00:00,VRT,8,0.4375
2024-10-30 00:00:00,VRT,1,0.0
2024-11-13 00:00:00,VRT,2,0.0
2024-11-15 00:00:00,VRT,2,-0.25
2024-11-18 00:00:00,VRT,2,0.25
2024-11-19 00:00:00,VRT,8,0.5791666666666666
2024-11-20 00:00:00,VRT,2,0.25
2024-11-22 00:00:00,VRT,1,0.0
2024-11-25 00:00:00,VRT,1,0.0
2024-11-26 00:00:00,VRT,3,0.0
2024-12-01 00:00:00,VRT,1,0.0
2024-12-05 00:00:00,VRT,2,0.0
2024-12-06 00:00:00,VRT,2,0.0
2024-12-09 00:00:00,VRT,3,0.3333333333333333
2024-12-12 00:00:00,VRT,3,0.0
2024-12-13 00:00:00,VRT,1,0.0
2024-12-17 00:00:00,VRT,1,0.0
2024-12-20 00:00:00,VRT,2,0.0
2024-12-23 00:00:00,VRT,1,0.0
2024-12-25 00:00:00,VRT,1,0.0
2024-12-31 00:00:00,VRT,1,0.0
2025-01-01 00:00:00,VRT,1,0.0
2025-01-06 00:00:00,VRT,4,0.0
2025-01-13 00:00:00,VRT,1,0.0
2025-01-15 00:00:00,VRT,1,0.0
2025-01-17 00:00:00,VRT,2,0.25
2025-01-23 00:00:00,VRT,1,0.0
2025-01-24 00:00:00,VRT,1,0.0
2025-01-27 00:00:00,VRT,3,-0.2222222222222222
2025-01-28 00:00:00,VRT,3,-0.16666666666666666
2025-01-29 00:00:00,VRT,1,0.0
2025-01-30 00:00:00,VRT,1,0.0
2025-02-02 00:00:00,VRT,1,-0.5
2025-02-04 00:00:00,VRT,1,0.0
2025-02-05 00:00:00,VRT,1,0.0
2025-02-11 00:00:00,VRT,2,0.0
2025-02-12 00:00:00,VRT,10,0.09666666666666666
2025-02-13 00:00:00,VRT,4,0.0
2025-02-14 00:00:00,VRT,1,0.0
2025-02-18 00:00:00,VRT,1,0.0
2025-02-20 00:00:00,VRT,2,0.0
2025-02-21 00:00:00,VRT,1,0.0
2025-02-24 00:00:00,VRT,3,-0.2222222222222222
2025-03-03 00:00:00,VRT,4,0.0
2025-03-04 00:00:00,VRT,1,-0.8571428571428571
2025-03-05 00:00:00,VRT,1,0.0
2025-03-07 00:00:00,VRT,3,0.16666666666666666
2025-03-11 00:00:00,VRT,2,0.0
2025-03-14 00:00:00,VRT,1,0.0
2025-03-19 00:00:00,VRT,2,0.3333333333333333
2025-03-20 00:00:00,VRT,1,0.0
2025-03-24 00:00:00,VRT,2,0.0
2025-03-26 00:00:00,VRT,4,0.0
2025-04-04 00:00:00,VRT,1,0.0
2025-04-08 00:00:00,VRT,1,0.0
2025-04-10 00:00:00,VRT,2,0.0
2025-04-14 00:00:00,VRT,1,0.0
2025-04-15 00:00:00,VRT,1,0.0
2025-04-22 00:00:00,VRT,3,0.16666666666666666
2025-04-23 00:00:00,VRT,9,0.2222222222222222
2025-04-24 00:00:00,VRT,2,0.0
2025-04-27 00:00:00,VRT,1,0.75
2025-04-30 00:00:00,VRT,1,0.0
2025-05-01 00:00:00,VRT,2,0.0
2025-05-07 00:00:00,VRT,1,0.0
2025-05-13 00:00:00,VRT,1,0.75
2025-05-16 00:00:00,VRT,1,0.5
2025-05-19 00:00:00,VRT,3,0.16666666666666666
2025-05-21 00:00:00,VRT,1,0.0
2025-05-23 00:00:00,VRT,2,0.08333333333333331
2025-05-27 00:00:00,VRT,3,0.2222222222222222
2025-05-28 00:00:00,VRT,3,-0.16666666666666666
2025-05-29 00:00:00,VRT,1,0.0
2025-05-30 00:00:00,VRT,1,0.0
2025-06-03 00:00:00,VRT,1,0.0
2025-06-09 00:00:00,VRT,1,0.0
2025-06-10 00:00:00,VRT,1,0.5
2025-06-11 00:00:00,VRT,1,0.0
2025-06-16 00:00:00,VRT,3,0.16666666666666666
2025-06-17 00:00:00,VRT,1,0.5
2025-06-21 00:00:00,VRT,1,0.0
2025-06-23 00:00:00,VRT,1,0.0
2025-06-27 00:00:00,VRT,1,0.0
2025-07-01 00:00:00,VRT,1,0.0
2025-07-03 00:00:00,VRT,1,0.0
2025-07-07 00:00:00,VRT,1,0.0
2025-07-08 00:00:00,VRT,1,0.6666666666666666
2025-07-09 00:00:00,VRT,1,0.5
2025-07-10 00:00:00,VRT,2,0.0
2025-07-11 00:00:00,VRT,1,0.0
2025-07-16 00:00:00,VRT,3,0.2222222222222222
2025-07-17 00:00:00,VRT,5,0.3333333333333333
2025-07-21 00:00:00,VRT,1,0.0
2025-07-22 00:00:00,VRT,2,0.0
2025-07-23 00:00:00,VRT,3,0.16666666666666666
2025-07-24 00:00:00,VRT,1,0.0
2025-07-28 00:00:00,VRT,1,0.5
2025-07-29 00:00:00,VRT,4,0.125
2025-07-30 00:00:00,VRT,5,0.26666666666666666
2025-07-31 00:00:00,VRT,6,0.5555555555555555
2025-08-02 00:00:00,VRT,1,0.0
2025-08-05 00:00:00,VRT,1,0.0
2025-08-08 00:00:00,VRT,1,0.0
2025-08-12 00:00:00,VRT,1,0.0
2025-08-13 00:00:00,VRT,2,0.25
2025-08-14 00:00:00,VRT,1,0.0
2025-08-15 00:00:00,VRT,1,0.0
2025-08-19 00:00:00,VRT,3,0.16666666666666666
2025-08-22 00:00:00,VRT,2,0.0
2025-08-25 00:00:00,VRT,1,0.0
2025-08-26 00:00:00,VRT,1,0.5
2025-08-28 00:00:00,VRT,1,0.0
2025-09-02 00:00:00,VRT,1,0.0
2025-09-04 00:00:00,VRT,1,0.0
2025-09-08 00:00:00,VRT,2,0.0
2025-09-10 00:00:00,VRT,1,0.0
2025-09-17 00:00:00,VRT,1,0.0
2025-09-18 00:00:00,VRT,1,0.0
2025-09-19 00:00:00,VRT,2,-0.25
2025-09-23 00:00:00,VRT,1,0.0
2025-09-25 00:00:00,VRT,2,0.0
2025-09-30 00:00:00,VRT,2,0.0
2025-10-01 00:00:00,VRT,2,0.25
2025-10-02 00:00:00,VRT,1,0.5
2025-10-06 00:00:00,VRT,1,0.6666666666666666
2025-10-09 00:00:00,VRT,2,0.25
2025-10-10 00:00:00,VRT,1,0.0
2025-10-13 00:00:00,VRT,5,0.2
2025-10-14 00:00:00,VRT,1,0.6666666666666666
2025-10-15 00:00:00,VRT,2,0.25
2025-10-17 00:00:00,VRT,2,0.3333333333333333
2025-10-20 00:00:00,VRT,2,0.3333333333333333
2025-10-21 00:00:00,VRT,4,0.125
2025-10-22 00:00:00,VRT,9,0.31481481481481477
2025-10-23 00:00:00,VRT,11,0.4393939393939394
2025-10-24 00:00:00,VRT,1,0.0
2025-10-27 00:00:00,VRT,1,0.0
2025-10-28 00:00:00,VRT,3,0.0
2025-10-31 00:00:00,VRT,1,0.0
2025-11-03 00:00:00,VRT,2,0.0
2025-11-05 00:00:00,VRT,1,0.0
2025-11-07 00:00:00,VRT,1,0.0
2025-11-10 00:00:00,VRT,1,0.0
2025-11-12 00:00:00,VRT,2,0.0
2025-11-13 00:00:00,VRT,1,0.0
2025-11-17 00:00:00,VRT,1,0.0
2025-11-18 00:00:00,VRT,3,0.0
2025-11-19 00:00:00,VRT,1,0.0
2025-11-27 00:00:00,VRT,2,0.0
2025-11-28 00:00:00,VRT,1,0.0
2025-12-01 00:00:00,VRT,1,0.0
2025-12-08 00:00:00,VRT,4,0.125
2025-12-09 00:00:00,VRT,3,0.0
2025-12-10 00:00:00,VRT,1,0.0
2025-12-11 00:00:00,VRT,1,0.25
2025-12-12 00:00:00,VRT,2,0.0
2025-12-14 00:00:00,VRT,1,-0.6666666666666666
2025-12-15 00:00:00,VRT,3,0.0
2025-12-17 00:00:00,VRT,1,0.5
2025-12-19 00:00:00,VRT,1,0.0
2025-12-23 00:00:00,VRT,2,0.0
2026-01-01 00:00:00,VRT,1,0.0
2026-01-02 00:00:00,VRT,5,0.2333333333333333
2026-01-05 00:00:00,VRT,2,0.0
2026-01-08 00:00:00,VRT,2,0.0
2026-01-12 00:00:00,VRT,1,0.0
2026-01-14 00:00:00,VRT,1,0.0
2026-01-16 00:00:00,VRT,1,0.0
2026-01-19 00:00:00,VRT,1,0.5
2026-01-21 00:00:00,VRT,2,-0.08333333333333333
2026-01-26 00:00:00,VRT,1,0.0
2026-01-28 00:00:00,VRT,1,0.0
2026-01-30 00:00:00,VRT,1,0.0
2026-02-02 00:00:00,VRT,2,0.0
2026-02-09 00:00:00,VRT,3,0.16666666666666666
2026-02-10 00:00:00,VRT,2,0.0
2026-02-11 00:00:00,VRT,13,-0.03205128205128205
2026-02-12 00:00:00,VRT,5,0.4666666666666666
2026-02-15 00:00:00,VRT,1,0.75
2026-02-16 00:00:00,VRT,1,0.0
2026-02-17 00:00:00,VRT,1,0.0
2026-02-18 00:00:00,VRT,1,0.0
2026-02-19 00:00:00,VRT,1,0.0
2026-02-20 00:00:00,VRT,1,0.0
2026-02-24 00:00:00,VRT,2,0.0
2026-02-26 00:00:00,VRT,2,0.25
2026-02-27 00:00:00,VRT,1,0.0
2026-03-03 00:00:00,VRT,2,0.25
2026-03-04 00:00:00,VRT,1,0.0
2026-03-05 00:00:00,VRT,1,0.0
2026-03-06 00:00:00,VRT,1,0.0
2026-03-09 00:00:00,VRT,3,0.0
2026-03-16 00:00:00,VRT,2,0.0
2026-03-18 00:00:00,VRT,1,0.0
2026-03-19 00:00:00,VRT,1,0.0
2026-03-23 00:00:00,VRT,1,0.0
2026-03-24 00:00:00,VRT,2,0.5
2026-03-25 00:00:00,VRT,2,0.25
2026-03-30 00:00:00,VRT,2,0.0
2026-04-01 00:00:00,VRT,1,0.5
2026-04-03 00:00:00,VRT,1,0.0
2026-04-08 00:00:00,VRT,2,0.0
2026-04-10 00:00:00,VRT,1,0.0
2026-04-13 00:00:00,VRT,2,0.25
2026-04-14 00:00:00,VRT,3,0.3333333333333333
2026-04-17 00:00:00,VRT,1,0.75
2026-04-18 00:00:00,VRT,1,0.4
2026-04-22 00:00:00,VRT,11,0.22727272727272727
2026-04-23 00:00:00,VRT,7,0.3095238095238095
2026-04-24 00:00:00,VRT,2,-0.08333333333333331
2026-04-27 00:00:00,VRT,2,0.3333333333333333
2026-04-30 00:00:00,VRT,1,0.0
2026-05-01 00:00:00,VRT,1,0.0
2026-05-04 00:00:00,VRT,1,0.5
2026-05-06 00:00:00,VRT,1,0.0
2026-05-07 00:00:00,VRT,4,0.375
2026-05-08 00:00:00,VRT,1,0.0
2026-05-11 00:00:00,VRT,2,0.25
2026-05-12 00:00:00,VRT,1,0.6666666666666666
2026-05-13 00:00:00,VRT,1,-0.5
2026-05-14 00:00:00,VRT,2,0.0
2026-05-15 00:00:00,VRT,4,0.41666666666666663
2026-05-18 00:00:00,VRT,1,0.25
2026-05-19 00:00:00,VRT,2,0.0
2026-05-20 00:00:00,VRT,2,0.25
2026-05-21 00:00:00,VRT,2,0.0
2026-05-24 00:00:00,VRT,2,-0.375
2026-05-25 00:00:00,VRT,1,0.0
2026-05-26 00:00:00,VRT,1,0.0
2026-05-27 00:00:00,VRT,1,0.0
2026-05-29 00:00:00,VRT,1,0.0
2026-06-01 00:00:00,VRT,1,0.0
2026-06-03 00:00:00,VRT,2,0.0
2026-06-08 00:00:00,VRT,2,0.0
2026-06-09 00:00:00,VRT,1,0.0
2026-06-10 00:00:00,VRT,2,0.25
2026-06-11 00:00:00,VRT,1,0.0
2026-06-12 00:00:00,VRT,1,0.0
2026-06-17 00:00:00,VRT,1,0.0
2026-06-19 00:00:00,VRT,1,0.0
2026-06-22 00:00:00,VRT,1,0.0
2026-06-23 00:00:00,VRT,2,-0.3333333333333333
2026-06-24 00:00:00,VRT,1,0.0
2026-06-30 00:00:00,VRT,3,0.2222222222222222
2026-07-01 00:00:00,VRT,1,0.0
2026-07-03 00:00:00,VRT,1,0.0
2026-07-06 00:00:00,VRT,1,0.5
2026-07-07 00:00:00,VRT,1,0.0
2026-07-13 00:00:00,VRT,1,0.0
2026-07-14 00:00:00,VRT,2,0.0
2026-07-16 00:00:00,VRT,3,0.4166666666666667
2026-07-17 00:00:00,VRT,3,0.0
2026-07-20 00:00:00,VRT,2,0.0
2026-07-21 00:00:00,VRT,1,0.0
2026-07-23 00:00:00,VRT,3,0.16666666666666666
2026-07-26 00:00:00,VRT,1,0.0
2026-07-28 00:00:00,VRT,1,0.5
2026-07-29 00:00:00,VRT,7,0.36054421768707484
2026-07-30 00:00:00,VRT,3,0.16666666666666666
2026-07-31 00:00:00,VRT,2,0.0
2026-08-03 00:00:00,VRT,1,0.0
2026-08-04 00:00:00,VRT,2,-0.3333333333333333
2026-08-06 00:00:00,VRT,1,0.0
2026-08-07 00:00:00,VRT,1,0.5
2026-08-11 00:00:00,VRT,2,-0.25
2026-08-14 00:00:00,VRT,1,0.0
2026-08-20 00:00:00,VRT,1,0.0
2026-08-21 00:00:00,VRT,1,0.0
2026-09-01 00:00:00,VRT,1,-0.5
